Gene Symbol,p-value,FDR,Odd ratio,Number of interactions,microRNA 1,microRNA 2,microRNA 3,microRNA 4,microRNA 5,microRNA 6,microRNA 7,microRNA 8,microRNA 9,microRNA 10,microRNA 11
NACC1,0.00297,0.144,0.4,11,hsa-miR-6766-5p,hsa-miR-6756-5p,hsa-miR-6787-5p,hsa-miR-663a,hsa-miR-1233-5p,hsa-miR-197-5p,hsa-miR-3184-5p,hsa-miR-4728-5p,hsa-miR-6090,hsa-miR-6131,hsa-miR-6802-5p
NFIC,0.00805,0.237,0.43,10,hsa-miR-4690-5p,hsa-miR-6766-5p,hsa-miR-6756-5p,hsa-miR-4728-5p,hsa-miR-4687-5p,hsa-miR-1343-3p,hsa-miR-197-5p,hsa-miR-4532,hsa-miR-6805-5p,hsa-miR-92b-5p,
CALR,0.0000538,0.0226,0.203,9,hsa-miR-320a,hsa-miR-1343-3p,hsa-miR-6766-5p,hsa-miR-6756-5p,hsa-miR-4525,hsa-miR-4728-5p,hsa-miR-6787-5p,hsa-miR-663a,hsa-miR-4706,,
CDKN1A,0.0773,0.519,0.594,9,hsa-miR-6802-5p,hsa-miR-663a,hsa-miR-1233-5p,hsa-miR-4648,hsa-miR-4728-5p,hsa-miR-642b-3p,hsa-miR-6787-5p,hsa-miR-6805-5p,hsa-miR-4732-5p,,
SETD1B,0.000303,0.0472,0.253,9,hsa-miR-3940-5p,hsa-miR-4758-5p,hsa-miR-1238-5p,hsa-miR-4525,hsa-miR-6766-5p,hsa-miR-6756-5p,hsa-miR-6090,hsa-miR-1233-5p,hsa-miR-6746-5p,,
KHSRP,0.00237,0.129,0.336,9,hsa-miR-4728-5p,hsa-miR-1343-3p,hsa-miR-92b-5p,hsa-miR-6787-5p,hsa-miR-663a,hsa-miR-6805-5p,hsa-miR-1233-5p,hsa-miR-6766-5p,hsa-miR-6756-5p,,
SPRY4,0.000243,0.0453,0.246,9,hsa-miR-6787-5p,hsa-miR-663a,hsa-miR-3184-5p,hsa-miR-1233-5p,hsa-miR-4728-5p,hsa-miR-6090,hsa-miR-6746-5p,hsa-miR-6756-5p,hsa-miR-6766-5p,,
SCAMP4,0.000183,0.0409,0.237,9,hsa-miR-6787-5p,hsa-miR-663a,hsa-miR-4706,hsa-miR-4728-5p,hsa-miR-1228-5p,hsa-miR-1343-3p,hsa-miR-6756-5p,hsa-miR-6766-5p,hsa-miR-887-3p,,
SLC47A1,0.00000104,0.00348,0.105,8,hsa-miR-4730,hsa-miR-6787-5p,hsa-miR-663a,hsa-miR-4706,hsa-miR-1307-3p,hsa-miR-6784-5p,hsa-miR-4525,hsa-miR-4728-5p,,,
PKM,0.00338,0.147,0.323,8,hsa-miR-320a,hsa-miR-4525,hsa-miR-1238-5p,hsa-miR-4648,hsa-miR-4675,hsa-miR-4758-5p,hsa-miR-6756-5p,hsa-miR-6766-5p,,,
MNT,0.000233,0.0453,0.216,8,hsa-miR-4728-5p,hsa-miR-3184-5p,hsa-miR-92b-5p,hsa-miR-6766-5p,hsa-miR-6756-5p,hsa-miR-6090,hsa-miR-663a,hsa-miR-6787-5p,,,
ASB6,0.000901,0.0827,0.231,7,hsa-miR-4648,hsa-miR-4728-5p,hsa-miR-6787-5p,hsa-miR-663a,hsa-miR-4706,hsa-miR-320a,hsa-miR-1233-5p,,,,
ANKRD52,0.0047,0.174,0.307,7,hsa-miR-320a,hsa-miR-6787-5p,hsa-miR-663a,hsa-miR-1233-5p,hsa-miR-3184-5p,hsa-miR-4728-5p,hsa-miR-6090,,,,
CTDNEP1,0.000227,0.0453,0.185,7,hsa-miR-1233-5p,hsa-miR-6766-5p,hsa-miR-6756-5p,hsa-miR-4728-5p,hsa-miR-3184-5p,hsa-miR-6787-5p,hsa-miR-663a,,,,
NFIX,0.00432,0.171,0.302,7,hsa-miR-6756-5p,hsa-miR-6766-5p,hsa-miR-4728-5p,hsa-miR-4706,hsa-miR-3184-5p,hsa-miR-4525,hsa-miR-6746-5p,,,,
NPR1,0.00239,0.129,0.272,7,hsa-miR-320a,hsa-miR-1343-3p,hsa-miR-197-5p,hsa-miR-6131,hsa-miR-1228-5p,hsa-miR-4728-5p,hsa-miR-6746-5p,,,,
BCL2L1,0.0104,0.273,0.356,7,hsa-miR-575,hsa-miR-1233-5p,hsa-miR-197-5p,hsa-miR-4532,hsa-miR-4728-5p,hsa-miR-6756-5p,hsa-miR-6766-5p,,,,
MLLT1,0.0159,0.311,0.386,7,hsa-miR-4675,hsa-miR-4706,hsa-miR-4728-5p,hsa-miR-1233-5p,hsa-miR-6746-5p,hsa-miR-6756-5p,hsa-miR-6766-5p,,,,
SLC7A5,0.135,0.613,0.619,7,hsa-miR-663a,hsa-miR-8059,hsa-miR-4728-5p,hsa-miR-92b-5p,hsa-miR-4690-5p,hsa-miR-4706,hsa-miR-6787-5p,,,,
GATAD2A,0.00108,0.084,0.238,7,hsa-miR-4648,hsa-miR-92b-5p,hsa-miR-4525,hsa-miR-4706,hsa-miR-4787-5p,hsa-miR-663a,hsa-miR-6787-5p,,,,
SFN,0.000138,0.0373,0.171,7,hsa-miR-1307-3p,hsa-miR-4525,hsa-miR-663a,hsa-miR-6756-5p,hsa-miR-6766-5p,hsa-miR-6787-5p,hsa-miR-6805-5p,,,,
ARHGDIA,0.00674,0.216,0.328,7,hsa-miR-4783-3p,hsa-miR-1343-3p,hsa-miR-4525,hsa-miR-4787-5p,hsa-miR-663a,hsa-miR-6787-5p,hsa-miR-8073,,,,
ABL1,0.0000538,0.0226,0.148,7,hsa-miR-3184-5p,hsa-miR-1233-5p,hsa-miR-6090,hsa-miR-663a,hsa-miR-6787-5p,hsa-miR-6802-5p,hsa-miR-8073,,,,
SBF1,0.000309,0.0472,0.194,7,hsa-miR-320a,hsa-miR-4675,hsa-miR-4690-5p,hsa-miR-4706,hsa-miR-663a,hsa-miR-6787-5p,hsa-miR-92b-5p,,,,
CRISPLD2,0.0479,0.439,0.447,6,hsa-miR-1233-5p,hsa-miR-4728-5p,hsa-miR-6131,hsa-miR-4532,hsa-miR-1307-3p,hsa-miR-1203,,,,,
METTL14,0.00185,0.115,0.224,6,hsa-miR-1233-5p,hsa-miR-6766-5p,hsa-miR-6756-5p,hsa-miR-4728-5p,hsa-miR-1343-3p,hsa-miR-1307-3p,,,,,
ZNF385A,0.0154,0.311,0.345,6,hsa-miR-6756-5p,hsa-miR-6766-5p,hsa-miR-6787-5p,hsa-miR-663a,hsa-miR-6805-5p,hsa-miR-1307-3p,,,,,
UBE2Q1,0.000641,0.0673,0.183,6,hsa-miR-6802-5p,hsa-miR-4758-5p,hsa-miR-1238-5p,hsa-miR-6800-5p,hsa-miR-4648,hsa-miR-197-5p,,,,,
TP53,0.0166,0.311,0.35,6,hsa-miR-1233-5p,hsa-miR-6766-5p,hsa-miR-6756-5p,hsa-miR-4728-5p,hsa-miR-663a,hsa-miR-4276,,,,,
NEUROD2,0.000179,0.0409,0.145,6,hsa-miR-4728-5p,hsa-miR-6787-5p,hsa-miR-663a,hsa-miR-6805-5p,hsa-miR-6784-5p,hsa-miR-4532,,,,,
TPM3,0.0491,0.444,0.45,6,hsa-miR-4648,hsa-miR-6766-5p,hsa-miR-6756-5p,hsa-miR-6746-5p,hsa-miR-197-5p,hsa-miR-4687-5p,,,,,
LRRC58,0.0972,0.561,0.536,6,hsa-miR-1343-3p,hsa-miR-4525,hsa-miR-6131,hsa-miR-4732-5p,hsa-miR-4532,hsa-miR-4690-5p,,,,,
C3orf36,0.000545,0.0642,0.178,6,hsa-miR-3184-5p,hsa-miR-4758-5p,hsa-miR-1238-5p,hsa-miR-6787-5p,hsa-miR-663a,hsa-miR-4706,,,,,
YWHAZ,0.122,0.597,0.571,6,hsa-miR-6766-5p,hsa-miR-6756-5p,hsa-miR-320a,hsa-miR-1233-5p,hsa-miR-4648,hsa-miR-4728-5p,,,,,
HDGF,0.126,0.605,0.576,6,hsa-miR-6090,hsa-miR-6766-5p,hsa-miR-6756-5p,hsa-miR-1233-5p,hsa-miR-3184-5p,hsa-miR-4732-5p,,,,,
STMN3,0.000042,0.0226,0.113,6,hsa-miR-6766-5p,hsa-miR-6756-5p,hsa-miR-4525,hsa-miR-6787-5p,hsa-miR-663a,hsa-miR-4787-5p,,,,,
LSG1,0.000081,0.0302,0.127,6,hsa-miR-1233-5p,hsa-miR-1228-5p,hsa-miR-6766-5p,hsa-miR-6756-5p,hsa-miR-4728-5p,hsa-miR-575,,,,,
KMT2D,0.0503,0.45,0.452,6,hsa-miR-320a,hsa-miR-4525,hsa-miR-4706,hsa-miR-1233-5p,hsa-miR-4728-5p,hsa-miR-6090,,,,,
COX6B1,0.0722,0.519,0.496,6,hsa-miR-320a,hsa-miR-4690-5p,hsa-miR-1343-3p,hsa-miR-4728-5p,hsa-miR-4675,hsa-miR-6131,,,,,
H2AFX,0.000145,0.0373,0.14,6,hsa-miR-320a,hsa-miR-6090,hsa-miR-6787-5p,hsa-miR-663a,hsa-miR-4706,hsa-miR-6131,,,,,
ARHGAP31,0.000129,0.0373,0.137,6,hsa-miR-4730,hsa-miR-4728-5p,hsa-miR-663a,hsa-miR-6787-5p,hsa-miR-4706,hsa-miR-6131,,,,,
DSN1,0.0254,0.373,0.385,6,hsa-miR-4687-5p,hsa-miR-6766-5p,hsa-miR-6756-5p,hsa-miR-4728-5p,hsa-miR-4532,hsa-miR-6746-5p,,,,,
SRCIN1,0.00101,0.0827,0.199,6,hsa-miR-92b-5p,hsa-miR-4706,hsa-miR-4728-5p,hsa-miR-6787-5p,hsa-miR-663a,hsa-miR-6746-5p,,,,,
ADGRL1,0.00313,0.144,0.248,6,hsa-miR-1233-5p,hsa-miR-197-5p,hsa-miR-4675,hsa-miR-4728-5p,hsa-miR-6756-5p,hsa-miR-6766-5p,,,,,
RAB1B,0.00125,0.0891,0.207,6,hsa-miR-1233-5p,hsa-miR-4648,hsa-miR-4690-5p,hsa-miR-4728-5p,hsa-miR-6756-5p,hsa-miR-6766-5p,,,,,
CBX6,0.0422,0.427,0.434,6,hsa-miR-3184-5p,hsa-miR-1233-5p,hsa-miR-4728-5p,hsa-miR-6090,hsa-miR-6756-5p,hsa-miR-6766-5p,,,,,
ARL8A,0.00185,0.115,0.224,6,hsa-miR-4728-5p,hsa-miR-3184-5p,hsa-miR-1228-5p,hsa-miR-4706,hsa-miR-663a,hsa-miR-6787-5p,,,,,
PEX26,0.0634,0.491,0.479,6,hsa-miR-4675,hsa-miR-1307-3p,hsa-miR-4706,hsa-miR-4728-5p,hsa-miR-663a,hsa-miR-6787-5p,,,,,
ALDOA,0.0817,0.531,0.512,6,hsa-miR-6131,hsa-miR-4787-5p,hsa-miR-1233-5p,hsa-miR-4687-5p,hsa-miR-4728-5p,hsa-miR-6805-5p,,,,,
AHDC1,0.0000315,0.0226,0.108,6,hsa-miR-1233-5p,hsa-miR-3184-5p,hsa-miR-4728-5p,hsa-miR-6756-5p,hsa-miR-6766-5p,hsa-miR-6805-5p,,,,,
ABI2,0.0785,0.519,0.506,6,hsa-miR-6766-5p,hsa-miR-6756-5p,hsa-miR-4728-5p,hsa-miR-1233-5p,hsa-miR-4648,hsa-miR-8059,,,,,
CCNT1,0.00409,0.165,0.261,6,hsa-miR-6802-5p,hsa-miR-6800-5p,hsa-miR-6766-5p,hsa-miR-6756-5p,hsa-miR-1343-3p,hsa-miR-8073,,,,,
LARP1,0.019,0.328,0.361,6,hsa-miR-1343-3p,hsa-miR-3184-5p,hsa-miR-4687-5p,hsa-miR-6756-5p,hsa-miR-6766-5p,hsa-miR-92b-5p,,,,,
IP6K1,0.0638,0.492,0.436,5,hsa-miR-6766-5p,hsa-miR-6756-5p,hsa-miR-4728-5p,hsa-miR-4276,hsa-miR-1233-5p,,,,,,
ORAI2,0.261,0.7,0.692,5,hsa-miR-320a,hsa-miR-575,hsa-miR-6131,hsa-miR-4532,hsa-miR-1307-3p,,,,,,
SF3B3,0.119,0.597,0.527,5,hsa-miR-320a,hsa-miR-6766-5p,hsa-miR-6756-5p,hsa-miR-4525,hsa-miR-3184-5p,,,,,,
BARHL1,0.000802,0.077,0.152,5,hsa-miR-4675,hsa-miR-6787-5p,hsa-miR-663a,hsa-miR-4706,hsa-miR-3184-5p,,,,,,
ANKRD13B,0.000472,0.061,0.136,5,hsa-miR-6756-5p,hsa-miR-6766-5p,hsa-miR-4525,hsa-miR-4728-5p,hsa-miR-3184-5p,,,,,,
KCNK3,0.000726,0.0739,0.149,5,hsa-miR-1233-5p,hsa-miR-6766-5p,hsa-miR-6756-5p,hsa-miR-4728-5p,hsa-miR-3184-5p,,,,,,
CAPN15,0.0272,0.377,0.346,5,hsa-miR-320a,hsa-miR-6756-5p,hsa-miR-6766-5p,hsa-miR-4728-5p,hsa-miR-3184-5p,,,,,,
SYNGR1,0.00326,0.144,0.207,5,hsa-miR-1228-5p,hsa-miR-4728-5p,hsa-miR-6787-5p,hsa-miR-663a,hsa-miR-3184-5p,,,,,,
ONECUT3,0.0741,0.519,0.456,5,hsa-miR-1233-5p,hsa-miR-6766-5p,hsa-miR-6756-5p,hsa-miR-4728-5p,hsa-miR-4525,,,,,,
PDE4C,0.0272,0.377,0.346,5,hsa-miR-6787-5p,hsa-miR-663a,hsa-miR-4706,hsa-miR-1203,hsa-miR-4532,,,,,,
TPCN2,0.00227,0.128,0.191,5,hsa-miR-6756-5p,hsa-miR-6766-5p,hsa-miR-4728-5p,hsa-miR-1307-3p,hsa-miR-4532,,,,,,
PHLDA3,0.0393,0.415,0.381,5,hsa-miR-4525,hsa-miR-1307-3p,hsa-miR-4787-5p,hsa-miR-6131,hsa-miR-4532,,,,,,
RAB11B,0.00647,0.209,0.242,5,hsa-miR-4728-5p,hsa-miR-92b-5p,hsa-miR-6787-5p,hsa-miR-663a,hsa-miR-4532,,,,,,
NRGN,0.000589,0.0642,0.142,5,hsa-miR-4728-5p,hsa-miR-6787-5p,hsa-miR-663a,hsa-miR-1233-5p,hsa-miR-4648,,,,,,
TMEM50A,0.00165,0.107,0.178,5,hsa-miR-4525,hsa-miR-6756-5p,hsa-miR-6766-5p,hsa-miR-1233-5p,hsa-miR-4648,,,,,,
EIF5AL1,0.0358,0.396,0.372,5,hsa-miR-4758-5p,hsa-miR-1238-5p,hsa-miR-4728-5p,hsa-miR-3184-5p,hsa-miR-4675,,,,,,
SLC35C2,0.0144,0.311,0.294,5,hsa-miR-6766-5p,hsa-miR-6756-5p,hsa-miR-4525,hsa-miR-4675,hsa-miR-4687-5p,,,,,,
SUMO1,0.0485,0.441,0.404,5,hsa-miR-4276,hsa-miR-6766-5p,hsa-miR-6756-5p,hsa-miR-4525,hsa-miR-4728-5p,,,,,,
SUSD6,0.000374,0.0524,0.129,5,hsa-miR-1233-5p,hsa-miR-1343-3p,hsa-miR-4525,hsa-miR-4648,hsa-miR-4728-5p,,,,,,
MYADM,0.0282,0.377,0.349,5,hsa-miR-6787-5p,hsa-miR-663a,hsa-miR-4787-5p,hsa-miR-6131,hsa-miR-4728-5p,,,,,,
ZNF451,0.0796,0.52,0.465,5,hsa-miR-320a,hsa-miR-6787-5p,hsa-miR-663a,hsa-miR-6802-5p,hsa-miR-4728-5p,,,,,,
PTPRF,0.0138,0.311,0.291,5,hsa-miR-4525,hsa-miR-575,hsa-miR-4532,hsa-miR-4730,hsa-miR-4787-5p,,,,,,
MED28,0.227,0.697,0.656,5,hsa-miR-3184-5p,hsa-miR-4728-5p,hsa-miR-1343-3p,hsa-miR-4675,hsa-miR-575,,,,,,
MCFD2,0.0157,0.311,0.301,5,hsa-miR-8059,hsa-miR-1233-5p,hsa-miR-4648,hsa-miR-1238-5p,hsa-miR-6090,,,,,,
PRRC2B,0.0759,0.519,0.459,5,hsa-miR-6766-5p,hsa-miR-6756-5p,hsa-miR-4525,hsa-miR-3184-5p,hsa-miR-6090,,,,,,
HSP90AB1,0.00611,0.199,0.239,5,hsa-miR-320a,hsa-miR-1233-5p,hsa-miR-1238-5p,hsa-miR-4648,hsa-miR-6090,,,,,,
KDM6B,0.0574,0.474,0.423,5,hsa-miR-4706,hsa-miR-6746-5p,hsa-miR-1203,hsa-miR-4728-5p,hsa-miR-6090,,,,,,
AP2M1,0.00452,0.174,0.223,5,hsa-miR-6756-5p,hsa-miR-6766-5p,hsa-miR-4525,hsa-miR-4728-5p,hsa-miR-6090,,,,,,
ZNF556,0.0335,0.379,0.365,5,hsa-miR-4532,hsa-miR-575,hsa-miR-8073,hsa-miR-6787-5p,hsa-miR-663a,,,,,,
SNRPD1,0.0759,0.519,0.459,5,hsa-miR-642b-3p,hsa-miR-4728-5p,hsa-miR-1343-3p,hsa-miR-1307-3p,hsa-miR-6746-5p,,,,,,
ZNF207,0.0485,0.441,0.404,5,hsa-miR-1343-3p,hsa-miR-1233-5p,hsa-miR-4648,hsa-miR-1307-3p,hsa-miR-6746-5p,,,,,,
TLN1,0.0171,0.316,0.307,5,hsa-miR-6090,hsa-miR-197-5p,hsa-miR-4525,hsa-miR-6756-5p,hsa-miR-6766-5p,,,,,,
KMT2A,0.0313,0.377,0.359,5,hsa-miR-320a,hsa-miR-3184-5p,hsa-miR-4675,hsa-miR-6756-5p,hsa-miR-6766-5p,,,,,,
PTPN9,0.000589,0.0642,0.142,5,hsa-miR-320a,hsa-miR-197-5p,hsa-miR-4690-5p,hsa-miR-6756-5p,hsa-miR-6766-5p,,,,,,
YPEL2,0.000257,0.0454,0.12,5,hsa-miR-320a,hsa-miR-1233-5p,hsa-miR-4728-5p,hsa-miR-6756-5p,hsa-miR-6766-5p,,,,,,
LMNB2,0.316,0.708,0.747,5,hsa-miR-1343-3p,hsa-miR-3184-5p,hsa-miR-4728-5p,hsa-miR-6756-5p,hsa-miR-6766-5p,,,,,,
RPS6KA4,0.00611,0.199,0.239,5,hsa-miR-3184-5p,hsa-miR-4525,hsa-miR-4728-5p,hsa-miR-6756-5p,hsa-miR-6766-5p,,,,,,
SENP2,0.00481,0.174,0.226,5,hsa-miR-4525,hsa-miR-4706,hsa-miR-4728-5p,hsa-miR-6756-5p,hsa-miR-6766-5p,,,,,,
SMCR8,0.0621,0.49,0.433,5,hsa-miR-6131,hsa-miR-1233-5p,hsa-miR-6090,hsa-miR-6756-5p,hsa-miR-6766-5p,,,,,,
ZSWIM1,0.00481,0.174,0.226,5,hsa-miR-4690-5p,hsa-miR-642b-3p,hsa-miR-6746-5p,hsa-miR-6756-5p,hsa-miR-6766-5p,,,,,,
GDI1,0.00227,0.128,0.191,5,hsa-miR-4687-5p,hsa-miR-4525,hsa-miR-8059,hsa-miR-6756-5p,hsa-miR-6766-5p,,,,,,
UNK,0.0171,0.316,0.307,5,hsa-miR-6787-5p,hsa-miR-663a,hsa-miR-3184-5p,hsa-miR-4728-5p,hsa-miR-6784-5p,,,,,,
SELENON,0.0157,0.311,0.301,5,hsa-miR-1228-5p,hsa-miR-1233-5p,hsa-miR-6756-5p,hsa-miR-6766-5p,hsa-miR-6784-5p,,,,,,
ARHGAP39,0.0014,0.0958,0.171,5,hsa-miR-92b-5p,hsa-miR-4706,hsa-miR-4728-5p,hsa-miR-663a,hsa-miR-6787-5p,,,,,,
GIGYF1,0.382,0.721,0.811,5,hsa-miR-1233-5p,hsa-miR-663a,hsa-miR-6756-5p,hsa-miR-6766-5p,hsa-miR-6787-5p,,,,,,
MAFK,0.0335,0.379,0.365,5,hsa-miR-4706,hsa-miR-663a,hsa-miR-6756-5p,hsa-miR-6766-5p,hsa-miR-6787-5p,,,,,,
RHOB,0.0151,0.311,0.297,5,hsa-miR-4787-5p,hsa-miR-663a,hsa-miR-6756-5p,hsa-miR-6766-5p,hsa-miR-6787-5p,,,,,,
NUP62,0.00481,0.174,0.226,5,hsa-miR-6131,hsa-miR-1203,hsa-miR-6756-5p,hsa-miR-6766-5p,hsa-miR-6800-5p,,,,,,
ABHD12,0.000802,0.077,0.152,5,hsa-miR-320a,hsa-miR-4532,hsa-miR-4706,hsa-miR-6800-5p,hsa-miR-6802-5p,,,,,,
MSN,0.0282,0.377,0.349,5,hsa-miR-6746-5p,hsa-miR-6766-5p,hsa-miR-6756-5p,hsa-miR-6800-5p,hsa-miR-6802-5p,,,,,,
FURIN,0.00481,0.174,0.226,5,hsa-miR-1233-5p,hsa-miR-6766-5p,hsa-miR-6756-5p,hsa-miR-4728-5p,hsa-miR-6805-5p,,,,,,
PTPA,0.0157,0.311,0.301,5,hsa-miR-4525,hsa-miR-4675,hsa-miR-4728-5p,hsa-miR-6090,hsa-miR-6805-5p,,,,,,
ZNF787,0.000374,0.0524,0.129,5,hsa-miR-3184-5p,hsa-miR-4706,hsa-miR-663a,hsa-miR-6787-5p,hsa-miR-6805-5p,,,,,,
FBRS,0.0201,0.337,0.32,5,hsa-miR-1343-3p,hsa-miR-4525,hsa-miR-4675,hsa-miR-6784-5p,hsa-miR-887-3p,,,,,,
AGO2,0.543,0.761,0.97,5,hsa-miR-3940-5p,hsa-miR-4525,hsa-miR-4728-5p,hsa-miR-1343-3p,hsa-miR-92b-5p,,,,,,
GNAI2,0.000974,0.0827,0.158,5,hsa-miR-6787-5p,hsa-miR-6090,hsa-miR-663a,hsa-miR-4706,hsa-miR-92b-5p,,,,,,
HCFC1,0.00194,0.117,0.184,5,hsa-miR-1228-5p,hsa-miR-6766-5p,hsa-miR-6756-5p,hsa-miR-4706,hsa-miR-92b-5p,,,,,,
NPLOC4,0.0178,0.317,0.31,5,hsa-miR-320a,hsa-miR-1233-5p,hsa-miR-4648,hsa-miR-4728-5p,hsa-miR-92b-5p,,,,,,
PIAS4,0.00192,0.117,0.137,4,hsa-miR-1307-3p,hsa-miR-6787-5p,hsa-miR-663a,hsa-miR-1203,,,,,,,
ZNF652,0.208,0.694,0.59,4,hsa-miR-4758-5p,hsa-miR-1238-5p,hsa-miR-1307-3p,hsa-miR-1228-5p,,,,,,,
HIST1H2BO,0.000496,0.0617,0.097,4,hsa-miR-92b-5p,hsa-miR-320a,hsa-miR-4758-5p,hsa-miR-1238-5p,,,,,,,
HIST1H2BL,0.000121,0.0373,0.0687,4,hsa-miR-320a,hsa-miR-3940-5p,hsa-miR-4758-5p,hsa-miR-1238-5p,,,,,,,
DNAH17,0.0085,0.239,0.206,4,hsa-miR-4728-5p,hsa-miR-8073,hsa-miR-4758-5p,hsa-miR-1238-5p,,,,,,,
CNKSR3,0.184,0.674,0.562,4,hsa-miR-575,hsa-miR-1343-3p,hsa-miR-6784-5p,hsa-miR-1307-3p,,,,,,,
TSPAN14,0.0384,0.415,0.323,4,hsa-miR-4758-5p,hsa-miR-1238-5p,hsa-miR-1307-3p,hsa-miR-1343-3p,,,,,,,
RAB15,0.061,0.49,0.376,4,hsa-miR-6756-5p,hsa-miR-6766-5p,hsa-miR-4525,hsa-miR-1343-3p,,,,,,,
RABGAP1L,0.0498,0.45,0.351,4,hsa-miR-6802-5p,hsa-miR-6800-5p,hsa-miR-6131,hsa-miR-1343-3p,,,,,,,
DHTKD1,0.0238,0.354,0.279,4,hsa-miR-1228-5p,hsa-miR-6787-5p,hsa-miR-663a,hsa-miR-1343-3p,,,,,,,
NAV1,0.0943,0.549,0.436,4,hsa-miR-3184-5p,hsa-miR-4728-5p,hsa-miR-6756-5p,hsa-miR-1343-3p,,,,,,,
ANP32B,0.034,0.381,0.311,4,hsa-miR-320a,hsa-miR-6766-5p,hsa-miR-6756-5p,hsa-miR-1343-3p,,,,,,,
YWHAE,0.135,0.613,0.497,4,hsa-miR-320a,hsa-miR-4276,hsa-miR-1233-5p,hsa-miR-3184-5p,,,,,,,
CLCN7,0.00135,0.0946,0.125,4,hsa-miR-6787-5p,hsa-miR-663a,hsa-miR-4706,hsa-miR-3184-5p,,,,,,,
MIDN,0.474,0.743,0.881,4,hsa-miR-8059,hsa-miR-6756-5p,hsa-miR-6766-5p,hsa-miR-3184-5p,,,,,,,
BAK1,0.0238,0.354,0.279,4,hsa-miR-3940-5p,hsa-miR-6090,hsa-miR-8073,hsa-miR-3184-5p,,,,,,,
HMGB1,0.297,0.707,0.691,4,hsa-miR-642b-3p,hsa-miR-1307-3p,hsa-miR-4532,hsa-miR-320a,,,,,,,
GDE1,0.521,0.756,0.933,4,hsa-miR-4675,hsa-miR-1343-3p,hsa-miR-3184-5p,hsa-miR-4276,,,,,,,
TNRC6A,0.361,0.717,0.76,4,hsa-miR-320a,hsa-miR-6766-5p,hsa-miR-6756-5p,hsa-miR-4276,,,,,,,
UBTF,0.0516,0.454,0.356,4,hsa-miR-6766-5p,hsa-miR-6756-5p,hsa-miR-1233-5p,hsa-miR-4525,,,,,,,
TAOK1,0.507,0.752,0.917,4,hsa-miR-6756-5p,hsa-miR-6766-5p,hsa-miR-197-5p,hsa-miR-4525,,,,,,,
TOR4A,0.0274,0.377,0.291,4,hsa-miR-6787-5p,hsa-miR-663a,hsa-miR-4706,hsa-miR-4525,,,,,,,
STK4,0.264,0.7,0.654,4,hsa-miR-1233-5p,hsa-miR-4648,hsa-miR-4728-5p,hsa-miR-4525,,,,,,,
PRELP,0.00322,0.144,0.158,4,hsa-miR-6805-5p,hsa-miR-6766-5p,hsa-miR-6756-5p,hsa-miR-4525,,,,,,,
POU3F1,0.00322,0.144,0.158,4,hsa-miR-6787-5p,hsa-miR-663a,hsa-miR-4787-5p,hsa-miR-4532,,,,,,,
VAV3,0.275,0.7,0.667,4,hsa-miR-6787-5p,hsa-miR-663a,hsa-miR-6784-5p,hsa-miR-4532,,,,,,,
MEF2D,0.171,0.66,0.545,4,hsa-miR-320a,hsa-miR-575,hsa-miR-642b-3p,hsa-miR-4648,,,,,,,
PRRT2,0.0262,0.377,0.287,4,hsa-miR-6766-5p,hsa-miR-6756-5p,hsa-miR-4728-5p,hsa-miR-4675,,,,,,,
HOXB8,0.00119,0.087,0.121,4,hsa-miR-320a,hsa-miR-6787-5p,hsa-miR-663a,hsa-miR-4687-5p,,,,,,,
SLC1A5,0.309,0.708,0.703,4,hsa-miR-3940-5p,hsa-miR-1307-3p,hsa-miR-4728-5p,hsa-miR-4690-5p,,,,,,,
THSD4,0.0118,0.302,0.226,4,hsa-miR-4525,hsa-miR-6787-5p,hsa-miR-663a,hsa-miR-4706,,,,,,,
SEMA3F,0.00119,0.087,0.121,4,hsa-miR-4728-5p,hsa-miR-6787-5p,hsa-miR-663a,hsa-miR-4706,,,,,,,
C12orf49,0.126,0.605,0.485,4,hsa-miR-6131,hsa-miR-6787-5p,hsa-miR-663a,hsa-miR-4706,,,,,,,
CDH7,0.0516,0.454,0.356,4,hsa-miR-6787-5p,hsa-miR-663a,hsa-miR-1203,hsa-miR-4728-5p,,,,,,,
PLXND1,0.0692,0.511,0.392,4,hsa-miR-3184-5p,hsa-miR-4675,hsa-miR-1233-5p,hsa-miR-4728-5p,,,,,,,
DNAJC8,0.0186,0.325,0.259,4,hsa-miR-4276,hsa-miR-4690-5p,hsa-miR-1233-5p,hsa-miR-4728-5p,,,,,,,
YY1,0.261,0.7,0.65,4,hsa-miR-4532,hsa-miR-4758-5p,hsa-miR-1238-5p,hsa-miR-4728-5p,,,,,,,
SAR1A,0.204,0.686,0.586,4,hsa-miR-1343-3p,hsa-miR-8073,hsa-miR-197-5p,hsa-miR-4728-5p,,,,,,,
PSMD11,0.0176,0.317,0.255,4,hsa-miR-320a,hsa-miR-1233-5p,hsa-miR-3184-5p,hsa-miR-4728-5p,,,,,,,
PGAM1,0.0354,0.394,0.315,4,hsa-miR-1233-5p,hsa-miR-1343-3p,hsa-miR-3184-5p,hsa-miR-4728-5p,,,,,,,
BICDL1,0.0186,0.325,0.259,4,hsa-miR-6766-5p,hsa-miR-6756-5p,hsa-miR-3184-5p,hsa-miR-4728-5p,,,,,,,
DLGAP3,0.0091,0.248,0.21,4,hsa-miR-6766-5p,hsa-miR-6756-5p,hsa-miR-4525,hsa-miR-4728-5p,,,,,,,
FOXK1,0.615,0.777,1.05,4,hsa-miR-1307-3p,hsa-miR-3184-5p,hsa-miR-4675,hsa-miR-4728-5p,,,,,,,
BTF3L4,0.168,0.658,0.541,4,hsa-miR-1343-3p,hsa-miR-197-5p,hsa-miR-4706,hsa-miR-4728-5p,,,,,,,
GRWD1,0.0313,0.377,0.303,4,hsa-miR-320a,hsa-miR-4525,hsa-miR-575,hsa-miR-4728-5p,,,,,,,
ARPC3,0.00322,0.144,0.158,4,hsa-miR-6766-5p,hsa-miR-1233-5p,hsa-miR-6756-5p,hsa-miR-4728-5p,,,,,,,
CYP2W1,0.0118,0.302,0.226,4,hsa-miR-1233-5p,hsa-miR-6766-5p,hsa-miR-6756-5p,hsa-miR-4728-5p,,,,,,,
TMEM167A,0.132,0.613,0.493,4,hsa-miR-1233-5p,hsa-miR-6766-5p,hsa-miR-6756-5p,hsa-miR-4728-5p,,,,,,,
TRIM44,0.0206,0.337,0.267,4,hsa-miR-1343-3p,hsa-miR-6766-5p,hsa-miR-6756-5p,hsa-miR-4728-5p,,,,,,,
COL4A3BP,0.0481,0.439,0.347,4,hsa-miR-4276,hsa-miR-6766-5p,hsa-miR-6756-5p,hsa-miR-4728-5p,,,,,,,
PNPLA6,0.0238,0.354,0.279,4,hsa-miR-1233-5p,hsa-miR-6756-5p,hsa-miR-6766-5p,hsa-miR-4728-5p,,,,,,,
SPATA2,0.146,0.631,0.513,4,hsa-miR-3184-5p,hsa-miR-887-3p,hsa-miR-6805-5p,hsa-miR-4728-5p,,,,,,,
PRICKLE1,0.034,0.381,0.311,4,hsa-miR-1233-5p,hsa-miR-4648,hsa-miR-92b-5p,hsa-miR-4728-5p,,,,,,,
PTGES2,0.0167,0.311,0.25,4,hsa-miR-8059,hsa-miR-4532,hsa-miR-4728-5p,hsa-miR-4732-5p,,,,,,,
NF2,0.0847,0.539,0.42,4,hsa-miR-3184-5p,hsa-miR-1228-5p,hsa-miR-4690-5p,hsa-miR-4783-3p,,,,,,,
JADE2,0.0091,0.248,0.21,4,hsa-miR-4525,hsa-miR-663a,hsa-miR-6787-5p,hsa-miR-575,,,,,,,
REPIN1,0.025,0.368,0.283,4,hsa-miR-320a,hsa-miR-1233-5p,hsa-miR-6805-5p,hsa-miR-575,,,,,,,
NDOR1,0.00215,0.126,0.141,4,hsa-miR-6766-5p,hsa-miR-6756-5p,hsa-miR-4525,hsa-miR-6090,,,,,,,
E2F6,0.0399,0.415,0.327,4,hsa-miR-6766-5p,hsa-miR-1233-5p,hsa-miR-4648,hsa-miR-6090,,,,,,,
LIMD1,0.0481,0.439,0.347,4,hsa-miR-1233-5p,hsa-miR-6766-5p,hsa-miR-6756-5p,hsa-miR-6090,,,,,,,
FXN,0.102,0.568,0.448,4,hsa-miR-6787-5p,hsa-miR-663a,hsa-miR-1307-3p,hsa-miR-6131,,,,,,,
TRIM65,0.112,0.583,0.465,4,hsa-miR-1233-5p,hsa-miR-4728-5p,hsa-miR-1343-3p,hsa-miR-6131,,,,,,,
NAA50,0.162,0.647,0.533,4,hsa-miR-6756-5p,hsa-miR-6766-5p,hsa-miR-4525,hsa-miR-6131,,,,,,,
TMEM184B,0.0756,0.519,0.404,4,hsa-miR-3184-5p,hsa-miR-4525,hsa-miR-4706,hsa-miR-6131,,,,,,,
CRCP,0.384,0.721,0.784,4,hsa-miR-575,hsa-miR-4532,hsa-miR-4728-5p,hsa-miR-6131,,,,,,,
PMPCA,0.0326,0.377,0.307,4,hsa-miR-6766-5p,hsa-miR-6756-5p,hsa-miR-4728-5p,hsa-miR-6131,,,,,,,
TNRC6B,0.411,0.73,0.812,4,hsa-miR-320a,hsa-miR-6756-5p,hsa-miR-6766-5p,hsa-miR-6131,,,,,,,
AFG1L,0.0000266,0.0226,0.0485,4,hsa-miR-1228-5p,hsa-miR-4730,hsa-miR-6787-5p,hsa-miR-663a,,,,,,,
PCGF3,0.0447,0.438,0.339,4,hsa-miR-6766-5p,hsa-miR-6756-5p,hsa-miR-6787-5p,hsa-miR-663a,,,,,,,
LDLR,0.283,0.705,0.675,4,hsa-miR-4532,hsa-miR-1307-3p,hsa-miR-197-5p,hsa-miR-6746-5p,,,,,,,
FBXW8,0.0572,0.474,0.368,4,hsa-miR-4728-5p,hsa-miR-1343-3p,hsa-miR-4675,hsa-miR-6746-5p,,,,,,,
EXOSC2,0.171,0.66,0.545,4,hsa-miR-1238-5p,hsa-miR-4758-5p,hsa-miR-4728-5p,hsa-miR-6746-5p,,,,,,,
PPP6R1,0.065,0.495,0.384,4,hsa-miR-3940-5p,hsa-miR-6766-5p,hsa-miR-6756-5p,hsa-miR-6746-5p,,,,,,,
RNASEK,0.0000179,0.0226,0.0444,4,hsa-miR-92b-5p,hsa-miR-6766-5p,hsa-miR-4648,hsa-miR-6756-5p,,,,,,,
CHST12,0.000911,0.0827,0.113,4,hsa-miR-4728-5p,hsa-miR-1228-5p,hsa-miR-6766-5p,hsa-miR-6756-5p,,,,,,,
HIST1H1E,0.00461,0.174,0.174,4,hsa-miR-320a,hsa-miR-3940-5p,hsa-miR-6766-5p,hsa-miR-6756-5p,,,,,,,
HIST1H3B,0.0091,0.248,0.21,4,hsa-miR-320a,hsa-miR-3940-5p,hsa-miR-6766-5p,hsa-miR-6756-5p,,,,,,,
ZNF703,0.112,0.583,0.465,4,hsa-miR-1233-5p,hsa-miR-4648,hsa-miR-6766-5p,hsa-miR-6756-5p,,,,,,,
TOB2,0.0734,0.519,0.4,4,hsa-miR-320a,hsa-miR-4732-5p,hsa-miR-6766-5p,hsa-miR-6756-5p,,,,,,,
CNNM4,0.034,0.381,0.311,4,hsa-miR-575,hsa-miR-1203,hsa-miR-6756-5p,hsa-miR-6766-5p,,,,,,,
C22orf39,0.00501,0.175,0.178,4,hsa-miR-6131,hsa-miR-3184-5p,hsa-miR-6756-5p,hsa-miR-6766-5p,,,,,,,
MPP2,0.0206,0.337,0.267,4,hsa-miR-642b-3p,hsa-miR-4525,hsa-miR-6756-5p,hsa-miR-6766-5p,,,,,,,
ATG9A,0.063,0.49,0.38,4,hsa-miR-3184-5p,hsa-miR-4648,hsa-miR-6756-5p,hsa-miR-6766-5p,,,,,,,
NUCB1,0.0553,0.468,0.364,4,hsa-miR-6131,hsa-miR-4648,hsa-miR-6756-5p,hsa-miR-6766-5p,,,,,,,
ADRM1,0.00737,0.227,0.198,4,hsa-miR-1233-5p,hsa-miR-4728-5p,hsa-miR-6756-5p,hsa-miR-6766-5p,,,,,,,
HOXB6,0.0313,0.377,0.303,4,hsa-miR-1233-5p,hsa-miR-4728-5p,hsa-miR-6756-5p,hsa-miR-6766-5p,,,,,,,
CLPB,0.156,0.644,0.525,4,hsa-miR-4525,hsa-miR-4728-5p,hsa-miR-6756-5p,hsa-miR-6766-5p,,,,,,,
SPSB1,0.00543,0.185,0.182,4,hsa-miR-1233-5p,hsa-miR-4787-5p,hsa-miR-6756-5p,hsa-miR-6766-5p,,,,,,,
MAPKAPK2,0.00792,0.236,0.202,4,hsa-miR-1233-5p,hsa-miR-6090,hsa-miR-6756-5p,hsa-miR-6766-5p,,,,,,,
C16orf58,0.118,0.597,0.473,4,hsa-miR-1233-5p,hsa-miR-6090,hsa-miR-6756-5p,hsa-miR-6766-5p,,,,,,,
PLEKHM1,0.0824,0.532,0.416,4,hsa-miR-4525,hsa-miR-6131,hsa-miR-6756-5p,hsa-miR-6766-5p,,,,,,,
RHOF,0.0125,0.311,0.23,4,hsa-miR-4728-5p,hsa-miR-6131,hsa-miR-6756-5p,hsa-miR-6766-5p,,,,,,,
CNBP,0.396,0.725,0.796,4,hsa-miR-4728-5p,hsa-miR-92b-5p,hsa-miR-6756-5p,hsa-miR-6766-5p,,,,,,,
CASZ1,0.00322,0.144,0.158,4,hsa-miR-4728-5p,hsa-miR-4706,hsa-miR-3184-5p,hsa-miR-6784-5p,,,,,,,
CASTOR2,0.272,0.7,0.663,4,hsa-miR-4687-5p,hsa-miR-8059,hsa-miR-4525,hsa-miR-6784-5p,,,,,,,
C10orf55,0.00104,0.0835,0.117,4,hsa-miR-4728-5p,hsa-miR-3184-5p,hsa-miR-6746-5p,hsa-miR-6784-5p,,,,,,,
CASP16P,0.0431,0.432,0.335,4,hsa-miR-4648,hsa-miR-6766-5p,hsa-miR-6756-5p,hsa-miR-6784-5p,,,,,,,
MICAL2,0.0149,0.311,0.242,4,hsa-miR-4730,hsa-miR-197-5p,hsa-miR-663a,hsa-miR-6787-5p,,,,,,,
PBX2,0.00119,0.087,0.121,4,hsa-miR-1203,hsa-miR-3184-5p,hsa-miR-663a,hsa-miR-6787-5p,,,,,,,
SBK1,0.0287,0.377,0.295,4,hsa-miR-3184-5p,hsa-miR-4706,hsa-miR-663a,hsa-miR-6787-5p,,,,,,,
AKT1S1,0.0125,0.311,0.23,4,hsa-miR-4675,hsa-miR-4706,hsa-miR-663a,hsa-miR-6787-5p,,,,,,,
ZCCHC3,0.0553,0.468,0.364,4,hsa-miR-4728-5p,hsa-miR-4706,hsa-miR-663a,hsa-miR-6787-5p,,,,,,,
ZNF516,0.0313,0.377,0.303,4,hsa-miR-575,hsa-miR-4706,hsa-miR-663a,hsa-miR-6787-5p,,,,,,,
MRPL44,0.0104,0.273,0.218,4,hsa-miR-4706,hsa-miR-4728-5p,hsa-miR-663a,hsa-miR-6787-5p,,,,,,,
IDE,0.00792,0.236,0.202,4,hsa-miR-6131,hsa-miR-4787-5p,hsa-miR-663a,hsa-miR-6787-5p,,,,,,,
C10orf95,0.000038,0.0226,0.0525,4,hsa-miR-4787-5p,hsa-miR-6090,hsa-miR-663a,hsa-miR-6787-5p,,,,,,,
TOMM40,0.0167,0.311,0.25,4,hsa-miR-6131,hsa-miR-8073,hsa-miR-663a,hsa-miR-6787-5p,,,,,,,
HOXA7,0.00501,0.175,0.178,4,hsa-miR-197-5p,hsa-miR-6756-5p,hsa-miR-6766-5p,hsa-miR-6800-5p,,,,,,,
SERBP1,0.132,0.613,0.493,4,hsa-miR-4525,hsa-miR-8059,hsa-miR-6802-5p,hsa-miR-6800-5p,,,,,,,
GPRC5A,0.129,0.609,0.489,4,hsa-miR-6746-5p,hsa-miR-1233-5p,hsa-miR-4728-5p,hsa-miR-6802-5p,,,,,,,
SOX12,0.00322,0.144,0.158,4,hsa-miR-6766-5p,hsa-miR-6756-5p,hsa-miR-3184-5p,hsa-miR-6805-5p,,,,,,,
DDA1,0.0553,0.468,0.364,4,hsa-miR-6766-5p,hsa-miR-6756-5p,hsa-miR-4525,hsa-miR-6805-5p,,,,,,,
OTUB1,0.00543,0.185,0.182,4,hsa-miR-6787-5p,hsa-miR-663a,hsa-miR-4706,hsa-miR-6805-5p,,,,,,,
FSCN1,0.0734,0.519,0.4,4,hsa-miR-6787-5p,hsa-miR-663a,hsa-miR-4706,hsa-miR-6805-5p,,,,,,,
PRR12,0.00423,0.169,0.17,4,hsa-miR-320a,hsa-miR-1233-5p,hsa-miR-4728-5p,hsa-miR-6805-5p,,,,,,,
WARS,0.00322,0.144,0.158,4,hsa-miR-320a,hsa-miR-4675,hsa-miR-4728-5p,hsa-miR-6805-5p,,,,,,,
DNLZ,0.00387,0.159,0.166,4,hsa-miR-6766-5p,hsa-miR-6756-5p,hsa-miR-4728-5p,hsa-miR-6805-5p,,,,,,,
EVI5L,0.0085,0.239,0.206,4,hsa-miR-3184-5p,hsa-miR-6787-5p,hsa-miR-663a,hsa-miR-6805-5p,,,,,,,
RNF40,0.065,0.495,0.384,4,hsa-miR-4525,hsa-miR-6756-5p,hsa-miR-6766-5p,hsa-miR-6805-5p,,,,,,,
JARID2,0.0326,0.377,0.307,4,hsa-miR-4276,hsa-miR-1343-3p,hsa-miR-197-5p,hsa-miR-8073,,,,,,,
GRB2,0.0671,0.509,0.388,4,hsa-miR-6787-5p,hsa-miR-663a,hsa-miR-4706,hsa-miR-8073,,,,,,,
KLHDC10,0.138,0.614,0.501,4,hsa-miR-1233-5p,hsa-miR-4648,hsa-miR-4728-5p,hsa-miR-8073,,,,,,,
REXO1,0.0756,0.519,0.404,4,hsa-miR-6766-5p,hsa-miR-6756-5p,hsa-miR-1203,hsa-miR-92b-5p,,,,,,,
CDCA4,0.102,0.568,0.448,4,hsa-miR-4758-5p,hsa-miR-4648,hsa-miR-1238-5p,hsa-miR-92b-5p,,,,,,,
B3GALNT2,0.0227,0.354,0.275,4,hsa-miR-6766-5p,hsa-miR-6756-5p,hsa-miR-4525,hsa-miR-92b-5p,,,,,,,
IFFO2,0.0085,0.239,0.206,4,hsa-miR-320a,hsa-miR-4728-5p,hsa-miR-4648,hsa-miR-92b-5p,,,,,,,
SOCS7,0.221,0.697,0.606,4,hsa-miR-4532,hsa-miR-4648,hsa-miR-4690-5p,hsa-miR-92b-5p,,,,,,,
CSK,0.00153,0.103,0.129,4,hsa-miR-1233-5p,hsa-miR-663a,hsa-miR-6787-5p,hsa-miR-92b-5p,,,,,,,
NUBP1,0.00488,0.174,0.119,3,hsa-miR-4732-5p,hsa-miR-6131,hsa-miR-1203,,,,,,,,
PDGFRA,0.074,0.519,0.329,3,hsa-miR-4728-5p,hsa-miR-6746-5p,hsa-miR-1233-5p,,,,,,,,
PARP2,0.279,0.7,0.614,3,hsa-miR-6131,hsa-miR-6746-5p,hsa-miR-1233-5p,,,,,,,,
HIST1H2BE,0.00318,0.144,0.102,3,hsa-miR-3940-5p,hsa-miR-4758-5p,hsa-miR-1238-5p,,,,,,,,
MEIS3P1,0.0224,0.351,0.205,3,hsa-miR-3940-5p,hsa-miR-4758-5p,hsa-miR-1238-5p,,,,,,,,
SLC10A6,0.253,0.7,0.582,3,hsa-miR-4728-5p,hsa-miR-1343-3p,hsa-miR-1307-3p,,,,,,,,
SLC35E1,0.0655,0.498,0.312,3,hsa-miR-4525,hsa-miR-4532,hsa-miR-1307-3p,,,,,,,,
RAB10,0.244,0.7,0.571,3,hsa-miR-1233-5p,hsa-miR-4648,hsa-miR-1307-3p,,,,,,,,
MAPK1,0.577,0.768,0.986,3,hsa-miR-320a,hsa-miR-4675,hsa-miR-1307-3p,,,,,,,,
WASF2,0.279,0.7,0.614,3,hsa-miR-3184-5p,hsa-miR-4690-5p,hsa-miR-1307-3p,,,,,,,,
MAVS,0.168,0.658,0.474,3,hsa-miR-4728-5p,hsa-miR-575,hsa-miR-1307-3p,,,,,,,,
GMDS,0.00971,0.259,0.151,3,hsa-miR-6787-5p,hsa-miR-663a,hsa-miR-1307-3p,,,,,,,,
VPS18,0.0328,0.377,0.237,3,hsa-miR-6787-5p,hsa-miR-663a,hsa-miR-1307-3p,,,,,,,,
THBS2,0.141,0.622,0.436,3,hsa-miR-6787-5p,hsa-miR-663a,hsa-miR-1307-3p,,,,,,,,
GATA6,0.663,0.787,1.12,3,hsa-miR-4728-5p,hsa-miR-6746-5p,hsa-miR-1307-3p,,,,,,,,
RNF11,0.449,0.737,0.819,3,hsa-miR-6766-5p,hsa-miR-6756-5p,hsa-miR-1307-3p,,,,,,,,
ERC1,0.0987,0.561,0.372,3,hsa-miR-320a,hsa-miR-6805-5p,hsa-miR-1307-3p,,,,,,,,
SLC43A2,0.102,0.568,0.377,3,hsa-miR-4532,hsa-miR-1307-3p,hsa-miR-1343-3p,,,,,,,,
MTRF1L,0.089,0.544,0.356,3,hsa-miR-6802-5p,hsa-miR-3184-5p,hsa-miR-1343-3p,,,,,,,,
FYTTD1,0.176,0.66,0.485,3,hsa-miR-4276,hsa-miR-4728-5p,hsa-miR-1343-3p,,,,,,,,
TRUB2,0.306,0.708,0.646,3,hsa-miR-4732-5p,hsa-miR-4728-5p,hsa-miR-1343-3p,,,,,,,,
HAUS3,0.383,0.721,0.738,3,hsa-miR-4728-5p,hsa-miR-6746-5p,hsa-miR-1343-3p,,,,,,,,
CSNK1E,0.0954,0.553,0.366,3,hsa-miR-6756-5p,hsa-miR-6766-5p,hsa-miR-1343-3p,,,,,,,,
G3BP1,0.488,0.745,0.867,3,hsa-miR-320a,hsa-miR-6800-5p,hsa-miR-1343-3p,,,,,,,,
IGFBP5,0.414,0.73,0.776,3,hsa-miR-4758-5p,hsa-miR-1238-5p,hsa-miR-197-5p,,,,,,,,
NUFIP2,0.917,0.924,1.78,3,hsa-miR-4276,hsa-miR-4732-5p,hsa-miR-197-5p,,,,,,,,
PHYKPL,0.00318,0.144,0.102,3,hsa-miR-6766-5p,hsa-miR-6756-5p,hsa-miR-197-5p,,,,,,,,
TACR3,0.041,0.416,0.259,3,hsa-miR-4728-5p,hsa-miR-4276,hsa-miR-3184-5p,,,,,,,,
GPRIN1,0.00318,0.144,0.102,3,hsa-miR-6784-5p,hsa-miR-4532,hsa-miR-3184-5p,,,,,,,,
EFHD2,0.149,0.631,0.447,3,hsa-miR-6090,hsa-miR-4706,hsa-miR-3184-5p,,,,,,,,
UST,0.0389,0.415,0.253,3,hsa-miR-1233-5p,hsa-miR-4728-5p,hsa-miR-3184-5p,,,,,,,,
PGAM4,0.168,0.658,0.474,3,hsa-miR-1233-5p,hsa-miR-4728-5p,hsa-miR-3184-5p,,,,,,,,
PLAGL2,0.599,0.775,1.02,3,hsa-miR-1233-5p,hsa-miR-4728-5p,hsa-miR-3184-5p,,,,,,,,
ARHGEF2,0.0141,0.311,0.172,3,hsa-miR-320a,hsa-miR-4728-5p,hsa-miR-3184-5p,,,,,,,,
AK2,0.0769,0.519,0.334,3,hsa-miR-320a,hsa-miR-4728-5p,hsa-miR-3184-5p,,,,,,,,
NSD1,0.126,0.605,0.415,3,hsa-miR-1238-5p,hsa-miR-4758-5p,hsa-miR-3184-5p,,,,,,,,
GTPBP2,0.145,0.631,0.442,3,hsa-miR-4758-5p,hsa-miR-1238-5p,hsa-miR-320a,,,,,,,,
THRB,0.0526,0.455,0.285,3,hsa-miR-1238-5p,hsa-miR-4758-5p,hsa-miR-320a,,,,,,,,
RPS6KA1,0.00488,0.174,0.119,3,hsa-miR-6766-5p,hsa-miR-6756-5p,hsa-miR-320a,,,,,,,,
VEGFA,0.333,0.711,0.679,3,hsa-miR-6756-5p,hsa-miR-6766-5p,hsa-miR-320a,,,,,,,,
BCL7B,0.0526,0.455,0.285,3,hsa-miR-4675,hsa-miR-92b-5p,hsa-miR-320a,,,,,,,,
PEA15,0.0922,0.544,0.361,3,hsa-miR-197-5p,hsa-miR-3184-5p,hsa-miR-3940-5p,,,,,,,,
HNRNPUL1,0.235,0.7,0.56,3,hsa-miR-320a,hsa-miR-8059,hsa-miR-3940-5p,,,,,,,,
TRAF1,0.176,0.66,0.485,3,hsa-miR-6131,hsa-miR-6746-5p,hsa-miR-4276,,,,,,,,
FZD6,0.284,0.705,0.619,3,hsa-miR-6756-5p,hsa-miR-6766-5p,hsa-miR-4276,,,,,,,,
PIP4K2C,0.0683,0.511,0.318,3,hsa-miR-4758-5p,hsa-miR-1238-5p,hsa-miR-4525,,,,,,,,
REEP3,0.188,0.676,0.501,3,hsa-miR-4728-5p,hsa-miR-3184-5p,hsa-miR-4525,,,,,,,,
MINK1,0.214,0.697,0.533,3,hsa-miR-4728-5p,hsa-miR-3184-5p,hsa-miR-4525,,,,,,,,
ACTB,0.248,0.7,0.576,3,hsa-miR-1307-3p,hsa-miR-320a,hsa-miR-4525,,,,,,,,
CCNF,0.226,0.697,0.549,3,hsa-miR-8073,hsa-miR-4675,hsa-miR-4525,,,,,,,,
VSIR,0.0166,0.311,0.183,3,hsa-miR-6766-5p,hsa-miR-6756-5p,hsa-miR-4525,,,,,,,,
SPATA6,0.0432,0.432,0.264,3,hsa-miR-6766-5p,hsa-miR-6756-5p,hsa-miR-4525,,,,,,,,
RREB1,0.392,0.724,0.749,3,hsa-miR-6766-5p,hsa-miR-6756-5p,hsa-miR-4525,,,,,,,,
UGGT1,0.288,0.705,0.625,3,hsa-miR-1343-3p,hsa-miR-1307-3p,hsa-miR-4532,,,,,,,,
NQO2,0.0799,0.52,0.339,3,hsa-miR-320a,hsa-miR-1307-3p,hsa-miR-4532,,,,,,,,
WDR92,0.164,0.647,0.469,3,hsa-miR-575,hsa-miR-1307-3p,hsa-miR-4532,,,,,,,,
CDC14B,0.244,0.7,0.571,3,hsa-miR-6746-5p,hsa-miR-1307-3p,hsa-miR-4532,,,,,,,,
TTC9C,0.0987,0.561,0.372,3,hsa-miR-6090,hsa-miR-4728-5p,hsa-miR-4532,,,,,,,,
RNF157,0.218,0.697,0.539,3,hsa-miR-4728-5p,hsa-miR-4732-5p,hsa-miR-4532,,,,,,,,
ABHD17B,0.041,0.416,0.259,3,hsa-miR-4276,hsa-miR-642b-3p,hsa-miR-4532,,,,,,,,
ITGA2,0.248,0.7,0.576,3,hsa-miR-6756-5p,hsa-miR-6766-5p,hsa-miR-4532,,,,,,,,
ARHGAP40,0.000592,0.0642,0.0593,3,hsa-miR-6131,hsa-miR-6784-5p,hsa-miR-4532,,,,,,,,
HPCAL1,0.0224,0.351,0.205,3,hsa-miR-6746-5p,hsa-miR-6784-5p,hsa-miR-4532,,,,,,,,
EXT1,0.0291,0.377,0.226,3,hsa-miR-320a,hsa-miR-1233-5p,hsa-miR-4648,,,,,,,,
HNRNPU,0.302,0.707,0.641,3,hsa-miR-642b-3p,hsa-miR-1233-5p,hsa-miR-4648,,,,,,,,
SLC12A7,0.231,0.698,0.555,3,hsa-miR-1203,hsa-miR-4276,hsa-miR-4675,,,,,,,,
HLA-B,0.0328,0.377,0.237,3,hsa-miR-6766-5p,hsa-miR-6756-5p,hsa-miR-4675,,,,,,,,
DDX39B,0.0769,0.519,0.334,3,hsa-miR-6756-5p,hsa-miR-6766-5p,hsa-miR-4675,,,,,,,,
PHF19,0.205,0.686,0.523,3,hsa-miR-6756-5p,hsa-miR-6766-5p,hsa-miR-4675,,,,,,,,
SKI,0.673,0.791,1.13,3,hsa-miR-663a,hsa-miR-6787-5p,hsa-miR-4675,,,,,,,,
SPIN4,0.0551,0.468,0.291,3,hsa-miR-4758-5p,hsa-miR-1238-5p,hsa-miR-4687-5p,,,,,,,,
DENND5B,0.172,0.66,0.479,3,hsa-miR-4276,hsa-miR-1307-3p,hsa-miR-4687-5p,,,,,,,,
PRKAR2A,0.244,0.7,0.571,3,hsa-miR-1343-3p,hsa-miR-4532,hsa-miR-4687-5p,,,,,,,,
HIVEP3,0.0859,0.543,0.35,3,hsa-miR-92b-5p,hsa-miR-6090,hsa-miR-4687-5p,,,,,,,,
CAPN6,0.00705,0.219,0.135,3,hsa-miR-6802-5p,hsa-miR-6800-5p,hsa-miR-4687-5p,,,,,,,,
DIAPH1,0.0829,0.532,0.345,3,hsa-miR-320a,hsa-miR-1233-5p,hsa-miR-4690-5p,,,,,,,,
GJD3,0.356,0.717,0.706,3,hsa-miR-1343-3p,hsa-miR-1307-3p,hsa-miR-4690-5p,,,,,,,,
PTP4A1,0.374,0.72,0.727,3,hsa-miR-1233-5p,hsa-miR-4648,hsa-miR-4690-5p,,,,,,,,
NFAT5,0.387,0.721,0.743,3,hsa-miR-4690-5p,hsa-miR-4728-5p,hsa-miR-4706,,,,,,,,
ZNF562,0.266,0.7,0.598,3,hsa-miR-4732-5p,hsa-miR-4728-5p,hsa-miR-4706,,,,,,,,
SIGLEC12,0.00271,0.142,0.097,3,hsa-miR-6787-5p,hsa-miR-663a,hsa-miR-4706,,,,,,,,
GPR20,0.00555,0.185,0.124,3,hsa-miR-6787-5p,hsa-miR-663a,hsa-miR-4706,,,,,,,,
TACC3,0.00705,0.219,0.135,3,hsa-miR-6787-5p,hsa-miR-663a,hsa-miR-4706,,,,,,,,
PDZD4,0.00971,0.259,0.151,3,hsa-miR-6787-5p,hsa-miR-663a,hsa-miR-4706,,,,,,,,
CTTN,0.0166,0.311,0.183,3,hsa-miR-6787-5p,hsa-miR-663a,hsa-miR-4706,,,,,,,,
LHFPL3,0.0194,0.328,0.194,3,hsa-miR-6787-5p,hsa-miR-663a,hsa-miR-4706,,,,,,,,
RGS5,0.0432,0.432,0.264,3,hsa-miR-6787-5p,hsa-miR-663a,hsa-miR-4706,,,,,,,,
SLC10A7,0.089,0.544,0.356,3,hsa-miR-6787-5p,hsa-miR-663a,hsa-miR-4706,,,,,,,,
GIPC1,0.156,0.645,0.458,3,hsa-miR-4728-5p,hsa-miR-8059,hsa-miR-4706,,,,,,,,
PPTC7,0.141,0.622,0.436,3,hsa-miR-4706,hsa-miR-1228-5p,hsa-miR-4728-5p,,,,,,,,
ZNF329,0.123,0.597,0.409,3,hsa-miR-575,hsa-miR-1228-5p,hsa-miR-4728-5p,,,,,,,,
TMTC1,0.172,0.66,0.479,3,hsa-miR-320a,hsa-miR-1233-5p,hsa-miR-4728-5p,,,,,,,,
DNAJC24,0.0194,0.328,0.194,3,hsa-miR-4648,hsa-miR-1233-5p,hsa-miR-4728-5p,,,,,,,,
GPRC5C,0.0194,0.328,0.194,3,hsa-miR-4730,hsa-miR-1233-5p,hsa-miR-4728-5p,,,,,,,,
CIAPIN1,0.0432,0.432,0.264,3,hsa-miR-6805-5p,hsa-miR-1233-5p,hsa-miR-4728-5p,,,,,,,,
CRLF3,0.0859,0.543,0.35,3,hsa-miR-887-3p,hsa-miR-1233-5p,hsa-miR-4728-5p,,,,,,,,
PNMA2,0.0455,0.439,0.269,3,hsa-miR-4758-5p,hsa-miR-1238-5p,hsa-miR-4728-5p,,,,,,,,
TRIM13,0.0799,0.52,0.339,3,hsa-miR-4758-5p,hsa-miR-1238-5p,hsa-miR-4728-5p,,,,,,,,
C17orf75,0.235,0.7,0.56,3,hsa-miR-1343-3p,hsa-miR-1307-3p,hsa-miR-4728-5p,,,,,,,,
MRPS23,0.145,0.631,0.442,3,hsa-miR-575,hsa-miR-1307-3p,hsa-miR-4728-5p,,,,,,,,
KLC2,0.0224,0.351,0.205,3,hsa-miR-1233-5p,hsa-miR-1343-3p,hsa-miR-4728-5p,,,,,,,,
CDCP1,0.315,0.708,0.657,3,hsa-miR-1233-5p,hsa-miR-1343-3p,hsa-miR-4728-5p,,,,,,,,
ARL10,0.356,0.717,0.706,3,hsa-miR-320a,hsa-miR-1343-3p,hsa-miR-4728-5p,,,,,,,,
DESI1,0.0711,0.519,0.323,3,hsa-miR-6802-5p,hsa-miR-1343-3p,hsa-miR-4728-5p,,,,,,,,
IGSF8,0.0628,0.49,0.307,3,hsa-miR-1233-5p,hsa-miR-197-5p,hsa-miR-4728-5p,,,,,,,,
CD44,0.102,0.568,0.377,3,hsa-miR-320a,hsa-miR-197-5p,hsa-miR-4728-5p,,,,,,,,
PRRG4,0.471,0.743,0.846,3,hsa-miR-4687-5p,hsa-miR-197-5p,hsa-miR-4728-5p,,,,,,,,
TMEM127,0.266,0.7,0.598,3,hsa-miR-1203,hsa-miR-3184-5p,hsa-miR-4728-5p,,,,,,,,
PFKFB3,0.0309,0.377,0.232,3,hsa-miR-1233-5p,hsa-miR-3184-5p,hsa-miR-4728-5p,,,,,,,,
NPTXR,0.226,0.697,0.549,3,hsa-miR-1307-3p,hsa-miR-3184-5p,hsa-miR-4728-5p,,,,,,,,
FAM129B,0.184,0.674,0.496,3,hsa-miR-6746-5p,hsa-miR-3184-5p,hsa-miR-4728-5p,,,,,,,,
C3,0.297,0.707,0.636,3,hsa-miR-1307-3p,hsa-miR-4532,hsa-miR-4728-5p,,,,,,,,
TRIM72,0.441,0.733,0.808,3,hsa-miR-1307-3p,hsa-miR-4532,hsa-miR-4728-5p,,,,,,,,
SNRPD3,0.248,0.7,0.576,3,hsa-miR-575,hsa-miR-4532,hsa-miR-4728-5p,,,,,,,,
TM6SF2,0.00555,0.185,0.124,3,hsa-miR-1233-5p,hsa-miR-4648,hsa-miR-4728-5p,,,,,,,,
PRR5-ARHGAP8,0.024,0.354,0.21,3,hsa-miR-1233-5p,hsa-miR-4648,hsa-miR-4728-5p,,,,,,,,
ING1,0.0273,0.377,0.221,3,hsa-miR-1233-5p,hsa-miR-4648,hsa-miR-4728-5p,,,,,,,,
CRTAP,0.0922,0.544,0.361,3,hsa-miR-1233-5p,hsa-miR-4648,hsa-miR-4728-5p,,,,,,,,
ATP1B4,0.109,0.568,0.388,3,hsa-miR-1233-5p,hsa-miR-4648,hsa-miR-4728-5p,,,,,,,,
LONRF2,0.102,0.568,0.377,3,hsa-miR-1233-5p,hsa-miR-4648,hsa-miR-4728-5p,,,,,,,,
NECTIN1,0.0224,0.351,0.205,3,hsa-miR-3184-5p,hsa-miR-4706,hsa-miR-4728-5p,,,,,,,,
MKNK2,0.621,0.779,1.05,3,hsa-miR-3184-5p,hsa-miR-4706,hsa-miR-4728-5p,,,,,,,,
ENTPD7,0.0576,0.474,0.296,3,hsa-miR-4690-5p,hsa-miR-4732-5p,hsa-miR-4728-5p,,,,,,,,
UBXN2A,0.573,0.768,0.98,3,hsa-miR-197-5p,hsa-miR-575,hsa-miR-4728-5p,,,,,,,,
RDH10,0.137,0.614,0.431,3,hsa-miR-3940-5p,hsa-miR-575,hsa-miR-4728-5p,,,,,,,,
ATXN3,0.293,0.707,0.63,3,hsa-miR-642b-3p,hsa-miR-6131,hsa-miR-4728-5p,,,,,,,,
USP22,0.134,0.613,0.426,3,hsa-miR-320a,hsa-miR-642b-3p,hsa-miR-4728-5p,,,,,,,,
RPL18A,0.156,0.645,0.458,3,hsa-miR-6784-5p,hsa-miR-642b-3p,hsa-miR-4728-5p,,,,,,,,
CYTH2,0.0478,0.439,0.275,3,hsa-miR-6787-5p,hsa-miR-663a,hsa-miR-4728-5p,,,,,,,,
HEXA,0.0628,0.49,0.307,3,hsa-miR-6787-5p,hsa-miR-663a,hsa-miR-4728-5p,,,,,,,,
KIAA1551,0.501,0.752,0.883,3,hsa-miR-6787-5p,hsa-miR-663a,hsa-miR-4728-5p,,,,,,,,
TXNDC16,0.27,0.7,0.603,3,hsa-miR-4532,hsa-miR-6746-5p,hsa-miR-4728-5p,,,,,,,,
SOWAHA,0.0118,0.302,0.162,3,hsa-miR-6766-5p,hsa-miR-6756-5p,hsa-miR-4728-5p,,,,,,,,
FTSJ3,0.0153,0.311,0.178,3,hsa-miR-6766-5p,hsa-miR-6756-5p,hsa-miR-4728-5p,,,,,,,,
C11orf58,0.0368,0.4,0.248,3,hsa-miR-6766-5p,hsa-miR-6756-5p,hsa-miR-4728-5p,,,,,,,,
FBXO45,0.0683,0.511,0.318,3,hsa-miR-6766-5p,hsa-miR-6756-5p,hsa-miR-4728-5p,,,,,,,,
INMT,0.0799,0.52,0.339,3,hsa-miR-6766-5p,hsa-miR-6756-5p,hsa-miR-4728-5p,,,,,,,,
LLGL1,0.102,0.568,0.377,3,hsa-miR-6766-5p,hsa-miR-6756-5p,hsa-miR-4728-5p,,,,,,,,
TRAF6,0.105,0.568,0.382,3,hsa-miR-6766-5p,hsa-miR-6756-5p,hsa-miR-4728-5p,,,,,,,,
PPP1R9B,0.112,0.583,0.393,3,hsa-miR-6766-5p,hsa-miR-6756-5p,hsa-miR-4728-5p,,,,,,,,
C10orf76,0.13,0.609,0.42,3,hsa-miR-6766-5p,hsa-miR-6756-5p,hsa-miR-4728-5p,,,,,,,,
ZNF641,0.152,0.631,0.452,3,hsa-miR-6766-5p,hsa-miR-6756-5p,hsa-miR-4728-5p,,,,,,,,
PLEKHA1,0.293,0.707,0.63,3,hsa-miR-6766-5p,hsa-miR-6756-5p,hsa-miR-4728-5p,,,,,,,,
CEP97,0.306,0.708,0.646,3,hsa-miR-6766-5p,hsa-miR-6756-5p,hsa-miR-4728-5p,,,,,,,,
ZNF708,0.36,0.717,0.711,3,hsa-miR-6756-5p,hsa-miR-6766-5p,hsa-miR-4728-5p,,,,,,,,
ARL5C,0.102,0.568,0.377,3,hsa-miR-1203,hsa-miR-6805-5p,hsa-miR-4728-5p,,,,,,,,
MARK2,0.0954,0.553,0.366,3,hsa-miR-320a,hsa-miR-6805-5p,hsa-miR-4728-5p,,,,,,,,
PRR13,0.0987,0.561,0.372,3,hsa-miR-6131,hsa-miR-8073,hsa-miR-4728-5p,,,,,,,,
TVP23C,0.383,0.721,0.738,3,hsa-miR-6746-5p,hsa-miR-8073,hsa-miR-4728-5p,,,,,,,,
FEM1A,0.73,0.812,1.23,3,hsa-miR-4728-5p,hsa-miR-4532,hsa-miR-4732-5p,,,,,,,,
SRD5A3,0.0224,0.351,0.205,3,hsa-miR-1233-5p,hsa-miR-1238-5p,hsa-miR-4758-5p,,,,,,,,
ELK4,0.226,0.697,0.549,3,hsa-miR-4687-5p,hsa-miR-1238-5p,hsa-miR-4758-5p,,,,,,,,
TMEM41B,0.214,0.697,0.533,3,hsa-miR-4728-5p,hsa-miR-1238-5p,hsa-miR-4758-5p,,,,,,,,
UBE2Z,0.134,0.613,0.426,3,hsa-miR-1238-5p,hsa-miR-4525,hsa-miR-4758-5p,,,,,,,,
MAP1S,0.0166,0.311,0.183,3,hsa-miR-1238-5p,hsa-miR-4675,hsa-miR-4758-5p,,,,,,,,
EIF5A,0.0389,0.415,0.253,3,hsa-miR-1238-5p,hsa-miR-4728-5p,hsa-miR-4758-5p,,,,,,,,
CBX8,0.0859,0.543,0.35,3,hsa-miR-1203,hsa-miR-3184-5p,hsa-miR-4787-5p,,,,,,,,
ANKRD45,0.0576,0.474,0.296,3,hsa-miR-4728-5p,hsa-miR-4706,hsa-miR-4787-5p,,,,,,,,
TIMM29,0.201,0.686,0.517,3,hsa-miR-4532,hsa-miR-1307-3p,hsa-miR-575,,,,,,,,
ITPRIPL2,0.172,0.66,0.479,3,hsa-miR-3184-5p,hsa-miR-320a,hsa-miR-575,,,,,,,,
BTG2,0.777,0.834,1.33,3,hsa-miR-197-5p,hsa-miR-4728-5p,hsa-miR-575,,,,,,,,
IFNLR1,0.445,0.733,0.813,3,hsa-miR-197-5p,hsa-miR-6090,hsa-miR-575,,,,,,,,
GRK2,0.13,0.609,0.42,3,hsa-miR-1233-5p,hsa-miR-642b-3p,hsa-miR-575,,,,,,,,
VASP,0.0309,0.377,0.232,3,hsa-miR-6787-5p,hsa-miR-663a,hsa-miR-575,,,,,,,,
PLCG2,0.089,0.544,0.356,3,hsa-miR-4728-5p,hsa-miR-6746-5p,hsa-miR-575,,,,,,,,
OTUD5,0.0129,0.311,0.167,3,hsa-miR-6766-5p,hsa-miR-6756-5p,hsa-miR-575,,,,,,,,
SNAPIN,0.0166,0.311,0.183,3,hsa-miR-6766-5p,hsa-miR-6756-5p,hsa-miR-575,,,,,,,,
GPRC5B,0.0291,0.377,0.226,3,hsa-miR-1233-5p,hsa-miR-1238-5p,hsa-miR-6090,,,,,,,,
LAD1,0.0037,0.153,0.108,3,hsa-miR-1233-5p,hsa-miR-4648,hsa-miR-6090,,,,,,,,
CAMTA2,0.0224,0.351,0.205,3,hsa-miR-1233-5p,hsa-miR-4648,hsa-miR-6090,,,,,,,,
NEGR1,0.226,0.697,0.549,3,hsa-miR-1233-5p,hsa-miR-4648,hsa-miR-6090,,,,,,,,
DYRK1B,0.0153,0.311,0.178,3,hsa-miR-320a,hsa-miR-4728-5p,hsa-miR-6090,,,,,,,,
FKBP8,0.126,0.605,0.415,3,hsa-miR-4525,hsa-miR-4728-5p,hsa-miR-6090,,,,,,,,
HMGA1,0.484,0.745,0.862,3,hsa-miR-4675,hsa-miR-6805-5p,hsa-miR-6090,,,,,,,,
FEM1B,0.248,0.7,0.576,3,hsa-miR-1343-3p,hsa-miR-197-5p,hsa-miR-6131,,,,,,,,
TSPYL1,0.222,0.697,0.544,3,hsa-miR-4728-5p,hsa-miR-3184-5p,hsa-miR-6131,,,,,,,,
ZCCHC8,0.0799,0.52,0.339,3,hsa-miR-1228-5p,hsa-miR-4728-5p,hsa-miR-6131,,,,,,,,
YIPF4,0.577,0.768,0.986,3,hsa-miR-8073,hsa-miR-4732-5p,hsa-miR-6131,,,,,,,,
KIF1C,0.266,0.7,0.598,3,hsa-miR-4728-5p,hsa-miR-575,hsa-miR-6131,,,,,,,,
TRPM7,0.123,0.597,0.409,3,hsa-miR-3940-5p,hsa-miR-6746-5p,hsa-miR-6131,,,,,,,,
TXNIP,0.727,0.811,1.23,3,hsa-miR-3940-5p,hsa-miR-3184-5p,hsa-miR-642b-3p,,,,,,,,
QSER1,0.137,0.614,0.431,3,hsa-miR-8073,hsa-miR-4732-5p,hsa-miR-642b-3p,,,,,,,,
BAZ2A,0.248,0.7,0.576,3,hsa-miR-6805-5p,hsa-miR-4783-3p,hsa-miR-642b-3p,,,,,,,,
PRX,0.041,0.416,0.259,3,hsa-miR-1343-3p,hsa-miR-6787-5p,hsa-miR-663a,,,,,,,,
XPO6,0.0291,0.377,0.226,3,hsa-miR-320a,hsa-miR-6787-5p,hsa-miR-663a,,,,,,,,
INO80E,0.00156,0.103,0.0808,3,hsa-miR-4728-5p,hsa-miR-6787-5p,hsa-miR-663a,,,,,,,,
SIPA1,0.00788,0.236,0.14,3,hsa-miR-4728-5p,hsa-miR-6787-5p,hsa-miR-663a,,,,,,,,
SLC1A2,0.0389,0.415,0.253,3,hsa-miR-4728-5p,hsa-miR-6787-5p,hsa-miR-663a,,,,,,,,
FAM83H,0.041,0.416,0.259,3,hsa-miR-4728-5p,hsa-miR-6787-5p,hsa-miR-663a,,,,,,,,
NKRF,0.0683,0.511,0.318,3,hsa-miR-4728-5p,hsa-miR-6787-5p,hsa-miR-663a,,,,,,,,
KLLN,0.0922,0.544,0.361,3,hsa-miR-4728-5p,hsa-miR-6787-5p,hsa-miR-663a,,,,,,,,
MED7,0.0683,0.511,0.318,3,hsa-miR-3940-5p,hsa-miR-1307-3p,hsa-miR-6746-5p,,,,,,,,
MRI1,0.126,0.605,0.415,3,hsa-miR-4730,hsa-miR-1307-3p,hsa-miR-6746-5p,,,,,,,,
CBX5,0.396,0.725,0.754,3,hsa-miR-320a,hsa-miR-1343-3p,hsa-miR-6746-5p,,,,,,,,
ADGRB2,0.000308,0.0472,0.0485,3,hsa-miR-4687-5p,hsa-miR-4728-5p,hsa-miR-6746-5p,,,,,,,,
MAP2K7,0.176,0.66,0.485,3,hsa-miR-4732-5p,hsa-miR-4728-5p,hsa-miR-6746-5p,,,,,,,,
RAD51,0.427,0.732,0.792,3,hsa-miR-4728-5p,hsa-miR-575,hsa-miR-6746-5p,,,,,,,,
PTGR2,0.089,0.544,0.356,3,hsa-miR-6787-5p,hsa-miR-663a,hsa-miR-6746-5p,,,,,,,,
TMEM170A,0.239,0.7,0.566,3,hsa-miR-6802-5p,hsa-miR-6800-5p,hsa-miR-6746-5p,,,,,,,,
SHMT1,0.205,0.686,0.523,3,hsa-miR-3184-5p,hsa-miR-6805-5p,hsa-miR-6746-5p,,,,,,,,
CDH6,0.0455,0.439,0.269,3,hsa-miR-1233-5p,hsa-miR-6766-5p,hsa-miR-6756-5p,,,,,,,,
PPARA,0.0526,0.455,0.285,3,hsa-miR-1233-5p,hsa-miR-6766-5p,hsa-miR-6756-5p,,,,,,,,
KLHDC8A,0.109,0.568,0.388,3,hsa-miR-1233-5p,hsa-miR-6766-5p,hsa-miR-6756-5p,,,,,,,,
HIST1H3H,0.0129,0.311,0.167,3,hsa-miR-320a,hsa-miR-6766-5p,hsa-miR-6756-5p,,,,,,,,
HIST2H3A,0.024,0.354,0.21,3,hsa-miR-320a,hsa-miR-6766-5p,hsa-miR-6756-5p,,,,,,,,
HIST2H2AA3,0.0551,0.468,0.291,3,hsa-miR-320a,hsa-miR-6766-5p,hsa-miR-6756-5p,,,,,,,,
HIST3H2BB,0.0179,0.317,0.189,3,hsa-miR-3940-5p,hsa-miR-6766-5p,hsa-miR-6756-5p,,,,,,,,
ATXN2,0.0628,0.49,0.307,3,hsa-miR-3940-5p,hsa-miR-6766-5p,hsa-miR-6756-5p,,,,,,,,
THBS1,0.197,0.686,0.512,3,hsa-miR-4276,hsa-miR-6766-5p,hsa-miR-6756-5p,,,,,,,,
ZBTB7A,0.458,0.741,0.83,3,hsa-miR-4525,hsa-miR-6766-5p,hsa-miR-6756-5p,,,,,,,,
CYP4A22,0.0208,0.338,0.199,3,hsa-miR-4690-5p,hsa-miR-6766-5p,hsa-miR-6756-5p,,,,,,,,
SPATA5,0.134,0.613,0.426,3,hsa-miR-4728-5p,hsa-miR-6766-5p,hsa-miR-6756-5p,,,,,,,,
TEX261,0.16,0.647,0.463,3,hsa-miR-6746-5p,hsa-miR-6766-5p,hsa-miR-6756-5p,,,,,,,,
HIST2H2BE,0.0256,0.374,0.215,3,hsa-miR-6802-5p,hsa-miR-6766-5p,hsa-miR-6756-5p,,,,,,,,
DOT1L,0.0368,0.4,0.248,3,hsa-miR-1203,hsa-miR-6756-5p,hsa-miR-6766-5p,,,,,,,,
LIMK1,0.0502,0.45,0.28,3,hsa-miR-1233-5p,hsa-miR-6756-5p,hsa-miR-6766-5p,,,,,,,,
TFAP4,0.123,0.597,0.409,3,hsa-miR-1233-5p,hsa-miR-6756-5p,hsa-miR-6766-5p,,,,,,,,
MDFI,0.0194,0.328,0.194,3,hsa-miR-197-5p,hsa-miR-6756-5p,hsa-miR-6766-5p,,,,,,,,
DAB2IP,0.0291,0.377,0.226,3,hsa-miR-197-5p,hsa-miR-6756-5p,hsa-miR-6766-5p,,,,,,,,
SEC22C,0.0455,0.439,0.269,3,hsa-miR-3184-5p,hsa-miR-6756-5p,hsa-miR-6766-5p,,,,,,,,
ZBTB46,0.248,0.7,0.576,3,hsa-miR-3184-5p,hsa-miR-6756-5p,hsa-miR-6766-5p,,,,,,,,
TCF3,0.0348,0.388,0.242,3,hsa-miR-320a,hsa-miR-6756-5p,hsa-miR-6766-5p,,,,,,,,
ULK1,0.074,0.519,0.329,3,hsa-miR-320a,hsa-miR-6756-5p,hsa-miR-6766-5p,,,,,,,,
MDK,0.0799,0.52,0.339,3,hsa-miR-320a,hsa-miR-6756-5p,hsa-miR-6766-5p,,,,,,,,
PTMA,0.338,0.711,0.684,3,hsa-miR-3940-5p,hsa-miR-6756-5p,hsa-miR-6766-5p,,,,,,,,
E2F4,0.0153,0.311,0.178,3,hsa-miR-4525,hsa-miR-6756-5p,hsa-miR-6766-5p,,,,,,,,
FOSL1,0.168,0.658,0.474,3,hsa-miR-4525,hsa-miR-6756-5p,hsa-miR-6766-5p,,,,,,,,
TESPA1,0.0208,0.338,0.199,3,hsa-miR-4675,hsa-miR-6756-5p,hsa-miR-6766-5p,,,,,,,,
SLC7A1,0.13,0.609,0.42,3,hsa-miR-4675,hsa-miR-6756-5p,hsa-miR-6766-5p,,,,,,,,
CYP4A11,0.024,0.354,0.21,3,hsa-miR-4690-5p,hsa-miR-6756-5p,hsa-miR-6766-5p,,,,,,,,
ASNA1,0.0309,0.377,0.232,3,hsa-miR-4728-5p,hsa-miR-6756-5p,hsa-miR-6766-5p,,,,,,,,
PLEKHG3,0.0683,0.511,0.318,3,hsa-miR-4728-5p,hsa-miR-6756-5p,hsa-miR-6766-5p,,,,,,,,
RAB5B,0.573,0.768,0.98,3,hsa-miR-4728-5p,hsa-miR-6756-5p,hsa-miR-6766-5p,,,,,,,,
CTXN1,0.0551,0.468,0.291,3,hsa-miR-4787-5p,hsa-miR-6756-5p,hsa-miR-6766-5p,,,,,,,,
UNC5B,0.134,0.613,0.426,3,hsa-miR-8073,hsa-miR-6756-5p,hsa-miR-6766-5p,,,,,,,,
ACOX1,0.275,0.7,0.609,3,hsa-miR-92b-5p,hsa-miR-6756-5p,hsa-miR-6766-5p,,,,,,,,
PPP1R14A,0.000435,0.0585,0.0539,3,hsa-miR-320a,hsa-miR-1228-5p,hsa-miR-6784-5p,,,,,,,,
NKX6-2,0.001,0.0827,0.07,3,hsa-miR-4728-5p,hsa-miR-3184-5p,hsa-miR-6784-5p,,,,,,,,
STRN4,0.00228,0.128,0.0916,3,hsa-miR-4728-5p,hsa-miR-3184-5p,hsa-miR-6784-5p,,,,,,,,
AP2S1,0.001,0.0827,0.07,3,hsa-miR-3184-5p,hsa-miR-4690-5p,hsa-miR-6784-5p,,,,,,,,
EPN1,0.00971,0.259,0.151,3,hsa-miR-6766-5p,hsa-miR-6756-5p,hsa-miR-6784-5p,,,,,,,,
CHAC1,0.297,0.707,0.636,3,hsa-miR-6756-5p,hsa-miR-6766-5p,hsa-miR-6784-5p,,,,,,,,
ATL2,0.0291,0.377,0.226,3,hsa-miR-1228-5p,hsa-miR-663a,hsa-miR-6787-5p,,,,,,,,
WBP2,0.149,0.631,0.447,3,hsa-miR-1343-3p,hsa-miR-663a,hsa-miR-6787-5p,,,,,,,,
DUSP14,0.0141,0.311,0.172,3,hsa-miR-4706,hsa-miR-663a,hsa-miR-6787-5p,,,,,,,,
SLC2A4RG,0.00555,0.185,0.124,3,hsa-miR-4728-5p,hsa-miR-663a,hsa-miR-6787-5p,,,,,,,,
CENPO,0.0224,0.351,0.205,3,hsa-miR-4787-5p,hsa-miR-663a,hsa-miR-6787-5p,,,,,,,,
MTSS1L,0.0799,0.52,0.339,3,hsa-miR-4787-5p,hsa-miR-663a,hsa-miR-6787-5p,,,,,,,,
PGAP1,0.00705,0.219,0.135,3,hsa-miR-575,hsa-miR-663a,hsa-miR-6787-5p,,,,,,,,
COX18,0.13,0.609,0.42,3,hsa-miR-642b-3p,hsa-miR-4728-5p,hsa-miR-6800-5p,,,,,,,,
IVNS1ABP,0.0194,0.328,0.194,3,hsa-miR-320a,hsa-miR-6802-5p,hsa-miR-6800-5p,,,,,,,,
PPP1R11,0.201,0.686,0.517,3,hsa-miR-197-5p,hsa-miR-3184-5p,hsa-miR-6805-5p,,,,,,,,
ABCC5,0.0502,0.45,0.28,3,hsa-miR-3184-5p,hsa-miR-4675,hsa-miR-6805-5p,,,,,,,,
THRA,0.105,0.568,0.382,3,hsa-miR-4728-5p,hsa-miR-4675,hsa-miR-6805-5p,,,,,,,,
TOLLIP,0.0037,0.153,0.108,3,hsa-miR-1203,hsa-miR-4728-5p,hsa-miR-6805-5p,,,,,,,,
TRAPPC10,0.0922,0.544,0.361,3,hsa-miR-1233-5p,hsa-miR-4728-5p,hsa-miR-6805-5p,,,,,,,,
RNF187,0.149,0.631,0.447,3,hsa-miR-3184-5p,hsa-miR-4728-5p,hsa-miR-6805-5p,,,,,,,,
QSOX2,0.0859,0.543,0.35,3,hsa-miR-4728-5p,hsa-miR-6090,hsa-miR-6805-5p,,,,,,,,
C19orf53,0.0179,0.317,0.189,3,hsa-miR-6766-5p,hsa-miR-6756-5p,hsa-miR-6805-5p,,,,,,,,
GPATCH3,0.0129,0.311,0.167,3,hsa-miR-4728-5p,hsa-miR-92b-5p,hsa-miR-6805-5p,,,,,,,,
SPTBN2,0.041,0.416,0.259,3,hsa-miR-4675,hsa-miR-1343-3p,hsa-miR-8059,,,,,,,,
CERS1,0.0291,0.377,0.226,3,hsa-miR-6784-5p,hsa-miR-1343-3p,hsa-miR-8059,,,,,,,,
PPIA,0.137,0.614,0.431,3,hsa-miR-1307-3p,hsa-miR-320a,hsa-miR-8059,,,,,,,,
PISD,0.112,0.583,0.393,3,hsa-miR-1233-5p,hsa-miR-4648,hsa-miR-8059,,,,,,,,
TUBB,0.201,0.686,0.517,3,hsa-miR-320a,hsa-miR-4732-5p,hsa-miR-8059,,,,,,,,
ERCC6L,0.00788,0.236,0.14,3,hsa-miR-8073,hsa-miR-92b-5p,hsa-miR-8059,,,,,,,,
FBXO31,0.0309,0.377,0.232,3,hsa-miR-320a,hsa-miR-1343-3p,hsa-miR-8073,,,,,,,,
MRPS16,0.235,0.7,0.56,3,hsa-miR-4728-5p,hsa-miR-1343-3p,hsa-miR-8073,,,,,,,,
TOR2A,0.197,0.686,0.512,3,hsa-miR-1343-3p,hsa-miR-4276,hsa-miR-8073,,,,,,,,
ZNF749,0.218,0.697,0.539,3,hsa-miR-1228-5p,hsa-miR-4728-5p,hsa-miR-8073,,,,,,,,
PGM2L1,0.293,0.707,0.63,3,hsa-miR-1233-5p,hsa-miR-4728-5p,hsa-miR-8073,,,,,,,,
GINM1,0.275,0.7,0.609,3,hsa-miR-1307-3p,hsa-miR-4728-5p,hsa-miR-8073,,,,,,,,
DNAJC10,0.628,0.779,1.06,3,hsa-miR-1343-3p,hsa-miR-6131,hsa-miR-8073,,,,,,,,
ZNF70,0.41,0.73,0.77,3,hsa-miR-4728-5p,hsa-miR-6131,hsa-miR-8073,,,,,,,,
PLEKHG2,0.193,0.68,0.506,3,hsa-miR-4728-5p,hsa-miR-6746-5p,hsa-miR-8073,,,,,,,,
LRTOMT,0.0683,0.511,0.318,3,hsa-miR-6766-5p,hsa-miR-6756-5p,hsa-miR-8073,,,,,,,,
FN3K,0.0922,0.544,0.361,3,hsa-miR-4787-5p,hsa-miR-4525,hsa-miR-92b-5p,,,,,,,,
MID1IP1,0.0551,0.468,0.291,3,hsa-miR-6756-5p,hsa-miR-6766-5p,hsa-miR-92b-5p,,,,,,,,
TRIP10,0.147,0.631,0.339,2,hsa-miR-1343-3p,hsa-miR-1203,,,,,,,,,
TONSL,0.0128,0.311,0.0889,2,hsa-miR-320a,hsa-miR-1203,,,,,,,,,
ATXN1,0.655,0.785,1.1,2,hsa-miR-320a,hsa-miR-1203,,,,,,,,,
KPNA2,0.391,0.722,0.671,2,hsa-miR-4276,hsa-miR-1203,,,,,,,,,
INTS7,0.331,0.711,0.59,2,hsa-miR-4728-5p,hsa-miR-1203,,,,,,,,,
RRP7A,0.459,0.741,0.768,2,hsa-miR-4728-5p,hsa-miR-1203,,,,,,,,,
ICA1L,0.396,0.725,0.679,2,hsa-miR-575,hsa-miR-1203,,,,,,,,,
POLR3F,0.205,0.686,0.42,2,hsa-miR-8073,hsa-miR-1203,,,,,,,,,
ZBTB22,0.13,0.609,0.315,2,hsa-miR-1233-5p,hsa-miR-1228-5p,,,,,,,,,
MIF,0.00367,0.153,0.0485,2,hsa-miR-320a,hsa-miR-1228-5p,,,,,,,,,
UBE2D4,0.199,0.686,0.412,2,hsa-miR-4728-5p,hsa-miR-1228-5p,,,,,,,,,
ZNF460,0.986,0.986,2.9,2,hsa-miR-4728-5p,hsa-miR-1228-5p,,,,,,,,,
ELMSAN1,0.402,0.727,0.687,2,hsa-miR-6800-5p,hsa-miR-1228-5p,,,,,,,,,
POLR2E,0.373,0.72,0.646,2,hsa-miR-1343-3p,hsa-miR-1233-5p,,,,,,,,,
EPM2AIP1,0.271,0.7,0.509,2,hsa-miR-320a,hsa-miR-1233-5p,,,,,,,,,
PLD3,0.283,0.705,0.525,2,hsa-miR-320a,hsa-miR-1233-5p,,,,,,,,,
ACADSB,0.0834,0.532,0.242,2,hsa-miR-4648,hsa-miR-1233-5p,,,,,,,,,
COLGALT1,0.199,0.686,0.412,2,hsa-miR-4648,hsa-miR-1233-5p,,,,,,,,,
DCAF8,0.259,0.7,0.493,2,hsa-miR-4648,hsa-miR-1233-5p,,,,,,,,,
MYH9,0.567,0.768,0.937,2,hsa-miR-4728-5p,hsa-miR-1233-5p,,,,,,,,,
NUDT3,0.815,0.853,1.5,2,hsa-miR-8073,hsa-miR-1233-5p,,,,,,,,,
GRK5,0.00367,0.153,0.0485,2,hsa-miR-4758-5p,hsa-miR-1238-5p,,,,,,,,,
PRSS12,0.00854,0.239,0.0727,2,hsa-miR-4758-5p,hsa-miR-1238-5p,,,,,,,,,
HIST1H3C,0.0205,0.337,0.113,2,hsa-miR-4758-5p,hsa-miR-1238-5p,,,,,,,,,
LRIT3,0.0205,0.337,0.113,2,hsa-miR-4758-5p,hsa-miR-1238-5p,,,,,,,,,
CBWD5,0.0234,0.354,0.121,2,hsa-miR-4758-5p,hsa-miR-1238-5p,,,,,,,,,
CBWD1,0.0331,0.377,0.145,2,hsa-miR-4758-5p,hsa-miR-1238-5p,,,,,,,,,
SNRPA1,0.0265,0.377,0.129,2,hsa-miR-4758-5p,hsa-miR-1238-5p,,,,,,,,,
C10orf71,0.0649,0.495,0.21,2,hsa-miR-4758-5p,hsa-miR-1238-5p,,,,,,,,,
ALPI,0.074,0.519,0.226,2,hsa-miR-4758-5p,hsa-miR-1238-5p,,,,,,,,,
TMEM135,0.074,0.519,0.226,2,hsa-miR-4758-5p,hsa-miR-1238-5p,,,,,,,,,
GABRB2,0.0933,0.544,0.259,2,hsa-miR-4758-5p,hsa-miR-1238-5p,,,,,,,,,
SLC46A1,0.0883,0.544,0.25,2,hsa-miR-4758-5p,hsa-miR-1238-5p,,,,,,,,,
HOXA5,0.109,0.568,0.283,2,hsa-miR-4758-5p,hsa-miR-1238-5p,,,,,,,,,
KIAA0895,0.119,0.597,0.299,2,hsa-miR-4758-5p,hsa-miR-1238-5p,,,,,,,,,
GRAP2,0.13,0.609,0.315,2,hsa-miR-4758-5p,hsa-miR-1238-5p,,,,,,,,,
ANG,0.164,0.647,0.364,2,hsa-miR-4758-5p,hsa-miR-1238-5p,,,,,,,,,
SUB1,0.164,0.647,0.364,2,hsa-miR-4758-5p,hsa-miR-1238-5p,,,,,,,,,
LONRF1,0.175,0.66,0.38,2,hsa-miR-4758-5p,hsa-miR-1238-5p,,,,,,,,,
RABGAP1,0.175,0.66,0.38,2,hsa-miR-4758-5p,hsa-miR-1238-5p,,,,,,,,,
EP300,0.217,0.697,0.436,2,hsa-miR-4758-5p,hsa-miR-1238-5p,,,,,,,,,
CAMSAP2,0.265,0.7,0.501,2,hsa-miR-4758-5p,hsa-miR-1238-5p,,,,,,,,,
HIST1H2BG,0.277,0.7,0.517,2,hsa-miR-4758-5p,hsa-miR-1238-5p,,,,,,,,,
FPR1,0.453,0.737,0.76,2,hsa-miR-4758-5p,hsa-miR-1238-5p,,,,,,,,,
TBC1D13,0.567,0.768,0.937,2,hsa-miR-4758-5p,hsa-miR-1238-5p,,,,,,,,,
ASB16,0.8,0.846,1.45,2,hsa-miR-4758-5p,hsa-miR-1238-5p,,,,,,,,,
VSIG1,0.0562,0.468,0.194,2,hsa-miR-1343-3p,hsa-miR-1307-3p,,,,,,,,,
USP49,0.0694,0.511,0.218,2,hsa-miR-1343-3p,hsa-miR-1307-3p,,,,,,,,,
CAVIN4,0.074,0.519,0.226,2,hsa-miR-1343-3p,hsa-miR-1307-3p,,,,,,,,,
OGFOD1,0.103,0.568,0.275,2,hsa-miR-1343-3p,hsa-miR-1307-3p,,,,,,,,,
OXA1L,0.119,0.597,0.299,2,hsa-miR-1343-3p,hsa-miR-1307-3p,,,,,,,,,
APTX,0.13,0.609,0.315,2,hsa-miR-1343-3p,hsa-miR-1307-3p,,,,,,,,,
DIS3L,0.241,0.7,0.469,2,hsa-miR-1343-3p,hsa-miR-1307-3p,,,,,,,,,
HPSE,0.271,0.7,0.509,2,hsa-miR-1343-3p,hsa-miR-1307-3p,,,,,,,,,
ZNF333,0.241,0.7,0.469,2,hsa-miR-1343-3p,hsa-miR-1307-3p,,,,,,,,,
EMC3,0.319,0.708,0.574,2,hsa-miR-1343-3p,hsa-miR-1307-3p,,,,,,,,,
POC1A,0.307,0.708,0.558,2,hsa-miR-1343-3p,hsa-miR-1307-3p,,,,,,,,,
C6orf132,0.355,0.717,0.622,2,hsa-miR-1343-3p,hsa-miR-1307-3p,,,,,,,,,
TUBD1,0.379,0.72,0.654,2,hsa-miR-1343-3p,hsa-miR-1307-3p,,,,,,,,,
DNAJC28,0.557,0.765,0.921,2,hsa-miR-1343-3p,hsa-miR-1307-3p,,,,,,,,,
ABHD2,0.567,0.768,0.937,2,hsa-miR-1343-3p,hsa-miR-1307-3p,,,,,,,,,
PACS1,0.169,0.658,0.372,2,hsa-miR-320a,hsa-miR-1307-3p,,,,,,,,,
CDK4,0.496,0.749,0.824,2,hsa-miR-320a,hsa-miR-1307-3p,,,,,,,,,
HS3ST1,0.59,0.772,0.978,2,hsa-miR-4276,hsa-miR-1307-3p,,,,,,,,,
ZFP82,0.0605,0.49,0.202,2,hsa-miR-4532,hsa-miR-1307-3p,,,,,,,,,
SF3B1,0.109,0.568,0.283,2,hsa-miR-4532,hsa-miR-1307-3p,,,,,,,,,
KIAA1614,0.141,0.622,0.331,2,hsa-miR-4532,hsa-miR-1307-3p,,,,,,,,,
LIMS1,0.283,0.705,0.525,2,hsa-miR-4532,hsa-miR-1307-3p,,,,,,,,,
FAM120AOS,0.187,0.676,0.396,2,hsa-miR-4687-5p,hsa-miR-1307-3p,,,,,,,,,
NOL10,0.283,0.705,0.525,2,hsa-miR-4728-5p,hsa-miR-1307-3p,,,,,,,,,
MTMR10,0.496,0.749,0.824,2,hsa-miR-4728-5p,hsa-miR-1307-3p,,,,,,,,,
LRIG2,0.552,0.762,0.913,2,hsa-miR-4728-5p,hsa-miR-1307-3p,,,,,,,,,
HOOK3,0.808,0.849,1.48,2,hsa-miR-4728-5p,hsa-miR-1307-3p,,,,,,,,,
LINC00598,0.864,0.882,1.69,2,hsa-miR-4728-5p,hsa-miR-1307-3p,,,,,,,,,
ZNF431,0.675,0.791,1.14,2,hsa-miR-4732-5p,hsa-miR-1307-3p,,,,,,,,,
ATG14,0.13,0.609,0.315,2,hsa-miR-4783-3p,hsa-miR-1307-3p,,,,,,,,,
TMIGD2,0.0366,0.4,0.154,2,hsa-miR-6131,hsa-miR-1307-3p,,,,,,,,,
ZBTB43,0.325,0.708,0.582,2,hsa-miR-6131,hsa-miR-1307-3p,,,,,,,,,
PNMA8A,0.0128,0.311,0.0889,2,hsa-miR-642b-3p,hsa-miR-1307-3p,,,,,,,,,
PTAFR,0.0983,0.561,0.267,2,hsa-miR-8073,hsa-miR-1307-3p,,,,,,,,,
PI4K2B,0.229,0.697,0.452,2,hsa-miR-1307-3p,hsa-miR-1343-3p,,,,,,,,,
MSANTD3,0.211,0.697,0.428,2,hsa-miR-3184-5p,hsa-miR-1343-3p,,,,,,,,,
VOPP1,0.0787,0.519,0.234,2,hsa-miR-320a,hsa-miR-1343-3p,,,,,,,,,
CTNS,0.13,0.609,0.315,2,hsa-miR-320a,hsa-miR-1343-3p,,,,,,,,,
PANK3,0.512,0.755,0.848,2,hsa-miR-320a,hsa-miR-1343-3p,,,,,,,,,
SLC16A1,0.621,0.779,1.03,2,hsa-miR-320a,hsa-miR-1343-3p,,,,,,,,,
TPRG1L,0.349,0.717,0.614,2,hsa-miR-3940-5p,hsa-miR-1343-3p,,,,,,,,,
IGSF6,0.181,0.664,0.388,2,hsa-miR-4728-5p,hsa-miR-1343-3p,,,,,,,,,
SSR1,0.391,0.722,0.671,2,hsa-miR-4728-5p,hsa-miR-1343-3p,,,,,,,,,
CBS,0.453,0.737,0.76,2,hsa-miR-4728-5p,hsa-miR-1343-3p,,,,,,,,,
SSBP2,0.608,0.776,1.01,2,hsa-miR-4728-5p,hsa-miR-1343-3p,,,,,,,,,
PHAX,0.708,0.802,1.21,2,hsa-miR-4728-5p,hsa-miR-1343-3p,,,,,,,,,
ALG1,0.337,0.711,0.598,2,hsa-miR-4732-5p,hsa-miR-1343-3p,,,,,,,,,
C20orf144,0.103,0.568,0.275,2,hsa-miR-575,hsa-miR-1343-3p,,,,,,,,,
CCDC69,0.109,0.568,0.283,2,hsa-miR-575,hsa-miR-1343-3p,,,,,,,,,
SHROOM4,0.109,0.568,0.283,2,hsa-miR-575,hsa-miR-1343-3p,,,,,,,,,
PLXNA2,0.109,0.568,0.283,2,hsa-miR-6131,hsa-miR-1343-3p,,,,,,,,,
SYK,0.109,0.568,0.283,2,hsa-miR-642b-3p,hsa-miR-1343-3p,,,,,,,,,
NUP50,0.337,0.711,0.598,2,hsa-miR-8073,hsa-miR-1343-3p,,,,,,,,,
ZBTB8B,0.651,0.784,1.09,2,hsa-miR-8073,hsa-miR-1343-3p,,,,,,,,,
MCL1,0.48,0.743,0.8,2,hsa-miR-320a,hsa-miR-1469,,,,,,,,,
GNL1,0.217,0.697,0.436,2,hsa-miR-1233-5p,hsa-miR-197-5p,,,,,,,,,
LETM2,0.0834,0.532,0.242,2,hsa-miR-1343-3p,hsa-miR-197-5p,,,,,,,,,
MLX,0.181,0.664,0.388,2,hsa-miR-320a,hsa-miR-197-5p,,,,,,,,,
NDUFAF3,0.181,0.664,0.388,2,hsa-miR-8073,hsa-miR-197-5p,,,,,,,,,
ZNF609,0.431,0.733,0.727,2,hsa-miR-1203,hsa-miR-3184-5p,,,,,,,,,
E2F3,0.647,0.781,1.08,2,hsa-miR-1233-5p,hsa-miR-3184-5p,,,,,,,,,
BANP,0.0265,0.377,0.129,2,hsa-miR-320a,hsa-miR-3184-5p,,,,,,,,,
C20orf27,0.0521,0.454,0.186,2,hsa-miR-320a,hsa-miR-3184-5p,,,,,,,,,
SRM,0.114,0.585,0.291,2,hsa-miR-320a,hsa-miR-3184-5p,,,,,,,,,
NOS1AP,0.141,0.622,0.331,2,hsa-miR-320a,hsa-miR-3184-5p,,,,,,,,,
MAPK8IP3,0.211,0.697,0.428,2,hsa-miR-320a,hsa-miR-3184-5p,,,,,,,,,
SYNGR2,0.223,0.697,0.444,2,hsa-miR-320a,hsa-miR-3184-5p,,,,,,,,,
ARID5B,0.361,0.717,0.63,2,hsa-miR-320a,hsa-miR-3184-5p,,,,,,,,,
CALM3,0.537,0.759,0.889,2,hsa-miR-320a,hsa-miR-3184-5p,,,,,,,,,
ZNF805,0.567,0.768,0.937,2,hsa-miR-4276,hsa-miR-3184-5p,,,,,,,,,
WIPF2,0.571,0.768,0.945,2,hsa-miR-4276,hsa-miR-3184-5p,,,,,,,,,
SP1,0.679,0.793,1.15,2,hsa-miR-4276,hsa-miR-3184-5p,,,,,,,,,
SLC39A11,0.217,0.697,0.436,2,hsa-miR-4675,hsa-miR-3184-5p,,,,,,,,,
SLITRK5,0.0366,0.4,0.154,2,hsa-miR-4728-5p,hsa-miR-3184-5p,,,,,,,,,
MCRIP1,0.0521,0.454,0.186,2,hsa-miR-4728-5p,hsa-miR-3184-5p,,,,,,,,,
TAGLN,0.0883,0.544,0.25,2,hsa-miR-4728-5p,hsa-miR-3184-5p,,,,,,,,,
TMEM11,0.0983,0.561,0.267,2,hsa-miR-4728-5p,hsa-miR-3184-5p,,,,,,,,,
ASPH,0.109,0.568,0.283,2,hsa-miR-4728-5p,hsa-miR-3184-5p,,,,,,,,,
ASCL2,0.119,0.597,0.299,2,hsa-miR-4728-5p,hsa-miR-3184-5p,,,,,,,,,
PHACTR4,0.349,0.717,0.614,2,hsa-miR-4728-5p,hsa-miR-3184-5p,,,,,,,,,
MEX3A,0.459,0.741,0.768,2,hsa-miR-4728-5p,hsa-miR-3184-5p,,,,,,,,,
RRM2,0.491,0.746,0.816,2,hsa-miR-4728-5p,hsa-miR-3184-5p,,,,,,,,,
RPL7L1,0.795,0.845,1.44,2,hsa-miR-4728-5p,hsa-miR-3184-5p,,,,,,,,,
GRID1,0.217,0.697,0.436,2,hsa-miR-6131,hsa-miR-3184-5p,,,,,,,,,
CEBPB,0.217,0.697,0.436,2,hsa-miR-663a,hsa-miR-3184-5p,,,,,,,,,
EN1,0.0521,0.454,0.186,2,hsa-miR-6746-5p,hsa-miR-3184-5p,,,,,,,,,
GJB1,0.211,0.697,0.428,2,hsa-miR-6746-5p,hsa-miR-3184-5p,,,,,,,,,
PPIB,0.0933,0.544,0.259,2,hsa-miR-6784-5p,hsa-miR-3184-5p,,,,,,,,,
SLC2A5,0.199,0.686,0.412,2,hsa-miR-6802-5p,hsa-miR-3184-5p,,,,,,,,,
PAX2,0.074,0.519,0.226,2,hsa-miR-6805-5p,hsa-miR-3184-5p,,,,,,,,,
APEX1,0.211,0.697,0.428,2,hsa-miR-6805-5p,hsa-miR-3184-5p,,,,,,,,,
KIF3B,0.181,0.664,0.388,2,hsa-miR-8059,hsa-miR-3184-5p,,,,,,,,,
TAB2,0.181,0.664,0.388,2,hsa-miR-8059,hsa-miR-3184-5p,,,,,,,,,
NFASC,0.193,0.68,0.404,2,hsa-miR-8059,hsa-miR-3184-5p,,,,,,,,,
EIF2B5,0.048,0.439,0.178,2,hsa-miR-1203,hsa-miR-320a,,,,,,,,,
ACTG1,0.331,0.711,0.59,2,hsa-miR-1307-3p,hsa-miR-320a,,,,,,,,,
AR,0.469,0.743,0.784,2,hsa-miR-4525,hsa-miR-320a,,,,,,,,,
ZNF394,0.595,0.773,0.986,2,hsa-miR-4728-5p,hsa-miR-320a,,,,,,,,,
CRKL,0.626,0.779,1.04,2,hsa-miR-4728-5p,hsa-miR-320a,,,,,,,,,
NPM3,0.301,0.707,0.549,2,hsa-miR-6131,hsa-miR-320a,,,,,,,,,
YOD1,0.848,0.87,1.62,2,hsa-miR-8073,hsa-miR-320a,,,,,,,,,
SAMD4B,0.295,0.707,0.541,2,hsa-miR-92b-5p,hsa-miR-320a,,,,,,,,,
RIOK3,0.048,0.439,0.178,2,hsa-miR-1343-3p,hsa-miR-3940-5p,,,,,,,,,
NOM1,0.486,0.745,0.808,2,hsa-miR-1343-3p,hsa-miR-3940-5p,,,,,,,,,
DSTYK,0.667,0.789,1.12,2,hsa-miR-1343-3p,hsa-miR-3940-5p,,,,,,,,,
HIST1H2BH,0.0205,0.337,0.113,2,hsa-miR-320a,hsa-miR-3940-5p,,,,,,,,,
ARF1,0.373,0.72,0.646,2,hsa-miR-320a,hsa-miR-3940-5p,,,,,,,,,
IRF2BP2,0.373,0.72,0.646,2,hsa-miR-320a,hsa-miR-3940-5p,,,,,,,,,
ISY1,0.349,0.717,0.614,2,hsa-miR-4687-5p,hsa-miR-3940-5p,,,,,,,,,
CCDC117,0.289,0.705,0.533,2,hsa-miR-6746-5p,hsa-miR-3940-5p,,,,,,,,,
ERGIC2,0.475,0.743,0.792,2,hsa-miR-6800-5p,hsa-miR-3940-5p,,,,,,,,,
ZFP14,0.512,0.755,0.848,2,hsa-miR-6802-5p,hsa-miR-3940-5p,,,,,,,,,
ANKRD42,0.181,0.664,0.388,2,hsa-miR-3184-5p,hsa-miR-4276,,,,,,,,,
ABLIM1,0.277,0.7,0.517,2,hsa-miR-320a,hsa-miR-4276,,,,,,,,,
FOXP1,0.265,0.7,0.501,2,hsa-miR-320a,hsa-miR-4276,,,,,,,,,
RBM38,0.265,0.7,0.501,2,hsa-miR-320a,hsa-miR-4276,,,,,,,,,
EIF2S3,0.414,0.73,0.703,2,hsa-miR-4532,hsa-miR-4276,,,,,,,,,
RBMS2,0.639,0.779,1.07,2,hsa-miR-4728-5p,hsa-miR-4276,,,,,,,,,
ATG2A,0.295,0.707,0.541,2,hsa-miR-6805-5p,hsa-miR-4276,,,,,,,,,
EFNA3,0.0933,0.544,0.259,2,hsa-miR-1233-5p,hsa-miR-4525,,,,,,,,,
HOXB5,0.241,0.7,0.469,2,hsa-miR-1343-3p,hsa-miR-4525,,,,,,,,,
ARPP19,0.808,0.849,1.48,2,hsa-miR-320a,hsa-miR-4525,,,,,,,,,
IGF1R,0.918,0.924,1.98,2,hsa-miR-320a,hsa-miR-4525,,,,,,,,,
NGFR,0.199,0.686,0.412,2,hsa-miR-4728-5p,hsa-miR-4525,,,,,,,,,
MYH14,0.241,0.7,0.469,2,hsa-miR-4728-5p,hsa-miR-4525,,,,,,,,,
TBXA2R,0.385,0.721,0.663,2,hsa-miR-4728-5p,hsa-miR-4525,,,,,,,,,
CHST6,0.379,0.72,0.654,2,hsa-miR-575,hsa-miR-4525,,,,,,,,,
SZRD1,0.491,0.746,0.816,2,hsa-miR-575,hsa-miR-4525,,,,,,,,,
DSG3,0.0178,0.317,0.105,2,hsa-miR-1307-3p,hsa-miR-4532,,,,,,,,,
ERAP2,0.0331,0.377,0.145,2,hsa-miR-1307-3p,hsa-miR-4532,,,,,,,,,
AKR1D1,0.0403,0.415,0.162,2,hsa-miR-1307-3p,hsa-miR-4532,,,,,,,,,
IL10RB,0.0694,0.511,0.218,2,hsa-miR-1307-3p,hsa-miR-4532,,,,,,,,,
MRPL36,0.074,0.519,0.226,2,hsa-miR-1307-3p,hsa-miR-4532,,,,,,,,,
TAS2R5,0.114,0.585,0.291,2,hsa-miR-1307-3p,hsa-miR-4532,,,,,,,,,
ZNF419,0.114,0.585,0.291,2,hsa-miR-1307-3p,hsa-miR-4532,,,,,,,,,
RNF222,0.119,0.597,0.299,2,hsa-miR-1307-3p,hsa-miR-4532,,,,,,,,,
VSTM4,0.152,0.631,0.347,2,hsa-miR-1307-3p,hsa-miR-4532,,,,,,,,,
PSMB2,0.175,0.66,0.38,2,hsa-miR-1307-3p,hsa-miR-4532,,,,,,,,,
SEMA3E,0.253,0.7,0.485,2,hsa-miR-1307-3p,hsa-miR-4532,,,,,,,,,
SGO1,0.271,0.7,0.509,2,hsa-miR-1307-3p,hsa-miR-4532,,,,,,,,,
PRPF4,0.337,0.711,0.598,2,hsa-miR-1307-3p,hsa-miR-4532,,,,,,,,,
KCNJ6,0.431,0.733,0.727,2,hsa-miR-1307-3p,hsa-miR-4532,,,,,,,,,
GK5,0.686,0.796,1.16,2,hsa-miR-1307-3p,hsa-miR-4532,,,,,,,,,
GPAT4,0.475,0.743,0.792,2,hsa-miR-1343-3p,hsa-miR-4532,,,,,,,,,
AHCYL2,0.408,0.727,0.695,2,hsa-miR-197-5p,hsa-miR-4532,,,,,,,,,
HM13,0.253,0.7,0.485,2,hsa-miR-3940-5p,hsa-miR-4532,,,,,,,,,
TAF8,0.507,0.752,0.84,2,hsa-miR-4675,hsa-miR-4532,,,,,,,,,
FAM212B,0.223,0.697,0.444,2,hsa-miR-4706,hsa-miR-4532,,,,,,,,,
PHYHIP,0.141,0.622,0.331,2,hsa-miR-4728-5p,hsa-miR-4532,,,,,,,,,
ZBTB3,0.355,0.717,0.622,2,hsa-miR-4728-5p,hsa-miR-4532,,,,,,,,,
LAX1,0.581,0.768,0.962,2,hsa-miR-4728-5p,hsa-miR-4532,,,,,,,,,
CYP20A1,0.803,0.847,1.46,2,hsa-miR-4728-5p,hsa-miR-4532,,,,,,,,,
SLC30A5,0.181,0.664,0.388,2,hsa-miR-4732-5p,hsa-miR-4532,,,,,,,,,
CYP2B6,0.152,0.631,0.347,2,hsa-miR-4787-5p,hsa-miR-4532,,,,,,,,,
ZNF573,0.59,0.772,0.978,2,hsa-miR-6131,hsa-miR-4532,,,,,,,,,
KIAA0408,0.319,0.708,0.574,2,hsa-miR-642b-3p,hsa-miR-4532,,,,,,,,,
SIGLEC9,0.431,0.733,0.727,2,hsa-miR-642b-3p,hsa-miR-4532,,,,,,,,,
ZNF843,0.0331,0.377,0.145,2,hsa-miR-6746-5p,hsa-miR-4532,,,,,,,,,
GTPBP10,0.289,0.705,0.533,2,hsa-miR-6746-5p,hsa-miR-4532,,,,,,,,,
CPNE5,0.0787,0.519,0.234,2,hsa-miR-6784-5p,hsa-miR-4532,,,,,,,,,
PMP22,0.0152,0.311,0.097,2,hsa-miR-1233-5p,hsa-miR-4648,,,,,,,,,
FAM19A3,0.0205,0.337,0.113,2,hsa-miR-1233-5p,hsa-miR-4648,,,,,,,,,
EGFLAM,0.0265,0.377,0.129,2,hsa-miR-1233-5p,hsa-miR-4648,,,,,,,,,
WNK2,0.0562,0.468,0.194,2,hsa-miR-1233-5p,hsa-miR-4648,,,,,,,,,
AMFR,0.0649,0.495,0.21,2,hsa-miR-1233-5p,hsa-miR-4648,,,,,,,,,
CCDC149,0.141,0.622,0.331,2,hsa-miR-1233-5p,hsa-miR-4648,,,,,,,,,
ARHGAP18,0.164,0.647,0.364,2,hsa-miR-1233-5p,hsa-miR-4648,,,,,,,,,
POLDIP2,0.158,0.647,0.356,2,hsa-miR-1233-5p,hsa-miR-4648,,,,,,,,,
ZMIZ1,0.169,0.658,0.372,2,hsa-miR-1233-5p,hsa-miR-4648,,,,,,,,,
RPL12,0.175,0.66,0.38,2,hsa-miR-1233-5p,hsa-miR-4648,,,,,,,,,
MRPS27,0.271,0.7,0.509,2,hsa-miR-1233-5p,hsa-miR-4648,,,,,,,,,
RABGEF1,0.277,0.7,0.517,2,hsa-miR-1233-5p,hsa-miR-4648,,,,,,,,,
VMA21,0.247,0.7,0.477,2,hsa-miR-1233-5p,hsa-miR-4648,,,,,,,,,
CEP120,0.283,0.705,0.525,2,hsa-miR-1233-5p,hsa-miR-4648,,,,,,,,,
NLRP9,0.325,0.708,0.582,2,hsa-miR-1233-5p,hsa-miR-4648,,,,,,,,,
ATP5A1,0.402,0.727,0.687,2,hsa-miR-1233-5p,hsa-miR-4648,,,,,,,,,
CDC5L,0.419,0.731,0.711,2,hsa-miR-1233-5p,hsa-miR-4648,,,,,,,,,
RAB32,0.571,0.768,0.945,2,hsa-miR-1233-5p,hsa-miR-4648,,,,,,,,,
TRIM28,0.283,0.705,0.525,2,hsa-miR-1233-5p,hsa-miR-4675,,,,,,,,,
RHOA,0.436,0.733,0.735,2,hsa-miR-1233-5p,hsa-miR-4675,,,,,,,,,
ORC6,0.277,0.7,0.517,2,hsa-miR-1307-3p,hsa-miR-4675,,,,,,,,,
ARHGEF18,0.0521,0.454,0.186,2,hsa-miR-1469,hsa-miR-4675,,,,,,,,,
ANXA11,0.0787,0.519,0.234,2,hsa-miR-320a,hsa-miR-4675,,,,,,,,,
FADS6,0.425,0.732,0.719,2,hsa-miR-4728-5p,hsa-miR-4675,,,,,,,,,
PROSER2,0.289,0.705,0.533,2,hsa-miR-1307-3p,hsa-miR-4687-5p,,,,,,,,,
PNPLA3,0.367,0.717,0.638,2,hsa-miR-1343-3p,hsa-miR-4687-5p,,,,,,,,,
AJAP1,0.277,0.7,0.517,2,hsa-miR-3184-5p,hsa-miR-4687-5p,,,,,,,,,
SLC25A12,0.205,0.686,0.42,2,hsa-miR-320a,hsa-miR-4687-5p,,,,,,,,,
RAB3IP,0.586,0.772,0.97,2,hsa-miR-3940-5p,hsa-miR-4687-5p,,,,,,,,,
SOX4,0.767,0.828,1.36,2,hsa-miR-4276,hsa-miR-4687-5p,,,,,,,,,
PPM1D,0.175,0.66,0.38,2,hsa-miR-4728-5p,hsa-miR-4687-5p,,,,,,,,,
ZCCHC24,0.181,0.664,0.388,2,hsa-miR-4728-5p,hsa-miR-4687-5p,,,,,,,,,
CNOT6L,0.379,0.72,0.654,2,hsa-miR-4728-5p,hsa-miR-4687-5p,,,,,,,,,
CHRNE,0.00854,0.239,0.0727,2,hsa-miR-4732-5p,hsa-miR-4687-5p,,,,,,,,,
MTHFD2,0.59,0.772,0.978,2,hsa-miR-6746-5p,hsa-miR-4687-5p,,,,,,,,,
RAC3,0.0562,0.468,0.194,2,hsa-miR-6802-5p,hsa-miR-4687-5p,,,,,,,,,
PARP1,0.361,0.717,0.63,2,hsa-miR-8073,hsa-miR-4687-5p,,,,,,,,,
SERPINA1,0.0331,0.377,0.145,2,hsa-miR-1343-3p,hsa-miR-4690-5p,,,,,,,,,
TNPO2,0.608,0.776,1.01,2,hsa-miR-197-5p,hsa-miR-4690-5p,,,,,,,,,
ZNF436,0.0834,0.532,0.242,2,hsa-miR-320a,hsa-miR-4690-5p,,,,,,,,,
ZC3H4,0.187,0.676,0.396,2,hsa-miR-320a,hsa-miR-4690-5p,,,,,,,,,
AGO1,0.557,0.765,0.921,2,hsa-miR-320a,hsa-miR-4690-5p,,,,,,,,,
ALDH9A1,0.337,0.711,0.598,2,hsa-miR-4276,hsa-miR-4690-5p,,,,,,,,,
SUGT1,0.69,0.797,1.17,2,hsa-miR-4728-5p,hsa-miR-4690-5p,,,,,,,,,
RIMBP3C,0.074,0.519,0.226,2,hsa-miR-6090,hsa-miR-4690-5p,,,,,,,,,
VPS37B,0.265,0.7,0.501,2,hsa-miR-6746-5p,hsa-miR-4690-5p,,,,,,,,,
SLC9A3,0.0297,0.377,0.137,2,hsa-miR-1228-5p,hsa-miR-4706,,,,,,,,,
THY1,0.0933,0.544,0.259,2,hsa-miR-1228-5p,hsa-miR-4706,,,,,,,,,
CLU,0.307,0.708,0.558,2,hsa-miR-1228-5p,hsa-miR-4706,,,,,,,,,
VGLL4,0.259,0.7,0.493,2,hsa-miR-1233-5p,hsa-miR-4706,,,,,,,,,
YIPF2,0.048,0.439,0.178,2,hsa-miR-4728-5p,hsa-miR-4706,,,,,,,,,
DISC1,0.175,0.66,0.38,2,hsa-miR-4728-5p,hsa-miR-4706,,,,,,,,,
C1D,0.241,0.7,0.469,2,hsa-miR-4728-5p,hsa-miR-4706,,,,,,,,,
WDR75,0.119,0.597,0.299,2,hsa-miR-1228-5p,hsa-miR-4728-5p,,,,,,,,,
CDC37,0.135,0.613,0.323,2,hsa-miR-1228-5p,hsa-miR-4728-5p,,,,,,,,,
SCNM1,0.187,0.676,0.396,2,hsa-miR-1228-5p,hsa-miR-4728-5p,,,,,,,,,
NRIP3,0.325,0.708,0.582,2,hsa-miR-1228-5p,hsa-miR-4728-5p,,,,,,,,,
CHMP1B,0.436,0.733,0.735,2,hsa-miR-1228-5p,hsa-miR-4728-5p,,,,,,,,,
MAPKAPK5,0.797,0.845,1.45,2,hsa-miR-1228-5p,hsa-miR-4728-5p,,,,,,,,,
MDM2,0.852,0.873,1.64,2,hsa-miR-1228-5p,hsa-miR-4728-5p,,,,,,,,,
ZBED9,0.0403,0.415,0.162,2,hsa-miR-1233-5p,hsa-miR-4728-5p,,,,,,,,,
CES3,0.0694,0.511,0.218,2,hsa-miR-1233-5p,hsa-miR-4728-5p,,,,,,,,,
PDE7B,0.0787,0.519,0.234,2,hsa-miR-1233-5p,hsa-miR-4728-5p,,,,,,,,,
UBLCP1,0.074,0.519,0.226,2,hsa-miR-1233-5p,hsa-miR-4728-5p,,,,,,,,,
COL5A1,0.0883,0.544,0.25,2,hsa-miR-1233-5p,hsa-miR-4728-5p,,,,,,,,,
EPHB2,0.109,0.568,0.283,2,hsa-miR-1233-5p,hsa-miR-4728-5p,,,,,,,,,
GCFC2,0.114,0.585,0.291,2,hsa-miR-1233-5p,hsa-miR-4728-5p,,,,,,,,,
TGFBR3L,0.125,0.6,0.307,2,hsa-miR-1233-5p,hsa-miR-4728-5p,,,,,,,,,
SART3,0.135,0.613,0.323,2,hsa-miR-1233-5p,hsa-miR-4728-5p,,,,,,,,,
PHC2,0.152,0.631,0.347,2,hsa-miR-1233-5p,hsa-miR-4728-5p,,,,,,,,,
IRAK3,0.169,0.658,0.372,2,hsa-miR-1233-5p,hsa-miR-4728-5p,,,,,,,,,
RAB2B,0.169,0.658,0.372,2,hsa-miR-1233-5p,hsa-miR-4728-5p,,,,,,,,,
PITPNA,0.199,0.686,0.412,2,hsa-miR-1233-5p,hsa-miR-4728-5p,,,,,,,,,
SUMF2,0.205,0.686,0.42,2,hsa-miR-1233-5p,hsa-miR-4728-5p,,,,,,,,,
DUSP4,0.211,0.697,0.428,2,hsa-miR-1233-5p,hsa-miR-4728-5p,,,,,,,,,
HOXC4,0.217,0.697,0.436,2,hsa-miR-1233-5p,hsa-miR-4728-5p,,,,,,,,,
GEMIN4,0.223,0.697,0.444,2,hsa-miR-1233-5p,hsa-miR-4728-5p,,,,,,,,,
SIT1,0.229,0.697,0.452,2,hsa-miR-1233-5p,hsa-miR-4728-5p,,,,,,,,,
DNAH10OS,0.271,0.7,0.509,2,hsa-miR-1233-5p,hsa-miR-4728-5p,,,,,,,,,
EIF4A3,0.259,0.7,0.493,2,hsa-miR-1233-5p,hsa-miR-4728-5p,,,,,,,,,
LRRC20,0.253,0.7,0.485,2,hsa-miR-1233-5p,hsa-miR-4728-5p,,,,,,,,,
PLXNA1,0.241,0.7,0.469,2,hsa-miR-1233-5p,hsa-miR-4728-5p,,,,,,,,,
MIGA2,0.295,0.707,0.541,2,hsa-miR-1233-5p,hsa-miR-4728-5p,,,,,,,,,
AHR,0.319,0.708,0.574,2,hsa-miR-1233-5p,hsa-miR-4728-5p,,,,,,,,,
RFT1,0.325,0.708,0.582,2,hsa-miR-1233-5p,hsa-miR-4728-5p,,,,,,,,,
TOMM20,0.355,0.717,0.622,2,hsa-miR-1233-5p,hsa-miR-4728-5p,,,,,,,,,
XRCC6,0.396,0.725,0.679,2,hsa-miR-1233-5p,hsa-miR-4728-5p,,,,,,,,,
GPC4,0.436,0.733,0.735,2,hsa-miR-1233-5p,hsa-miR-4728-5p,,,,,,,,,
SLC27A1,0.486,0.745,0.808,2,hsa-miR-1233-5p,hsa-miR-4728-5p,,,,,,,,,
CRY2,0.532,0.759,0.881,2,hsa-miR-1233-5p,hsa-miR-4728-5p,,,,,,,,,
PHF12,0.599,0.775,0.994,2,hsa-miR-1233-5p,hsa-miR-4728-5p,,,,,,,,,
FBXL18,0.626,0.779,1.04,2,hsa-miR-1233-5p,hsa-miR-4728-5p,,,,,,,,,
ESF1,0.223,0.697,0.444,2,hsa-miR-1307-3p,hsa-miR-4728-5p,,,,,,,,,
DOCK7,0.271,0.7,0.509,2,hsa-miR-1307-3p,hsa-miR-4728-5p,,,,,,,,,
EEF2K,0.277,0.7,0.517,2,hsa-miR-1307-3p,hsa-miR-4728-5p,,,,,,,,,
ZNF695,0.325,0.708,0.582,2,hsa-miR-1307-3p,hsa-miR-4728-5p,,,,,,,,,
ZNF284,0.379,0.72,0.654,2,hsa-miR-1307-3p,hsa-miR-4728-5p,,,,,,,,,
SCO1,0.527,0.758,0.873,2,hsa-miR-1307-3p,hsa-miR-4728-5p,,,,,,,,,
HSD17B12,0.613,0.777,1.02,2,hsa-miR-1307-3p,hsa-miR-4728-5p,,,,,,,,,
FAM71F2,0.69,0.797,1.17,2,hsa-miR-1307-3p,hsa-miR-4728-5p,,,,,,,,,
ZNF417,0.742,0.817,1.29,2,hsa-miR-1307-3p,hsa-miR-4728-5p,,,,,,,,,
SCRG1,0.205,0.686,0.42,2,hsa-miR-1343-3p,hsa-miR-4728-5p,,,,,,,,,
TMPPE,0.385,0.721,0.663,2,hsa-miR-1343-3p,hsa-miR-4728-5p,,,,,,,,,
FAM151B,0.408,0.727,0.695,2,hsa-miR-1343-3p,hsa-miR-4728-5p,,,,,,,,,
GPR107,0.408,0.727,0.695,2,hsa-miR-1343-3p,hsa-miR-4728-5p,,,,,,,,,
OCIAD2,0.613,0.777,1.02,2,hsa-miR-1343-3p,hsa-miR-4728-5p,,,,,,,,,
IKZF3,0.647,0.781,1.08,2,hsa-miR-1343-3p,hsa-miR-4728-5p,,,,,,,,,
PURB,0.795,0.845,1.44,2,hsa-miR-1343-3p,hsa-miR-4728-5p,,,,,,,,,
BCL10,0.229,0.697,0.452,2,hsa-miR-197-5p,hsa-miR-4728-5p,,,,,,,,,
SPEF1,0.0403,0.415,0.162,2,hsa-miR-3184-5p,hsa-miR-4728-5p,,,,,,,,,
MYBL2,0.164,0.647,0.364,2,hsa-miR-3184-5p,hsa-miR-4728-5p,,,,,,,,,
NCEH1,0.211,0.697,0.428,2,hsa-miR-3184-5p,hsa-miR-4728-5p,,,,,,,,,
WDR45B,0.271,0.7,0.509,2,hsa-miR-3184-5p,hsa-miR-4728-5p,,,,,,,,,
LASP1,0.486,0.745,0.808,2,hsa-miR-3184-5p,hsa-miR-4728-5p,,,,,,,,,
FAM234A,0.0178,0.317,0.105,2,hsa-miR-320a,hsa-miR-4728-5p,,,,,,,,,
PLCD3,0.125,0.6,0.307,2,hsa-miR-320a,hsa-miR-4728-5p,,,,,,,,,
ITGB3,0.152,0.631,0.347,2,hsa-miR-320a,hsa-miR-4728-5p,,,,,,,,,
PAPOLA,0.169,0.658,0.372,2,hsa-miR-320a,hsa-miR-4728-5p,,,,,,,,,
HES6,0.187,0.676,0.396,2,hsa-miR-320a,hsa-miR-4728-5p,,,,,,,,,
RANBP6,0.217,0.697,0.436,2,hsa-miR-320a,hsa-miR-4728-5p,,,,,,,,,
MAPK1IP1L,0.241,0.7,0.469,2,hsa-miR-320a,hsa-miR-4728-5p,,,,,,,,,
POLR3D,0.271,0.7,0.509,2,hsa-miR-320a,hsa-miR-4728-5p,,,,,,,,,
NRBP1,0.367,0.717,0.638,2,hsa-miR-320a,hsa-miR-4728-5p,,,,,,,,,
NRF1,0.361,0.717,0.63,2,hsa-miR-320a,hsa-miR-4728-5p,,,,,,,,,
RALY,0.349,0.717,0.614,2,hsa-miR-320a,hsa-miR-4728-5p,,,,,,,,,
SRSF7,0.527,0.758,0.873,2,hsa-miR-320a,hsa-miR-4728-5p,,,,,,,,,
GLUL,0.613,0.777,1.02,2,hsa-miR-320a,hsa-miR-4728-5p,,,,,,,,,
RPRD2,0.748,0.819,1.31,2,hsa-miR-320a,hsa-miR-4728-5p,,,,,,,,,
EIF1AD,0.391,0.722,0.671,2,hsa-miR-3940-5p,hsa-miR-4728-5p,,,,,,,,,
HOXC8,0.459,0.741,0.768,2,hsa-miR-3940-5p,hsa-miR-4728-5p,,,,,,,,,
SLFN12L,0.507,0.752,0.84,2,hsa-miR-3940-5p,hsa-miR-4728-5p,,,,,,,,,
NCMAP,0.147,0.631,0.339,2,hsa-miR-4276,hsa-miR-4728-5p,,,,,,,,,
ATL3,0.325,0.708,0.582,2,hsa-miR-4276,hsa-miR-4728-5p,,,,,,,,,
CDKN1B,0.694,0.797,1.18,2,hsa-miR-4276,hsa-miR-4728-5p,,,,,,,,,
CAMK2A,0.0787,0.519,0.234,2,hsa-miR-4525,hsa-miR-4728-5p,,,,,,,,,
DPH2,0.0834,0.532,0.242,2,hsa-miR-4525,hsa-miR-4728-5p,,,,,,,,,
SNU13,0.0883,0.544,0.25,2,hsa-miR-4525,hsa-miR-4728-5p,,,,,,,,,
STOML3,0.0983,0.561,0.267,2,hsa-miR-4525,hsa-miR-4728-5p,,,,,,,,,
CD40LG,0.103,0.568,0.275,2,hsa-miR-4525,hsa-miR-4728-5p,,,,,,,,,
PKNOX2,0.109,0.568,0.283,2,hsa-miR-4525,hsa-miR-4728-5p,,,,,,,,,
PRPF4B,0.109,0.568,0.283,2,hsa-miR-4525,hsa-miR-4728-5p,,,,,,,,,
RICTOR,0.205,0.686,0.42,2,hsa-miR-4525,hsa-miR-4728-5p,,,,,,,,,
RPP25,0.223,0.697,0.444,2,hsa-miR-4525,hsa-miR-4728-5p,,,,,,,,,
PLEKHA3,0.469,0.743,0.784,2,hsa-miR-4525,hsa-miR-4728-5p,,,,,,,,,
POTEM,0.604,0.776,1,2,hsa-miR-4525,hsa-miR-4728-5p,,,,,,,,,
POTEG,0.608,0.776,1.01,2,hsa-miR-4525,hsa-miR-4728-5p,,,,,,,,,
PHB2,0.639,0.779,1.07,2,hsa-miR-4525,hsa-miR-4728-5p,,,,,,,,,
PGPEP1,0.667,0.789,1.12,2,hsa-miR-4525,hsa-miR-4728-5p,,,,,,,,,
PTK6,0.325,0.708,0.582,2,hsa-miR-4532,hsa-miR-4728-5p,,,,,,,,,
RBM43,0.436,0.733,0.735,2,hsa-miR-4532,hsa-miR-4728-5p,,,,,,,,,
ZMYM1,0.469,0.743,0.784,2,hsa-miR-4532,hsa-miR-4728-5p,,,,,,,,,
KBTBD12,0.158,0.647,0.356,2,hsa-miR-4675,hsa-miR-4728-5p,,,,,,,,,
TMEM91,0.301,0.707,0.549,2,hsa-miR-4675,hsa-miR-4728-5p,,,,,,,,,
TIAL1,0.59,0.772,0.978,2,hsa-miR-4675,hsa-miR-4728-5p,,,,,,,,,
ABCG8,0.655,0.785,1.1,2,hsa-miR-4675,hsa-miR-4728-5p,,,,,,,,,
RAB4A,0.313,0.708,0.566,2,hsa-miR-4687-5p,hsa-miR-4728-5p,,,,,,,,,
GAPVD1,0.517,0.756,0.856,2,hsa-miR-4687-5p,hsa-miR-4728-5p,,,,,,,,,
FOXP4,0.235,0.7,0.461,2,hsa-miR-4690-5p,hsa-miR-4728-5p,,,,,,,,,
TRAF3IP2,0.453,0.737,0.76,2,hsa-miR-575,hsa-miR-4728-5p,,,,,,,,,
YME1L1,0.343,0.714,0.606,2,hsa-miR-6131,hsa-miR-4728-5p,,,,,,,,,
TYRO3,0.48,0.743,0.8,2,hsa-miR-6131,hsa-miR-4728-5p,,,,,,,,,
ACAP2,0.337,0.711,0.598,2,hsa-miR-642b-3p,hsa-miR-4728-5p,,,,,,,,,
NAV2,0.277,0.7,0.517,2,hsa-miR-663a,hsa-miR-4728-5p,,,,,,,,,
TJP3,0.109,0.568,0.283,2,hsa-miR-6746-5p,hsa-miR-4728-5p,,,,,,,,,
OSBPL2,0.181,0.664,0.388,2,hsa-miR-6746-5p,hsa-miR-4728-5p,,,,,,,,,
HAVCR1,0.199,0.686,0.412,2,hsa-miR-6746-5p,hsa-miR-4728-5p,,,,,,,,,
ZNF681,0.301,0.707,0.549,2,hsa-miR-6746-5p,hsa-miR-4728-5p,,,,,,,,,
NDUFA7,0.313,0.708,0.566,2,hsa-miR-6746-5p,hsa-miR-4728-5p,,,,,,,,,
TCF23,0.373,0.72,0.646,2,hsa-miR-6746-5p,hsa-miR-4728-5p,,,,,,,,,
FAM208A,0.431,0.733,0.727,2,hsa-miR-6746-5p,hsa-miR-4728-5p,,,,,,,,,
DHODH,0.581,0.768,0.962,2,hsa-miR-6746-5p,hsa-miR-4728-5p,,,,,,,,,
DNAL1,0.77,0.83,1.37,2,hsa-miR-6746-5p,hsa-miR-4728-5p,,,,,,,,,
THAP5,0.0883,0.544,0.25,2,hsa-miR-6802-5p,hsa-miR-4728-5p,,,,,,,,,
ARSK,0.59,0.772,0.978,2,hsa-miR-6802-5p,hsa-miR-4728-5p,,,,,,,,,
MICB,0.229,0.697,0.452,2,hsa-miR-6805-5p,hsa-miR-4728-5p,,,,,,,,,
KIAA0754,0.211,0.697,0.428,2,hsa-miR-8073,hsa-miR-4728-5p,,,,,,,,,
ZDHHC24,0.337,0.711,0.598,2,hsa-miR-8073,hsa-miR-4728-5p,,,,,,,,,
AGTRAP,0.475,0.743,0.792,2,hsa-miR-8073,hsa-miR-4728-5p,,,,,,,,,
ZSCAN22,0.486,0.745,0.808,2,hsa-miR-8073,hsa-miR-4728-5p,,,,,,,,,
TRAPPC2,0.562,0.766,0.929,2,hsa-miR-8073,hsa-miR-4728-5p,,,,,,,,,
C11orf54,0.604,0.776,1,2,hsa-miR-8073,hsa-miR-4728-5p,,,,,,,,,
MYPN,0.697,0.798,1.19,2,hsa-miR-8073,hsa-miR-4728-5p,,,,,,,,,
USP6NL,0.442,0.733,0.743,2,hsa-miR-92b-5p,hsa-miR-4728-5p,,,,,,,,,
FAHD1,0.552,0.762,0.913,2,hsa-miR-92b-5p,hsa-miR-4728-5p,,,,,,,,,
RPS28,0.0403,0.415,0.162,2,hsa-miR-1307-3p,hsa-miR-4730,,,,,,,,,
BACE2,0.469,0.743,0.784,2,hsa-miR-6131,hsa-miR-4730,,,,,,,,,
SP110,0.223,0.697,0.444,2,hsa-miR-1307-3p,hsa-miR-4732-5p,,,,,,,,,
APOBEC3C,0.0933,0.544,0.259,2,hsa-miR-3184-5p,hsa-miR-4732-5p,,,,,,,,,
MLXIP,0.552,0.762,0.913,2,hsa-miR-4728-5p,hsa-miR-4732-5p,,,,,,,,,
ZNF724,0.319,0.708,0.574,2,hsa-miR-6131,hsa-miR-4732-5p,,,,,,,,,
TUBB2A,0.831,0.861,1.56,2,hsa-miR-8059,hsa-miR-4732-5p,,,,,,,,,
MRPS18A,0.0234,0.354,0.121,2,hsa-miR-1238-5p,hsa-miR-4758-5p,,,,,,,,,
BAIAP2L1,0.0366,0.4,0.154,2,hsa-miR-1238-5p,hsa-miR-4758-5p,,,,,,,,,
MALL,0.0521,0.454,0.186,2,hsa-miR-1238-5p,hsa-miR-4758-5p,,,,,,,,,
LYPLA2,0.125,0.6,0.307,2,hsa-miR-1238-5p,hsa-miR-4758-5p,,,,,,,,,
ZC3H11A,0.147,0.631,0.339,2,hsa-miR-1238-5p,hsa-miR-4758-5p,,,,,,,,,
SLC7A2,0.164,0.647,0.364,2,hsa-miR-1238-5p,hsa-miR-4758-5p,,,,,,,,,
TNFRSF10A,0.175,0.66,0.38,2,hsa-miR-1238-5p,hsa-miR-4758-5p,,,,,,,,,
BCL2L12,0.199,0.686,0.412,2,hsa-miR-1238-5p,hsa-miR-4758-5p,,,,,,,,,
ZC3H7B,0.343,0.714,0.606,2,hsa-miR-1238-5p,hsa-miR-4758-5p,,,,,,,,,
SPCS3,0.402,0.727,0.687,2,hsa-miR-1238-5p,hsa-miR-4758-5p,,,,,,,,,
SYNRG,0.187,0.676,0.396,2,hsa-miR-1307-3p,hsa-miR-4783-3p,,,,,,,,,
TIMM8A,0.621,0.779,1.03,2,hsa-miR-1343-3p,hsa-miR-4783-3p,,,,,,,,,
DENND4B,0.0265,0.377,0.129,2,hsa-miR-320a,hsa-miR-4783-3p,,,,,,,,,
GPT2,0.0366,0.4,0.154,2,hsa-miR-320a,hsa-miR-4783-3p,,,,,,,,,
HOXA10,0.391,0.722,0.671,2,hsa-miR-320a,hsa-miR-4783-3p,,,,,,,,,
SSU72,0.385,0.721,0.663,2,hsa-miR-4728-5p,hsa-miR-4783-3p,,,,,,,,,
SNX22,0.13,0.609,0.315,2,hsa-miR-1307-3p,hsa-miR-4787-5p,,,,,,,,,
HAAO,0.0834,0.532,0.242,2,hsa-miR-197-5p,hsa-miR-4787-5p,,,,,,,,,
FAM222B,0.109,0.568,0.283,2,hsa-miR-4525,hsa-miR-4787-5p,,,,,,,,,
SPECC1L,0.0441,0.433,0.17,2,hsa-miR-4706,hsa-miR-4787-5p,,,,,,,,,
SNX19,0.103,0.568,0.275,2,hsa-miR-4728-5p,hsa-miR-4787-5p,,,,,,,,,
ECE1,0.408,0.727,0.695,2,hsa-miR-4728-5p,hsa-miR-4787-5p,,,,,,,,,
PKD1,0.431,0.733,0.727,2,hsa-miR-6090,hsa-miR-4787-5p,,,,,,,,,
HDAC7,0.0331,0.377,0.145,2,hsa-miR-1203,hsa-miR-575,,,,,,,,,
ATAD5,0.199,0.686,0.412,2,hsa-miR-1233-5p,hsa-miR-575,,,,,,,,,
CCS,0.367,0.717,0.638,2,hsa-miR-1307-3p,hsa-miR-575,,,,,,,,,
SMG1,0.663,0.787,1.12,2,hsa-miR-1307-3p,hsa-miR-575,,,,,,,,,
SNRNP48,0.0694,0.511,0.218,2,hsa-miR-320a,hsa-miR-575,,,,,,,,,
POLR2F,0.253,0.7,0.485,2,hsa-miR-320a,hsa-miR-575,,,,,,,,,
SURF4,0.391,0.722,0.671,2,hsa-miR-3940-5p,hsa-miR-575,,,,,,,,,
UBN2,0.808,0.849,1.48,2,hsa-miR-4276,hsa-miR-575,,,,,,,,,
POLD3,0.259,0.7,0.493,2,hsa-miR-4525,hsa-miR-575,,,,,,,,,
DBN1,0.247,0.7,0.477,2,hsa-miR-4675,hsa-miR-575,,,,,,,,,
SNX11,0.135,0.613,0.323,2,hsa-miR-4728-5p,hsa-miR-575,,,,,,,,,
SRRD,0.265,0.7,0.501,2,hsa-miR-4728-5p,hsa-miR-575,,,,,,,,,
FAT3,0.325,0.708,0.582,2,hsa-miR-4728-5p,hsa-miR-575,,,,,,,,,
QPCTL,0.361,0.717,0.63,2,hsa-miR-4728-5p,hsa-miR-575,,,,,,,,,
ZNF584,0.557,0.765,0.921,2,hsa-miR-4728-5p,hsa-miR-575,,,,,,,,,
ABHD5,0.199,0.686,0.412,2,hsa-miR-4732-5p,hsa-miR-575,,,,,,,,,
NCBP3,0.414,0.73,0.703,2,hsa-miR-642b-3p,hsa-miR-575,,,,,,,,,
BLOC1S3,0.187,0.676,0.396,2,hsa-miR-6746-5p,hsa-miR-575,,,,,,,,,
XPNPEP3,0.277,0.7,0.517,2,hsa-miR-6746-5p,hsa-miR-575,,,,,,,,,
DBNDD1,0.0265,0.377,0.129,2,hsa-miR-1233-5p,hsa-miR-6090,,,,,,,,,
RPRM,0.0933,0.544,0.259,2,hsa-miR-1233-5p,hsa-miR-6090,,,,,,,,,
PKHD1,0.147,0.631,0.339,2,hsa-miR-1233-5p,hsa-miR-6090,,,,,,,,,
EFTUD2,0.158,0.647,0.356,2,hsa-miR-1233-5p,hsa-miR-6090,,,,,,,,,
BICD2,0.385,0.721,0.663,2,hsa-miR-1233-5p,hsa-miR-6090,,,,,,,,,
HMGN2,0.752,0.82,1.32,2,hsa-miR-1343-3p,hsa-miR-6090,,,,,,,,,
8-Sep,0.147,0.631,0.339,2,hsa-miR-3184-5p,hsa-miR-6090,,,,,,,,,
VAV2,0.109,0.568,0.283,2,hsa-miR-320a,hsa-miR-6090,,,,,,,,,
TMEM51,0.119,0.597,0.299,2,hsa-miR-320a,hsa-miR-6090,,,,,,,,,
PFN1,0.331,0.711,0.59,2,hsa-miR-320a,hsa-miR-6090,,,,,,,,,
EEF2,0.373,0.72,0.646,2,hsa-miR-320a,hsa-miR-6090,,,,,,,,,
CD3E,0.0403,0.415,0.162,2,hsa-miR-4525,hsa-miR-6090,,,,,,,,,
COL1A2,0.0834,0.532,0.242,2,hsa-miR-4525,hsa-miR-6090,,,,,,,,,
NUP98,0.295,0.707,0.541,2,hsa-miR-4687-5p,hsa-miR-6090,,,,,,,,,
C8orf82,0.0403,0.415,0.162,2,hsa-miR-4728-5p,hsa-miR-6090,,,,,,,,,
C9orf62,0.109,0.568,0.283,2,hsa-miR-4728-5p,hsa-miR-6090,,,,,,,,,
ZBTB7B,0.361,0.717,0.63,2,hsa-miR-4728-5p,hsa-miR-6090,,,,,,,,,
NCKIPSD,0.391,0.722,0.671,2,hsa-miR-4728-5p,hsa-miR-6090,,,,,,,,,
ZFAND4,0.442,0.733,0.743,2,hsa-miR-4728-5p,hsa-miR-6090,,,,,,,,,
ELFN2,0.469,0.743,0.784,2,hsa-miR-4728-5p,hsa-miR-6090,,,,,,,,,
AVL9,0.537,0.759,0.889,2,hsa-miR-6746-5p,hsa-miR-6090,,,,,,,,,
PDLIM3,0.152,0.631,0.347,2,hsa-miR-1307-3p,hsa-miR-6131,,,,,,,,,
DDX19B,0.507,0.752,0.84,2,hsa-miR-1307-3p,hsa-miR-6131,,,,,,,,,
MPPED1,0.0234,0.354,0.121,2,hsa-miR-1343-3p,hsa-miR-6131,,,,,,,,,
LYRM7,0.402,0.727,0.687,2,hsa-miR-1343-3p,hsa-miR-6131,,,,,,,,,
AGO3,0.805,0.849,1.47,2,hsa-miR-1343-3p,hsa-miR-6131,,,,,,,,,
ORMDL2,0.0883,0.544,0.25,2,hsa-miR-320a,hsa-miR-6131,,,,,,,,,
EIF2A,0.103,0.568,0.275,2,hsa-miR-320a,hsa-miR-6131,,,,,,,,,
MYO6,0.158,0.647,0.356,2,hsa-miR-320a,hsa-miR-6131,,,,,,,,,
ZNF607,0.391,0.722,0.671,2,hsa-miR-320a,hsa-miR-6131,,,,,,,,,
IGF2BP1,0.447,0.735,0.751,2,hsa-miR-320a,hsa-miR-6131,,,,,,,,,
MYO3A,0.0441,0.433,0.17,2,hsa-miR-4276,hsa-miR-6131,,,,,,,,,
C19orf47,0.464,0.741,0.776,2,hsa-miR-4525,hsa-miR-6131,,,,,,,,,
HSPE1-MOB4,0.408,0.727,0.695,2,hsa-miR-4532,hsa-miR-6131,,,,,,,,,
ZNF554,0.402,0.727,0.687,2,hsa-miR-4532,hsa-miR-6131,,,,,,,,,
MOB4,0.419,0.731,0.711,2,hsa-miR-4532,hsa-miR-6131,,,,,,,,,
NDUFV3,0.436,0.733,0.735,2,hsa-miR-4532,hsa-miR-6131,,,,,,,,,
MIOX,0.13,0.609,0.315,2,hsa-miR-4648,hsa-miR-6131,,,,,,,,,
MAT1A,0.152,0.631,0.347,2,hsa-miR-4728-5p,hsa-miR-6131,,,,,,,,,
SUSD1,0.408,0.727,0.695,2,hsa-miR-4728-5p,hsa-miR-6131,,,,,,,,,
MMAB,0.502,0.752,0.832,2,hsa-miR-4728-5p,hsa-miR-6131,,,,,,,,,
SGTB,0.571,0.768,0.945,2,hsa-miR-4728-5p,hsa-miR-6131,,,,,,,,,
ARL5B,0.63,0.779,1.05,2,hsa-miR-4728-5p,hsa-miR-6131,,,,,,,,,
SEC14L5,0.0983,0.561,0.267,2,hsa-miR-4732-5p,hsa-miR-6131,,,,,,,,,
RBM23,0.726,0.811,1.25,2,hsa-miR-575,hsa-miR-6131,,,,,,,,,
MTHFD1L,0.0883,0.544,0.25,2,hsa-miR-887-3p,hsa-miR-6131,,,,,,,,,
CACNG8,0.758,0.823,1.33,2,hsa-miR-92b-5p,hsa-miR-6131,,,,,,,,,
HIP1,0.337,0.711,0.598,2,hsa-miR-1343-3p,hsa-miR-642b-3p,,,,,,,,,
BZW1,0.705,0.8,1.2,2,hsa-miR-197-5p,hsa-miR-642b-3p,,,,,,,,,
SETD3,0.0441,0.433,0.17,2,hsa-miR-320a,hsa-miR-642b-3p,,,,,,,,,
SH3GL1,0.125,0.6,0.307,2,hsa-miR-320a,hsa-miR-642b-3p,,,,,,,,,
SYNCRIP,0.419,0.731,0.711,2,hsa-miR-320a,hsa-miR-642b-3p,,,,,,,,,
EOGT,0.277,0.7,0.517,2,hsa-miR-4276,hsa-miR-642b-3p,,,,,,,,,
FOLR1,0.307,0.708,0.558,2,hsa-miR-6090,hsa-miR-642b-3p,,,,,,,,,
PCSK4,0.0128,0.311,0.0889,2,hsa-miR-6787-5p,hsa-miR-663a,,,,,,,,,
VGF,0.0152,0.311,0.097,2,hsa-miR-6787-5p,hsa-miR-663a,,,,,,,,,
RTN4R,0.0234,0.354,0.121,2,hsa-miR-6787-5p,hsa-miR-663a,,,,,,,,,
NKX2-5,0.0331,0.377,0.145,2,hsa-miR-6787-5p,hsa-miR-663a,,,,,,,,,
SDF4,0.0331,0.377,0.145,2,hsa-miR-6787-5p,hsa-miR-663a,,,,,,,,,
PRSS22,0.0521,0.454,0.186,2,hsa-miR-6787-5p,hsa-miR-663a,,,,,,,,,
DPF1,0.074,0.519,0.226,2,hsa-miR-6787-5p,hsa-miR-663a,,,,,,,,,
TRIM59,0.119,0.597,0.299,2,hsa-miR-6787-5p,hsa-miR-663a,,,,,,,,,
AP5Z1,0.125,0.6,0.307,2,hsa-miR-6787-5p,hsa-miR-663a,,,,,,,,,
PSMG1,0.13,0.609,0.315,2,hsa-miR-6787-5p,hsa-miR-663a,,,,,,,,,
HRNR,0.164,0.647,0.364,2,hsa-miR-6787-5p,hsa-miR-663a,,,,,,,,,
MARVELD1,0.175,0.66,0.38,2,hsa-miR-6787-5p,hsa-miR-663a,,,,,,,,,
PACSIN1,0.211,0.697,0.428,2,hsa-miR-6787-5p,hsa-miR-663a,,,,,,,,,
PDRG1,0.247,0.7,0.477,2,hsa-miR-6787-5p,hsa-miR-663a,,,,,,,,,
PTCHD1,0.265,0.7,0.501,2,hsa-miR-6787-5p,hsa-miR-663a,,,,,,,,,
UNC13A,0.241,0.7,0.469,2,hsa-miR-6787-5p,hsa-miR-663a,,,,,,,,,
VPS8,0.277,0.7,0.517,2,hsa-miR-6787-5p,hsa-miR-663a,,,,,,,,,
POFUT2,0.425,0.732,0.719,2,hsa-miR-6787-5p,hsa-miR-663a,,,,,,,,,
DDI2,0.48,0.743,0.8,2,hsa-miR-6787-5p,hsa-miR-663a,,,,,,,,,
ZNF154,0.532,0.759,0.881,2,hsa-miR-6787-5p,hsa-miR-663a,,,,,,,,,
TRIM29,0.0403,0.415,0.162,2,hsa-miR-1228-5p,hsa-miR-6746-5p,,,,,,,,,
TERF2,0.419,0.731,0.711,2,hsa-miR-1228-5p,hsa-miR-6746-5p,,,,,,,,,
LNX2,0.0562,0.468,0.194,2,hsa-miR-1233-5p,hsa-miR-6746-5p,,,,,,,,,
RNASEH2B,0.241,0.7,0.469,2,hsa-miR-1233-5p,hsa-miR-6746-5p,,,,,,,,,
SRD5A1,0.253,0.7,0.485,2,hsa-miR-1233-5p,hsa-miR-6746-5p,,,,,,,,,
GABPB1,0.748,0.819,1.31,2,hsa-miR-1307-3p,hsa-miR-6746-5p,,,,,,,,,
F2,0.265,0.7,0.501,2,hsa-miR-1343-3p,hsa-miR-6746-5p,,,,,,,,,
NEK9,0.307,0.708,0.558,2,hsa-miR-1343-3p,hsa-miR-6746-5p,,,,,,,,,
AS3MT,0.379,0.72,0.654,2,hsa-miR-1343-3p,hsa-miR-6746-5p,,,,,,,,,
E2F2,0.408,0.727,0.695,2,hsa-miR-1343-3p,hsa-miR-6746-5p,,,,,,,,,
PDP2,0.547,0.762,0.905,2,hsa-miR-3184-5p,hsa-miR-6746-5p,,,,,,,,,
MAP3K9,0.599,0.775,0.994,2,hsa-miR-3184-5p,hsa-miR-6746-5p,,,,,,,,,
SINHCAF,0.223,0.697,0.444,2,hsa-miR-320a,hsa-miR-6746-5p,,,,,,,,,
RNF125,0.442,0.733,0.743,2,hsa-miR-320a,hsa-miR-6746-5p,,,,,,,,,
BAZ2B,0.13,0.609,0.315,2,hsa-miR-4276,hsa-miR-6746-5p,,,,,,,,,
CCDC120,0.0403,0.415,0.162,2,hsa-miR-4728-5p,hsa-miR-6746-5p,,,,,,,,,
FDXACB1,0.164,0.647,0.364,2,hsa-miR-4728-5p,hsa-miR-6746-5p,,,,,,,,,
SPAST,0.211,0.697,0.428,2,hsa-miR-4728-5p,hsa-miR-6746-5p,,,,,,,,,
QDPR,0.277,0.7,0.517,2,hsa-miR-4728-5p,hsa-miR-6746-5p,,,,,,,,,
BVES,0.289,0.705,0.533,2,hsa-miR-4728-5p,hsa-miR-6746-5p,,,,,,,,,
KIAA1328,0.331,0.711,0.59,2,hsa-miR-4728-5p,hsa-miR-6746-5p,,,,,,,,,
MINOS1,0.343,0.714,0.606,2,hsa-miR-4728-5p,hsa-miR-6746-5p,,,,,,,,,
ALG10B,0.361,0.717,0.63,2,hsa-miR-4728-5p,hsa-miR-6746-5p,,,,,,,,,
CPM,0.542,0.761,0.897,2,hsa-miR-4728-5p,hsa-miR-6746-5p,,,,,,,,,
MRNIP,0.604,0.776,1,2,hsa-miR-4728-5p,hsa-miR-6746-5p,,,,,,,,,
ZNF383,0.307,0.708,0.558,2,hsa-miR-4732-5p,hsa-miR-6746-5p,,,,,,,,,
STX4,0.431,0.733,0.727,2,hsa-miR-4787-5p,hsa-miR-6746-5p,,,,,,,,,
AKNA,0.0521,0.454,0.186,2,hsa-miR-575,hsa-miR-6746-5p,,,,,,,,,
FMNL3,0.361,0.717,0.63,2,hsa-miR-6090,hsa-miR-6746-5p,,,,,,,,,
NDRG3,0.0983,0.561,0.267,2,hsa-miR-6805-5p,hsa-miR-6746-5p,,,,,,,,,
DSCR3,0.109,0.568,0.283,2,hsa-miR-8059,hsa-miR-6746-5p,,,,,,,,,
GTF3C6,0.313,0.708,0.566,2,hsa-miR-8073,hsa-miR-6746-5p,,,,,,,,,
LPP,0.608,0.776,1.01,2,hsa-miR-8073,hsa-miR-6746-5p,,,,,,,,,
SRGAP1,0.187,0.676,0.396,2,hsa-miR-92b-5p,hsa-miR-6746-5p,,,,,,,,,
CACNA2D2,0.0234,0.354,0.121,2,hsa-miR-6766-5p,hsa-miR-6756-5p,,,,,,,,,
NKX2-2,0.0403,0.415,0.162,2,hsa-miR-6766-5p,hsa-miR-6756-5p,,,,,,,,,
CYP11A1,0.0441,0.433,0.17,2,hsa-miR-6766-5p,hsa-miR-6756-5p,,,,,,,,,
HIST1H2AD,0.0441,0.433,0.17,2,hsa-miR-6766-5p,hsa-miR-6756-5p,,,,,,,,,
NLRP6,0.0441,0.433,0.17,2,hsa-miR-6766-5p,hsa-miR-6756-5p,,,,,,,,,
HIST2H3C,0.048,0.439,0.178,2,hsa-miR-6766-5p,hsa-miR-6756-5p,,,,,,,,,
ARMCX6,0.0521,0.454,0.186,2,hsa-miR-6766-5p,hsa-miR-6756-5p,,,,,,,,,
RCE1,0.0562,0.468,0.194,2,hsa-miR-6766-5p,hsa-miR-6756-5p,,,,,,,,,
RHOXF2B,0.0562,0.468,0.194,2,hsa-miR-6766-5p,hsa-miR-6756-5p,,,,,,,,,
SAA1,0.0562,0.468,0.194,2,hsa-miR-6766-5p,hsa-miR-6756-5p,,,,,,,,,
HIST2H2AC,0.0605,0.49,0.202,2,hsa-miR-6766-5p,hsa-miR-6756-5p,,,,,,,,,
LY6E,0.0649,0.495,0.21,2,hsa-miR-6766-5p,hsa-miR-6756-5p,,,,,,,,,
ALOX15,0.074,0.519,0.226,2,hsa-miR-6766-5p,hsa-miR-6756-5p,,,,,,,,,
HIST3H3,0.0787,0.519,0.234,2,hsa-miR-6766-5p,hsa-miR-6756-5p,,,,,,,,,
SGMS2,0.074,0.519,0.226,2,hsa-miR-6766-5p,hsa-miR-6756-5p,,,,,,,,,
SLFN12,0.074,0.519,0.226,2,hsa-miR-6766-5p,hsa-miR-6756-5p,,,,,,,,,
RNF121,0.0834,0.532,0.242,2,hsa-miR-6766-5p,hsa-miR-6756-5p,,,,,,,,,
DCX,0.0933,0.544,0.259,2,hsa-miR-6766-5p,hsa-miR-6756-5p,,,,,,,,,
HIST1H2AE,0.0883,0.544,0.25,2,hsa-miR-6766-5p,hsa-miR-6756-5p,,,,,,,,,
HIST2H2AA4,0.0983,0.561,0.267,2,hsa-miR-6766-5p,hsa-miR-6756-5p,,,,,,,,,
MFRP,0.114,0.585,0.291,2,hsa-miR-6766-5p,hsa-miR-6756-5p,,,,,,,,,
BMP2,0.119,0.597,0.299,2,hsa-miR-6766-5p,hsa-miR-6756-5p,,,,,,,,,
STPG1,0.119,0.597,0.299,2,hsa-miR-6766-5p,hsa-miR-6756-5p,,,,,,,,,
PPP1R15A,0.135,0.613,0.323,2,hsa-miR-6766-5p,hsa-miR-6756-5p,,,,,,,,,
HIST1H2BF,0.147,0.631,0.339,2,hsa-miR-6766-5p,hsa-miR-6756-5p,,,,,,,,,
IGDCC4,0.147,0.631,0.339,2,hsa-miR-6766-5p,hsa-miR-6756-5p,,,,,,,,,
ZNF445,0.147,0.631,0.339,2,hsa-miR-6766-5p,hsa-miR-6756-5p,,,,,,,,,
CCSAP,0.181,0.664,0.388,2,hsa-miR-6766-5p,hsa-miR-6756-5p,,,,,,,,,
NKIRAS2,0.229,0.697,0.452,2,hsa-miR-6766-5p,hsa-miR-6756-5p,,,,,,,,,
ZC3H12B,0.223,0.697,0.444,2,hsa-miR-6766-5p,hsa-miR-6756-5p,,,,,,,,,
MAGI3,0.259,0.7,0.493,2,hsa-miR-6766-5p,hsa-miR-6756-5p,,,,,,,,,
PPM1F,0.259,0.7,0.493,2,hsa-miR-6766-5p,hsa-miR-6756-5p,,,,,,,,,
HIST1H2AG,0.283,0.705,0.525,2,hsa-miR-6766-5p,hsa-miR-6756-5p,,,,,,,,,
RNPS1,0.283,0.705,0.525,2,hsa-miR-6766-5p,hsa-miR-6756-5p,,,,,,,,,
CSTF2,0.295,0.707,0.541,2,hsa-miR-6766-5p,hsa-miR-6756-5p,,,,,,,,,
SLC38A1,0.325,0.708,0.582,2,hsa-miR-6766-5p,hsa-miR-6756-5p,,,,,,,,,
MGAT5,0.337,0.711,0.598,2,hsa-miR-6766-5p,hsa-miR-6756-5p,,,,,,,,,
MRRF,0.379,0.72,0.654,2,hsa-miR-6766-5p,hsa-miR-6756-5p,,,,,,,,,
PCNP,0.414,0.73,0.703,2,hsa-miR-6766-5p,hsa-miR-6756-5p,,,,,,,,,
ZNF107,0.571,0.768,0.945,2,hsa-miR-6766-5p,hsa-miR-6756-5p,,,,,,,,,
FAM83F,0.595,0.773,0.986,2,hsa-miR-6766-5p,hsa-miR-6756-5p,,,,,,,,,
SETD5,0.63,0.779,1.05,2,hsa-miR-6766-5p,hsa-miR-6756-5p,,,,,,,,,
CAPS,0.0403,0.415,0.162,2,hsa-miR-6756-5p,hsa-miR-6766-5p,,,,,,,,,
CASKIN2,0.0605,0.49,0.202,2,hsa-miR-6756-5p,hsa-miR-6766-5p,,,,,,,,,
PTK7,0.0933,0.544,0.259,2,hsa-miR-6756-5p,hsa-miR-6766-5p,,,,,,,,,
GLIS2,0.0983,0.561,0.267,2,hsa-miR-6756-5p,hsa-miR-6766-5p,,,,,,,,,
CD276,0.13,0.609,0.315,2,hsa-miR-6756-5p,hsa-miR-6766-5p,,,,,,,,,
RTL10,0.141,0.622,0.331,2,hsa-miR-6756-5p,hsa-miR-6766-5p,,,,,,,,,
9-Mar,0.152,0.631,0.347,2,hsa-miR-6756-5p,hsa-miR-6766-5p,,,,,,,,,
SIRPA,0.152,0.631,0.347,2,hsa-miR-6756-5p,hsa-miR-6766-5p,,,,,,,,,
PTPN1,0.164,0.647,0.364,2,hsa-miR-6756-5p,hsa-miR-6766-5p,,,,,,,,,
NDUFB11,0.187,0.676,0.396,2,hsa-miR-6756-5p,hsa-miR-6766-5p,,,,,,,,,
PTGES3L,0.187,0.676,0.396,2,hsa-miR-6756-5p,hsa-miR-6766-5p,,,,,,,,,
SESTD1,0.229,0.697,0.452,2,hsa-miR-6756-5p,hsa-miR-6766-5p,,,,,,,,,
FZR1,0.253,0.7,0.485,2,hsa-miR-6756-5p,hsa-miR-6766-5p,,,,,,,,,
VDR,0.259,0.7,0.493,2,hsa-miR-6756-5p,hsa-miR-6766-5p,,,,,,,,,
ARL4C,0.319,0.708,0.574,2,hsa-miR-6756-5p,hsa-miR-6766-5p,,,,,,,,,
BCL7A,0.331,0.711,0.59,2,hsa-miR-6756-5p,hsa-miR-6766-5p,,,,,,,,,
S100A16,0.337,0.711,0.598,2,hsa-miR-6756-5p,hsa-miR-6766-5p,,,,,,,,,
MAPK6,0.343,0.714,0.606,2,hsa-miR-6756-5p,hsa-miR-6766-5p,,,,,,,,,
SLC6A4,0.355,0.717,0.622,2,hsa-miR-6756-5p,hsa-miR-6766-5p,,,,,,,,,
ZNF747,0.355,0.717,0.622,2,hsa-miR-6756-5p,hsa-miR-6766-5p,,,,,,,,,
TXLNA,0.442,0.733,0.743,2,hsa-miR-6756-5p,hsa-miR-6766-5p,,,,,,,,,
PABPN1,0.576,0.768,0.953,2,hsa-miR-6756-5p,hsa-miR-6766-5p,,,,,,,,,
GAN,0.651,0.784,1.09,2,hsa-miR-6756-5p,hsa-miR-6766-5p,,,,,,,,,
HIC2,0.694,0.797,1.18,2,hsa-miR-6756-5p,hsa-miR-6766-5p,,,,,,,,,
PNMA8B,0.211,0.697,0.428,2,hsa-miR-3184-5p,hsa-miR-6784-5p,,,,,,,,,
RAI1,0.187,0.676,0.396,2,hsa-miR-4532,hsa-miR-6784-5p,,,,,,,,,
TMEM63C,0.141,0.622,0.331,2,hsa-miR-4728-5p,hsa-miR-6784-5p,,,,,,,,,
CD4,0.0694,0.511,0.218,2,hsa-miR-4732-5p,hsa-miR-6784-5p,,,,,,,,,
CTDP1,0.00854,0.239,0.0727,2,hsa-miR-6131,hsa-miR-6784-5p,,,,,,,,,
BHLHE40,0.103,0.568,0.275,2,hsa-miR-8059,hsa-miR-6784-5p,,,,,,,,,
NPW,0.00247,0.132,0.0404,2,hsa-miR-663a,hsa-miR-6787-5p,,,,,,,,,
JUND,0.0694,0.511,0.218,2,hsa-miR-663a,hsa-miR-6787-5p,,,,,,,,,
KDELC2,0.135,0.613,0.323,2,hsa-miR-663a,hsa-miR-6787-5p,,,,,,,,,
RPL28,0.265,0.7,0.501,2,hsa-miR-663a,hsa-miR-6787-5p,,,,,,,,,
UBE2G1,0.175,0.66,0.38,2,hsa-miR-320a,hsa-miR-6800-5p,,,,,,,,,
RGP1,0.379,0.72,0.654,2,hsa-miR-4525,hsa-miR-6800-5p,,,,,,,,,
ZNF585B,0.414,0.73,0.703,2,hsa-miR-6746-5p,hsa-miR-6800-5p,,,,,,,,,
PUS3,0.0562,0.468,0.194,2,hsa-miR-6802-5p,hsa-miR-6800-5p,,,,,,,,,
C11orf1,0.109,0.568,0.283,2,hsa-miR-6802-5p,hsa-miR-6800-5p,,,,,,,,,
ZKSCAN1,0.169,0.658,0.372,2,hsa-miR-6802-5p,hsa-miR-6800-5p,,,,,,,,,
NLK,0.175,0.66,0.38,2,hsa-miR-6802-5p,hsa-miR-6800-5p,,,,,,,,,
BUB3,0.199,0.686,0.412,2,hsa-miR-6802-5p,hsa-miR-6800-5p,,,,,,,,,
LEFTY1,0.271,0.7,0.509,2,hsa-miR-6802-5p,hsa-miR-6800-5p,,,,,,,,,
CDK2,0.361,0.717,0.63,2,hsa-miR-6802-5p,hsa-miR-6800-5p,,,,,,,,,
EIF4EBP2,0.361,0.717,0.63,2,hsa-miR-6802-5p,hsa-miR-6800-5p,,,,,,,,,
RNF41,0.271,0.7,0.509,2,hsa-miR-320a,hsa-miR-6802-5p,,,,,,,,,
HIST1H2BB,0.0331,0.377,0.145,2,hsa-miR-3940-5p,hsa-miR-6802-5p,,,,,,,,,
TBRG1,0.283,0.705,0.525,2,hsa-miR-6800-5p,hsa-miR-6802-5p,,,,,,,,,
ACVR2B,0.419,0.731,0.711,2,hsa-miR-6800-5p,hsa-miR-6802-5p,,,,,,,,,
GLO1,0.643,0.781,1.07,2,hsa-miR-6800-5p,hsa-miR-6802-5p,,,,,,,,,
ADIRF,0.0178,0.317,0.105,2,hsa-miR-3184-5p,hsa-miR-6805-5p,,,,,,,,,
MMP17,0.125,0.6,0.307,2,hsa-miR-3184-5p,hsa-miR-6805-5p,,,,,,,,,
EIF1,0.205,0.686,0.42,2,hsa-miR-3184-5p,hsa-miR-6805-5p,,,,,,,,,
PCP4L1,0.223,0.697,0.444,2,hsa-miR-3184-5p,hsa-miR-6805-5p,,,,,,,,,
NCS1,0.402,0.727,0.687,2,hsa-miR-3184-5p,hsa-miR-6805-5p,,,,,,,,,
IGF2BP3,0.205,0.686,0.42,2,hsa-miR-320a,hsa-miR-6805-5p,,,,,,,,,
SMC1A,0.595,0.773,0.986,2,hsa-miR-320a,hsa-miR-6805-5p,,,,,,,,,
AP1S1,0.217,0.697,0.436,2,hsa-miR-4276,hsa-miR-6805-5p,,,,,,,,,
UBA1,0.103,0.568,0.275,2,hsa-miR-4525,hsa-miR-6805-5p,,,,,,,,,
G6PD,0.0649,0.495,0.21,2,hsa-miR-4648,hsa-miR-6805-5p,,,,,,,,,
CST9,0.0234,0.354,0.121,2,hsa-miR-4728-5p,hsa-miR-6805-5p,,,,,,,,,
FZD7,0.0983,0.561,0.267,2,hsa-miR-4728-5p,hsa-miR-6805-5p,,,,,,,,,
DCAKD,0.103,0.568,0.275,2,hsa-miR-4728-5p,hsa-miR-6805-5p,,,,,,,,,
MGAT5B,0.119,0.597,0.299,2,hsa-miR-4728-5p,hsa-miR-6805-5p,,,,,,,,,
MSI1,0.135,0.613,0.323,2,hsa-miR-4728-5p,hsa-miR-6805-5p,,,,,,,,,
VPS37C,0.164,0.647,0.364,2,hsa-miR-4728-5p,hsa-miR-6805-5p,,,,,,,,,
CFL1,0.265,0.7,0.501,2,hsa-miR-4728-5p,hsa-miR-6805-5p,,,,,,,,,
DPM2,0.367,0.717,0.638,2,hsa-miR-4728-5p,hsa-miR-6805-5p,,,,,,,,,
ZFHX3,0.447,0.735,0.751,2,hsa-miR-4728-5p,hsa-miR-6805-5p,,,,,,,,,
TRAF3,0.0562,0.468,0.194,2,hsa-miR-6746-5p,hsa-miR-6805-5p,,,,,,,,,
DVL3,0.235,0.7,0.461,2,hsa-miR-320a,hsa-miR-8059,,,,,,,,,
SERTAD3,0.158,0.647,0.356,2,hsa-miR-4690-5p,hsa-miR-8059,,,,,,,,,
ATXN1L,0.385,0.721,0.663,2,hsa-miR-4706,hsa-miR-8059,,,,,,,,,
NAT9,0.0331,0.377,0.145,2,hsa-miR-4728-5p,hsa-miR-8059,,,,,,,,,
DUSP2,0.319,0.708,0.574,2,hsa-miR-575,hsa-miR-8059,,,,,,,,,
LRRTM2,0.0403,0.415,0.162,2,hsa-miR-1343-3p,hsa-miR-8073,,,,,,,,,
ZNF486,0.135,0.613,0.323,2,hsa-miR-1343-3p,hsa-miR-8073,,,,,,,,,
UFM1,0.199,0.686,0.412,2,hsa-miR-1343-3p,hsa-miR-8073,,,,,,,,,
RRAGD,0.247,0.7,0.477,2,hsa-miR-1343-3p,hsa-miR-8073,,,,,,,,,
SLX4,0.241,0.7,0.469,2,hsa-miR-1343-3p,hsa-miR-8073,,,,,,,,,
CABP4,0.436,0.733,0.735,2,hsa-miR-1343-3p,hsa-miR-8073,,,,,,,,,
RAD18,0.119,0.597,0.299,2,hsa-miR-3184-5p,hsa-miR-8073,,,,,,,,,
MPI,0.0297,0.377,0.137,2,hsa-miR-320a,hsa-miR-8073,,,,,,,,,
NANOG,0.074,0.519,0.226,2,hsa-miR-320a,hsa-miR-8073,,,,,,,,,
TMEM101,0.135,0.613,0.323,2,hsa-miR-320a,hsa-miR-8073,,,,,,,,,
PRRC2C,0.223,0.697,0.444,2,hsa-miR-320a,hsa-miR-8073,,,,,,,,,
IMP4,0.425,0.732,0.719,2,hsa-miR-320a,hsa-miR-8073,,,,,,,,,
TFAP2B,0.125,0.6,0.307,2,hsa-miR-4276,hsa-miR-8073,,,,,,,,,
FNBP1,0.265,0.7,0.501,2,hsa-miR-4525,hsa-miR-8073,,,,,,,,,
PDXK,0.175,0.66,0.38,2,hsa-miR-4690-5p,hsa-miR-8073,,,,,,,,,
PDE7A,0.169,0.658,0.372,2,hsa-miR-4728-5p,hsa-miR-8073,,,,,,,,,
RNF24,0.265,0.7,0.501,2,hsa-miR-4728-5p,hsa-miR-8073,,,,,,,,,
ZNF324B,0.289,0.705,0.533,2,hsa-miR-4728-5p,hsa-miR-8073,,,,,,,,,
ZNF878,0.562,0.766,0.929,2,hsa-miR-4728-5p,hsa-miR-8073,,,,,,,,,
ALG14,0.442,0.733,0.743,2,hsa-miR-575,hsa-miR-8073,,,,,,,,,
NPHP3,0.141,0.622,0.331,2,hsa-miR-6131,hsa-miR-8073,,,,,,,,,
SBNO1,0.694,0.797,1.18,2,hsa-miR-6131,hsa-miR-8073,,,,,,,,,
INSIG1,0.402,0.727,0.687,2,hsa-miR-642b-3p,hsa-miR-8073,,,,,,,,,
IFITM3,0.109,0.568,0.283,2,hsa-miR-6784-5p,hsa-miR-8073,,,,,,,,,
CTSA,0.0834,0.532,0.242,2,hsa-miR-6805-5p,hsa-miR-8073,,,,,,,,,
LGSN,0.436,0.733,0.735,2,hsa-miR-6805-5p,hsa-miR-8073,,,,,,,,,
ZDHHC6,0.114,0.585,0.291,2,hsa-miR-8059,hsa-miR-8073,,,,,,,,,
MDM4,0.726,0.811,1.25,2,hsa-miR-3184-5p,hsa-miR-887-3p,,,,,,,,,
P4HB,0.205,0.686,0.42,2,hsa-miR-4787-5p,hsa-miR-887-3p,,,,,,,,,
IKBKG,0.235,0.7,0.461,2,hsa-miR-6746-5p,hsa-miR-887-3p,,,,,,,,,
BCL2L11,0.595,0.773,0.986,2,hsa-miR-1233-5p,hsa-miR-92b-5p,,,,,,,,,
CALU,0.295,0.707,0.541,2,hsa-miR-320a,hsa-miR-92b-5p,,,,,,,,,
PIEZO1,0.0297,0.377,0.137,2,hsa-miR-4525,hsa-miR-92b-5p,,,,,,,,,
INVS,0.0178,0.317,0.105,2,hsa-miR-4648,hsa-miR-92b-5p,,,,,,,,,
