"Gene Symbol","p-value","FDR","Odd ratio","Number of interactions","microRNA 1","microRNA 2","microRNA 3","microRNA 4"
"BARHL1","0.0000824","0.116","0.0633","4","hsa-miR-3178","hsa-miR-4749-5p","hsa-miR-3184-5p","hsa-miR-139-3p"
"ABCB5","0.146","0.376","0.156","1","hsa-miR-1307-3p","","",""
"ABCC5","0.0306","0.376","0.140","2","hsa-miR-1229-3p","hsa-miR-3184-5p","",""
"ABCC9","0.0527","0.376","0.0539","1","hsa-miR-4511","","",""
"ABHD14B","0.127","0.376","0.135","1","hsa-miR-6722-3p","","",""
"ABL1","0.0449","0.376","0.172","2","hsa-miR-4511","hsa-miR-3184-5p","",""
"ACLY","0.0780","0.376","0.0808","1","hsa-miR-1229-3p","","",""
"ACOT7","0.0214","0.376","0.0215","1","hsa-miR-1229-3p","","",""
"ACTG1","0.0569","0.376","0.197","2","hsa-miR-1307-3p","hsa-miR-3975","",""
"ADAMTS14","0.0979","0.376","0.102","1","hsa-miR-3184-5p","","",""
"ADIRF","0.0680","0.376","0.0700","1","hsa-miR-3184-5p","","",""
"ADM","0.0626","0.376","0.207","2","hsa-miR-3975","hsa-miR-4462","",""
"ADPRHL2","0.0161","0.376","0.0162","1","hsa-miR-1229-3p","","",""
"AHCYL1","0.0267","0.376","0.0269","1","hsa-miR-1229-3p","","",""
"AIF1L","0.0107","0.376","0.0108","1","hsa-miR-1229-3p","","",""
"AK2","0.0424","0.376","0.167","2","hsa-miR-3184-5p","hsa-miR-3130-3p","",""
"AKR1D1","0.103","0.376","0.108","1","hsa-miR-1307-3p","","",""
"AKR7A2","0.0285","0.376","0.230","3","hsa-miR-6857-3p","hsa-miR-4511","hsa-miR-6715b-5p",""
"AKT1S1","0.0363","0.376","0.154","2","hsa-miR-139-3p","hsa-miR-4749-5p","",""
"ALDOC","0.0979","0.376","0.102","1","hsa-miR-3184-5p","","",""
"ALOX15","0.141","0.376","0.151","1","hsa-miR-139-3p","","",""
"ALS2","0.0161","0.376","0.0162","1","hsa-miR-1229-3p","","",""
"ALX1","0.0979","0.376","0.102","1","hsa-miR-3975","","",""
"AMDHD2","0.0979","0.376","0.102","1","hsa-miR-139-3p","","",""
"AMH","0.0929","0.376","0.0970","1","hsa-miR-3178","","",""
"ANKRD42","0.0264","0.376","0.129","2","hsa-miR-3184-5p","hsa-miR-3130-3p","",""
"ANKRD52","0.158","0.376","0.358","2","hsa-miR-3184-5p","hsa-miR-4462","",""
"AP2S1","0.0680","0.376","0.0700","1","hsa-miR-3184-5p","","",""
"APBB3","0.0527","0.376","0.0539","1","hsa-miR-3130-3p","","",""
"APOBEC3A","0.112","0.376","0.119","1","hsa-miR-1307-3p","","",""
"APOBEC3C","0.160","0.376","0.172","1","hsa-miR-3184-5p","","",""
"ARHGAP42","0.112","0.376","0.119","1","hsa-miR-4511","","",""
"ARHGEF18","0.117","0.376","0.124","1","hsa-miR-6857-3p","","",""
"ARHGEF2","0.160","0.376","0.172","1","hsa-miR-3184-5p","","",""
"ARL6IP4","0.146","0.376","0.156","1","hsa-miR-6722-3p","","",""
"ARL8A","0.0715","0.376","0.224","2","hsa-miR-3184-5p","hsa-miR-4749-5p","",""
"ASB6","0.0988","0.376","0.269","2","hsa-miR-4749-5p","hsa-miR-3178","",""
"ASXL3","0.141","0.376","0.151","1","hsa-miR-6722-3p","","",""
"ATG14","0.0178","0.376","0.105","2","hsa-miR-4783-3p","hsa-miR-1307-3p","",""
"ATOX1","0.160","0.376","0.172","1","hsa-miR-6722-3p","","",""
"ATP5A1","0.00947","0.376","0.153","3","hsa-miR-1229-3p","hsa-miR-139-3p","hsa-miR-6715b-5p",""
"ATP6V1E1","0.164","0.376","0.178","1","hsa-miR-3184-5p","","",""
"ATP8B4","0.0527","0.376","0.0539","1","hsa-miR-6857-3p","","",""
"B4GALNT4","0.00310","0.376","0.0431","2","hsa-miR-3184-5p","hsa-miR-6715b-5p","",""
"B4GALT1","0.0528","0.376","0.189","2","hsa-miR-6722-3p","hsa-miR-4511","",""
"BAIAP3","0.0214","0.376","0.0215","1","hsa-miR-4462","","",""
"BANP","0.0830","0.376","0.0862","1","hsa-miR-3184-5p","","",""
"BAP1","0.164","0.376","0.178","1","hsa-miR-1229-3p","","",""
"BAZ2A","0.111","0.376","0.288","2","hsa-miR-3975","hsa-miR-4783-3p","",""
"BCAM","0.0830","0.376","0.0862","1","hsa-miR-6722-3p","","",""
"BCAR1","0.0880","0.376","0.0916","1","hsa-miR-139-3p","","",""
"BET1L","0.0475","0.376","0.0485","1","hsa-miR-1229-3p","","",""
"BICC1","0.0929","0.376","0.0970","1","hsa-miR-4511","","",""
"BRD2","0.0137","0.376","0.0916","2","hsa-miR-1229-3p","hsa-miR-6857-3p","",""
"BRSK1","0.0730","0.376","0.0754","1","hsa-miR-3184-5p","","",""
"C10orf55","0.146","0.376","0.156","1","hsa-miR-3184-5p","","",""
"C12orf49","0.134","0.376","0.323","2","hsa-miR-4749-5p","hsa-miR-1229-3p","",""
"C14orf180","0.0680","0.376","0.0700","1","hsa-miR-139-3p","","",""
"C16orf45","0.132","0.376","0.140","1","hsa-miR-1307-3p","","",""
"C16orf87","0.150","0.376","0.162","1","hsa-miR-6715b-5p","","",""
"C17orf51","0.0423","0.376","0.0431","1","hsa-miR-6715b-5p","","",""
"C1orf229","0.0680","0.376","0.0700","1","hsa-miR-6722-3p","","",""
"C20orf27","0.117","0.376","0.124","1","hsa-miR-3184-5p","","",""
"C3orf36","0.0475","0.376","0.178","2","hsa-miR-3184-5p","hsa-miR-4749-5p","",""
"C7orf65","0.0929","0.376","0.0970","1","hsa-miR-1307-3p","","",""
"C8orf17","0.117","0.376","0.124","1","hsa-miR-1307-3p","","",""
"CACNA1H","0.0475","0.376","0.0485","1","hsa-miR-4511","","",""
"CALM3","0.116","0.376","0.296","2","hsa-miR-3184-5p","hsa-miR-6722-3p","",""
"CALML3","0.122","0.376","0.129","1","hsa-miR-6722-3p","","",""
"CALR","0.121","0.376","0.304","2","hsa-miR-6722-3p","hsa-miR-4749-5p","",""
"CAPZA2","0.116","0.376","0.296","2","hsa-miR-1307-3p","hsa-miR-6715b-5p","",""
"CASZ1","0.0178","0.376","0.105","2","hsa-miR-4749-5p","hsa-miR-3184-5p","",""
"CAVIN4","0.00940","0.376","0.0754","2","hsa-miR-1307-3p","hsa-miR-6715b-5p","",""
"CBARP","0.150","0.376","0.162","1","hsa-miR-6857-3p","","",""
"CC2D1B","0.0196","0.376","0.110","2","hsa-miR-4749-5p","hsa-miR-6722-3p","",""
"CCDC106","0.0578","0.376","0.0593","1","hsa-miR-3184-5p","","",""
"CCDC122","0.0319","0.376","0.0323","1","hsa-miR-3178","","",""
"CCDC142","0.146","0.376","0.156","1","hsa-miR-1307-3p","","",""
"CCDC170","0.141","0.376","0.151","1","hsa-miR-1307-3p","","",""
"CCDC171","0.132","0.376","0.140","1","hsa-miR-3130-3p","","",""
"CCDC32","0.0371","0.376","0.0377","1","hsa-miR-1307-3p","","",""
"CCDC36","0.155","0.376","0.167","1","hsa-miR-139-3p","","",""
"CCDC59","0.164","0.376","0.178","1","hsa-miR-6715b-5p","","",""
"CCND3","0.146","0.376","0.156","1","hsa-miR-6722-3p","","",""
"CCS","0.0656","0.376","0.213","2","hsa-miR-1307-3p","hsa-miR-6715b-5p","",""
"CDC37","0.0187","0.376","0.108","2","hsa-miR-139-3p","hsa-miR-3178","",""
"CDK15","0.0979","0.376","0.102","1","hsa-miR-3184-5p","","",""
"CDK16","0.164","0.376","0.178","1","hsa-miR-139-3p","","",""
"CDKN3","0.0929","0.376","0.0970","1","hsa-miR-1307-3p","","",""
"CENPBD1","0.127","0.376","0.135","1","hsa-miR-1307-3p","","",""
"CEP126","0.0929","0.376","0.0970","1","hsa-miR-3975","","",""
"CEP152","0.0527","0.376","0.0539","1","hsa-miR-1229-3p","","",""
"CEP350","0.132","0.376","0.140","1","hsa-miR-1229-3p","","",""
"CES4A","0.0475","0.376","0.0485","1","hsa-miR-6715b-5p","","",""
"CFAP73","0.0475","0.376","0.0485","1","hsa-miR-6715b-5p","","",""
"CHCHD2","0.0319","0.376","0.0323","1","hsa-miR-1229-3p","","",""
"CHCHD3","0.146","0.376","0.156","1","hsa-miR-6857-3p","","",""
"CHTF8","0.127","0.376","0.135","1","hsa-miR-3184-5p","","",""
"CIC","0.0680","0.376","0.0700","1","hsa-miR-1307-3p","","",""
"CKS2","0.0178","0.376","0.105","2","hsa-miR-6715b-5p","hsa-miR-4511","",""
"CLCN5","0.108","0.376","0.113","1","hsa-miR-6722-3p","","",""
"CLCN7","0.0115","0.376","0.0835","2","hsa-miR-4749-5p","hsa-miR-3184-5p","",""
"CLLU1OS","0.0730","0.376","0.0754","1","hsa-miR-1229-3p","","",""
"CLPX","0.0129","0.376","0.0889","2","hsa-miR-4511","hsa-miR-6715b-5p","",""
"CLSTN3","0.0880","0.376","0.0916","1","hsa-miR-1229-3p","","",""
"COMMD9","0.122","0.376","0.129","1","hsa-miR-1307-3p","","",""
"COX6C","0.155","0.376","0.167","1","hsa-miR-4511","","",""
"COX8A","0.127","0.376","0.135","1","hsa-miR-139-3p","","",""
"CPLX1","0.0780","0.376","0.0808","1","hsa-miR-3178","","",""
"CPNE1","0.0475","0.376","0.0485","1","hsa-miR-1229-3p","","",""
"CPT1B","0.0880","0.376","0.0916","1","hsa-miR-1229-3p","","",""
"CRISP3","0.00539","0.376","0.00539","1","hsa-miR-1229-3p","","",""
"CRX","0.132","0.376","0.140","1","hsa-miR-3178","","",""
"CRY2","0.114","0.376","0.294","2","hsa-miR-3975","hsa-miR-3130-3p","",""
"CSRP1","0.164","0.376","0.178","1","hsa-miR-6715b-5p","","",""
"CTCF","0.0780","0.376","0.0808","1","hsa-miR-1229-3p","","",""
"CTDNEP1","0.0670","0.376","0.215","2","hsa-miR-1229-3p","hsa-miR-3184-5p","",""
"CTNNBL1","0.103","0.376","0.108","1","hsa-miR-1229-3p","","",""
"CTTNBP2NL","0.164","0.376","0.178","1","hsa-miR-4511","","",""
"CUL4B","0.0371","0.376","0.0377","1","hsa-miR-4511","","",""
"CXCL11","0.0423","0.376","0.0431","1","hsa-miR-4511","","",""
"CXCR5","0.0780","0.376","0.0808","1","hsa-miR-1229-3p","","",""
"DAAM1","0.0929","0.376","0.0970","1","hsa-miR-3130-3p","","",""
"DAG1","0.0475","0.376","0.0485","1","hsa-miR-1229-3p","","",""
"DAO","0.108","0.376","0.113","1","hsa-miR-6715b-5p","","",""
"DCTD","0.0423","0.376","0.0431","1","hsa-miR-1229-3p","","",""
"DDN","0.164","0.376","0.178","1","hsa-miR-3975","","",""
"DDX19B","0.106","0.376","0.280","2","hsa-miR-3130-3p","hsa-miR-1307-3p","",""
"DDX23","0.0423","0.376","0.0431","1","hsa-miR-1229-3p","","",""
"DENND4B","0.0830","0.376","0.0862","1","hsa-miR-4783-3p","","",""
"DENND6B","0.122","0.376","0.129","1","hsa-miR-3178","","",""
"DGAT2","0.00585","0.376","0.0593","2","hsa-miR-4511","hsa-miR-3975","",""
"DNAAF2","0.0830","0.376","0.0862","1","hsa-miR-6857-3p","","",""
"DNAJC22","0.117","0.376","0.124","1","hsa-miR-1307-3p","","",""
"DNAJC9","0.0979","0.376","0.102","1","hsa-miR-1229-3p","","",""
"DPH2","0.150","0.376","0.162","1","hsa-miR-6722-3p","","",""
"DSG3","0.0680","0.376","0.0700","1","hsa-miR-1307-3p","","",""
"DTX2","0.112","0.376","0.119","1","hsa-miR-6722-3p","","",""
"DUSP14","0.160","0.376","0.172","1","hsa-miR-4749-5p","","",""
"DUXA","0.0830","0.376","0.0862","1","hsa-miR-6715b-5p","","",""
"E2F3","0.160","0.376","0.361","2","hsa-miR-3184-5p","hsa-miR-139-3p","",""
"EBF4","0.0423","0.376","0.0431","1","hsa-miR-3130-3p","","",""
"EDARADD","0.103","0.376","0.108","1","hsa-miR-1307-3p","","",""
"EFHD2","0.0715","0.376","0.224","2","hsa-miR-4749-5p","hsa-miR-3184-5p","",""
"EGF","0.117","0.376","0.124","1","hsa-miR-3975","","",""
"ELAVL1","0.117","0.376","0.124","1","hsa-miR-139-3p","","",""
"ELFN2","0.0938","0.376","0.261","2","hsa-miR-6722-3p","hsa-miR-6857-3p","",""
"EMC3","0.0542","0.376","0.191","2","hsa-miR-6715b-5p","hsa-miR-1307-3p","",""
"EMC8","0.0929","0.376","0.0970","1","hsa-miR-3130-3p","","",""
"EML1","0.0267","0.376","0.0269","1","hsa-miR-1229-3p","","",""
"EN1","0.00639","0.376","0.0619","2","hsa-miR-139-3p","hsa-miR-3184-5p","",""
"ENG","0.0880","0.376","0.0916","1","hsa-miR-6722-3p","","",""
"EPB41L2","0.0423","0.376","0.0431","1","hsa-miR-1229-3p","","",""
"ERAP2","0.0929","0.376","0.0970","1","hsa-miR-1307-3p","","",""
"ERC1","0.00529","0.376","0.124","3","hsa-miR-1229-3p","hsa-miR-4462","hsa-miR-1307-3p",""
"ERCC6L","0.132","0.376","0.140","1","hsa-miR-6722-3p","","",""
"EXOSC10","0.0880","0.376","0.0916","1","hsa-miR-1307-3p","","",""
"F8A2","0.132","0.376","0.140","1","hsa-miR-6857-3p","","",""
"F8A3","0.136","0.376","0.145","1","hsa-miR-6857-3p","","",""
"FAM129B","0.0856","0.376","0.248","2","hsa-miR-3184-5p","hsa-miR-6857-3p","",""
"FAM162A","0.0780","0.376","0.0808","1","hsa-miR-139-3p","","",""
"FAM184B","0.0423","0.376","0.0431","1","hsa-miR-139-3p","","",""
"FAM189B","0.127","0.376","0.135","1","hsa-miR-3184-5p","","",""
"FAM19A3","0.0730","0.376","0.0754","1","hsa-miR-4511","","",""
"FAM212B","0.0340","0.376","0.148","2","hsa-miR-4749-5p","hsa-miR-6715b-5p","",""
"FBXL4","0.0578","0.376","0.0593","1","hsa-miR-6857-3p","","",""
"FBXO17","0.0929","0.376","0.0970","1","hsa-miR-6715b-5p","","",""
"FBXO33","0.0680","0.376","0.0700","1","hsa-miR-6857-3p","","",""
"FDFT1","0.150","0.376","0.162","1","hsa-miR-6715b-5p","","",""
"FGF1","0.127","0.376","0.135","1","hsa-miR-6857-3p","","",""
"FGF5","0.150","0.376","0.162","1","hsa-miR-4511","","",""
"FGFR4","0.141","0.376","0.151","1","hsa-miR-6722-3p","","",""
"FGFRL1","0.103","0.376","0.108","1","hsa-miR-3130-3p","","",""
"FKRP","0.103","0.376","0.108","1","hsa-miR-6857-3p","","",""
"FMN1","0.160","0.376","0.172","1","hsa-miR-1307-3p","","",""
"FMO4","0.141","0.376","0.151","1","hsa-miR-6857-3p","","",""
"FN3K","0.0488","0.376","0.180","2","hsa-miR-6722-3p","hsa-miR-139-3p","",""
"FOXC1","0.0173","0.376","0.190","3","hsa-miR-139-3p","hsa-miR-6857-3p","hsa-miR-6715b-5p",""
"FOXK1","0.0432","0.376","0.349","4","hsa-miR-1229-3p","hsa-miR-1307-3p","hsa-miR-3184-5p","hsa-miR-6715b-5p"
"FSCN1","0.0971","0.376","0.267","2","hsa-miR-4749-5p","hsa-miR-6722-3p","",""
"FTH1","0.117","0.376","0.124","1","hsa-miR-4511","","",""
"FUT9","0.108","0.376","0.113","1","hsa-miR-3130-3p","","",""
"FXYD1","0.141","0.376","0.151","1","hsa-miR-3178","","",""
"FZD7","0.164","0.376","0.178","1","hsa-miR-6722-3p","","",""
"GABPB2","0.136","0.376","0.145","1","hsa-miR-1229-3p","","",""
"GAGE1","0.0780","0.376","0.0808","1","hsa-miR-3975","","",""
"GALNS","0.0475","0.376","0.0485","1","hsa-miR-6722-3p","","",""
"GALNT17","0.0680","0.376","0.0700","1","hsa-miR-6715b-5p","","",""
"GAPDH","0.136","0.376","0.145","1","hsa-miR-1229-3p","","",""
"GBP4","0.164","0.376","0.178","1","hsa-miR-1307-3p","","",""
"GCM2","0.0371","0.376","0.0377","1","hsa-miR-4511","","",""
"GDPD5","0.155","0.376","0.167","1","hsa-miR-6722-3p","","",""
"GFER","0.00814","0.376","0.0700","2","hsa-miR-6722-3p","hsa-miR-4511","",""
"GIMAP6","0.0371","0.376","0.0377","1","hsa-miR-6715b-5p","","",""
"GJB1","0.0317","0.376","0.143","2","hsa-miR-4511","hsa-miR-3184-5p","",""
"GLYAT","0.0929","0.376","0.0970","1","hsa-miR-1307-3p","","",""
"GMDS","0.141","0.376","0.151","1","hsa-miR-1307-3p","","",""
"GMNN","0.108","0.376","0.113","1","hsa-miR-4511","","",""
"GNAQ","0.00814","0.376","0.0700","2","hsa-miR-3130-3p","hsa-miR-4511","",""
"GNB4","0.136","0.376","0.145","1","hsa-miR-1307-3p","","",""
"GPATCH2L","0.0423","0.376","0.0431","1","hsa-miR-3130-3p","","",""
"GPI","0.136","0.376","0.145","1","hsa-miR-1229-3p","","",""
"GPR161","0.112","0.376","0.119","1","hsa-miR-1307-3p","","",""
"GPR182","0.0680","0.376","0.0700","1","hsa-miR-1229-3p","","",""
"GPR20","0.117","0.376","0.124","1","hsa-miR-4749-5p","","",""
"GPRIN1","0.0979","0.376","0.102","1","hsa-miR-3184-5p","","",""
"GPT2","0.0979","0.376","0.102","1","hsa-miR-4783-3p","","",""
"GRASP","0.0475","0.376","0.0485","1","hsa-miR-3975","","",""
"GRIK4","0.103","0.376","0.108","1","hsa-miR-4511","","",""
"GSTM3","0.103","0.376","0.108","1","hsa-miR-1307-3p","","",""
"GTF2I","0.0880","0.376","0.0916","1","hsa-miR-1229-3p","","",""
"GTPBP1","0.141","0.376","0.151","1","hsa-miR-3130-3p","","",""
"GZMM","0.0423","0.376","0.0431","1","hsa-miR-139-3p","","",""
"HAND2","0.112","0.376","0.119","1","hsa-miR-139-3p","","",""
"HCN2","0.117","0.376","0.124","1","hsa-miR-6722-3p","","",""
"HEXIM1","0.112","0.376","0.119","1","hsa-miR-3975","","",""
"HEYL","0.0715","0.376","0.224","2","hsa-miR-6722-3p","hsa-miR-1307-3p","",""
"HFE","0.117","0.376","0.124","1","hsa-miR-4511","","",""
"HIC1","0.0629","0.376","0.0646","1","hsa-miR-4749-5p","","",""
"HIGD2A","0.0880","0.376","0.0916","1","hsa-miR-6722-3p","","",""
"HIST1H2AH","0.0556","0.376","0.194","2","hsa-miR-139-3p","hsa-miR-1307-3p","",""
"HIST1H2BN","0.0979","0.376","0.102","1","hsa-miR-139-3p","","",""
"HIST1H3A","0.0780","0.376","0.0808","1","hsa-miR-1229-3p","","",""
"HIST1H4C","0.0979","0.376","0.102","1","hsa-miR-1229-3p","","",""
"HLA-DOA","0.0101","0.376","0.0781","2","hsa-miR-4511","hsa-miR-3184-5p","",""
"HNRNPA3","0.0515","0.376","0.186","2","hsa-miR-1229-3p","hsa-miR-6722-3p","",""
"HNRNPC","0.0730","0.376","0.226","2","hsa-miR-4511","hsa-miR-139-3p","",""
"HNRNPD","0.132","0.376","0.140","1","hsa-miR-1229-3p","","",""
"HNRNPK","0.112","0.376","0.119","1","hsa-miR-1229-3p","","",""
"HNRNPUL1","0.106","0.376","0.280","2","hsa-miR-1229-3p","hsa-miR-6722-3p","",""
"HOXA3","0.0296","0.376","0.137","2","hsa-miR-4511","hsa-miR-6722-3p","",""
"HOXD3","0.141","0.376","0.151","1","hsa-miR-4749-5p","","",""
"HRH2","0.103","0.376","0.108","1","hsa-miR-4783-3p","","",""
"HSPB6","0.0929","0.376","0.0970","1","hsa-miR-6722-3p","","",""
"HSPD1","0.136","0.376","0.145","1","hsa-miR-6857-3p","","",""
"HUNK","0.0929","0.376","0.0970","1","hsa-miR-1229-3p","","",""
"IL10RB","0.136","0.376","0.145","1","hsa-miR-1307-3p","","",""
"IL1RL2","0.0629","0.376","0.0646","1","hsa-miR-1229-3p","","",""
"IL31RA","0.0730","0.376","0.0754","1","hsa-miR-6722-3p","","",""
"INO80B","0.0730","0.376","0.0754","1","hsa-miR-6857-3p","","",""
"INO80D","0.0436","0.376","0.170","2","hsa-miR-1229-3p","hsa-miR-4511","",""
"INTS10","0.0214","0.376","0.0215","1","hsa-miR-1229-3p","","",""
"IRF1","0.160","0.376","0.172","1","hsa-miR-1307-3p","","",""
"ITGA5","0.136","0.376","0.145","1","hsa-miR-1229-3p","","",""
"ITIH5","0.0880","0.376","0.0916","1","hsa-miR-1307-3p","","",""
"ITPRIPL2","0.0107","0.376","0.160","3","hsa-miR-3184-5p","hsa-miR-6715b-5p","hsa-miR-6857-3p",""
"JAKMIP2","0.141","0.376","0.151","1","hsa-miR-1229-3p","","",""
"JUNB","0.141","0.376","0.151","1","hsa-miR-3178","","",""
"KANK2","0.155","0.376","0.167","1","hsa-miR-139-3p","","",""
"KAT6B","0.0880","0.376","0.0916","1","hsa-miR-6857-3p","","",""
"KCMF1","0.0979","0.376","0.102","1","hsa-miR-1307-3p","","",""
"KCNH1","0.141","0.376","0.151","1","hsa-miR-6715b-5p","","",""
"KCNK3","0.0244","0.376","0.124","2","hsa-miR-6722-3p","hsa-miR-3184-5p","",""
"KCTD15","0.0656","0.376","0.213","2","hsa-miR-1229-3p","hsa-miR-6857-3p","",""
"KDM5C","0.155","0.376","0.167","1","hsa-miR-1229-3p","","",""
"KDM6B","0.155","0.376","0.353","2","hsa-miR-3178","hsa-miR-4749-5p","",""
"KIAA0040","0.103","0.376","0.108","1","hsa-miR-6857-3p","","",""
"KIF24","0.0267","0.376","0.0269","1","hsa-miR-1229-3p","","",""
"KLF16","0.146","0.376","0.156","1","hsa-miR-6722-3p","","",""
"KLHL38","0.00272","0.376","0.0404","2","hsa-miR-3184-5p","hsa-miR-6857-3p","",""
"KMT2D","0.0570","0.376","0.302","3","hsa-miR-1229-3p","hsa-miR-4749-5p","hsa-miR-6857-3p",""
"KPNB1","0.136","0.376","0.145","1","hsa-miR-1229-3p","","",""
"KRBA2","0.112","0.376","0.119","1","hsa-miR-1307-3p","","",""
"KRT28","0.00539","0.376","0.00539","1","hsa-miR-1229-3p","","",""
"KRTAP13-2","0.0629","0.376","0.0646","1","hsa-miR-4511","","",""
"LAMA2","0.0423","0.376","0.0431","1","hsa-miR-4511","","",""
"LAMA5","0.0578","0.376","0.0593","1","hsa-miR-6722-3p","","",""
"LFNG","0.160","0.376","0.172","1","hsa-miR-6715b-5p","","",""
"LIMCH1","0.146","0.376","0.156","1","hsa-miR-4462","","",""
"LIMS2","0.0475","0.376","0.0485","1","hsa-miR-3184-5p","","",""
"LIN9","0.160","0.376","0.172","1","hsa-miR-3975","","",""
"LMAN2","0.0880","0.376","0.0916","1","hsa-miR-4783-3p","","",""
"LMNB2","0.122","0.376","0.415","3","hsa-miR-3184-5p","hsa-miR-3975","hsa-miR-6857-3p",""
"LPCAT1","0.146","0.376","0.156","1","hsa-miR-4783-3p","","",""
"LPL","0.0527","0.376","0.0539","1","hsa-miR-3130-3p","","",""
"LRBA","0.0214","0.376","0.0215","1","hsa-miR-1229-3p","","",""
"LRIT1","0.00539","0.376","0.00539","1","hsa-miR-1229-3p","","",""
"LRPPRC","0.0929","0.376","0.0970","1","hsa-miR-139-3p","","",""
"LRRC45","0.0780","0.376","0.0808","1","hsa-miR-139-3p","","",""
"LTBP4","0.127","0.376","0.135","1","hsa-miR-4749-5p","","",""
"LY6E","0.132","0.376","0.140","1","hsa-miR-6722-3p","","",""
"MAD2L2","0.0161","0.376","0.0162","1","hsa-miR-1229-3p","","",""
"MAFK","0.121","0.376","0.304","2","hsa-miR-4749-5p","hsa-miR-6722-3p","",""
"MALL","0.117","0.376","0.124","1","hsa-miR-3178","","",""
"MAP2K7","0.0824","0.376","0.242","2","hsa-miR-6722-3p","hsa-miR-3178","",""
"MAP3K9","0.140","0.376","0.331","2","hsa-miR-3184-5p","hsa-miR-3130-3p","",""
"MAPKAPK2","0.0285","0.376","0.135","2","hsa-miR-1229-3p","hsa-miR-6722-3p","",""
"MBOAT1","0.0527","0.376","0.0539","1","hsa-miR-3178","","",""
"MCM5","0.122","0.376","0.129","1","hsa-miR-3184-5p","","",""
"MCRIP1","0.117","0.376","0.124","1","hsa-miR-3184-5p","","",""
"MED19","0.0780","0.376","0.0808","1","hsa-miR-1229-3p","","",""
"MED28","0.0901","0.376","0.364","3","hsa-miR-3184-5p","hsa-miR-3178","hsa-miR-6857-3p",""
"MEIOC","0.0527","0.376","0.0539","1","hsa-miR-3130-3p","","",""
"METTL14","0.0715","0.376","0.224","2","hsa-miR-1307-3p","hsa-miR-6715b-5p","",""
"MEX3A","0.0905","0.376","0.256","2","hsa-miR-6722-3p","hsa-miR-3184-5p","",""
"MFSD4B","0.0170","0.376","0.102","2","hsa-miR-6715b-5p","hsa-miR-1307-3p","",""
"MIB2","0.0629","0.376","0.0646","1","hsa-miR-6722-3p","","",""
"MICALL1","0.0929","0.376","0.0970","1","hsa-miR-6857-3p","","",""
"MIDN","0.0246","0.376","0.294","4","hsa-miR-6715b-5p","hsa-miR-3130-3p","hsa-miR-6722-3p","hsa-miR-3184-5p"
"MIEF2","0.0101","0.376","0.0781","2","hsa-miR-6715b-5p","hsa-miR-6722-3p","",""
"MIER1","0.117","0.376","0.124","1","hsa-miR-4511","","",""
"MKNK2","0.0819","0.376","0.350","3","hsa-miR-3184-5p","hsa-miR-4749-5p","hsa-miR-6857-3p",""
"MLN","0.0527","0.376","0.0539","1","hsa-miR-3184-5p","","",""
"MMP11","0.0214","0.376","0.0215","1","hsa-miR-139-3p","","",""
"MOB1A","0.150","0.376","0.162","1","hsa-miR-6857-3p","","",""
"MOGAT3","0.0929","0.376","0.0970","1","hsa-miR-1307-3p","","",""
"MORC2","0.0578","0.376","0.0593","1","hsa-miR-6715b-5p","","",""
"MPIG6B","0.0527","0.376","0.0539","1","hsa-miR-3178","","",""
"MPRIP","0.0670","0.376","0.215","2","hsa-miR-4462","hsa-miR-6857-3p","",""
"MREG","0.127","0.376","0.135","1","hsa-miR-1307-3p","","",""
"MRPL36","0.141","0.376","0.151","1","hsa-miR-1307-3p","","",""
"MRPL9","0.0730","0.376","0.0754","1","hsa-miR-139-3p","","",""
"MRPS23","0.0700","0.376","0.221","2","hsa-miR-1307-3p","hsa-miR-4511","",""
"MTRNR2L5","0.155","0.376","0.167","1","hsa-miR-6722-3p","","",""
"MUL1","0.0371","0.376","0.0377","1","hsa-miR-3184-5p","","",""
"MVB12B","0.117","0.376","0.124","1","hsa-miR-6715b-5p","","",""
"MYDGF","0.0929","0.376","0.0970","1","hsa-miR-1229-3p","","",""
"MYO5B","0.0319","0.376","0.0323","1","hsa-miR-1229-3p","","",""
"NANOS1","0.0340","0.376","0.148","2","hsa-miR-3184-5p","hsa-miR-6715b-5p","",""
"NAPEPLD","0.117","0.376","0.124","1","hsa-miR-1229-3p","","",""
"NCLN","0.141","0.376","0.151","1","hsa-miR-4511","","",""
"NCS1","0.0746","0.376","0.229","2","hsa-miR-3184-5p","hsa-miR-6715b-5p","",""
"NDUFA10","0.0680","0.376","0.0700","1","hsa-miR-3130-3p","","",""
"NECTIN1","0.0170","0.376","0.102","2","hsa-miR-3184-5p","hsa-miR-4749-5p","",""
"NEK6","0.0267","0.376","0.0269","1","hsa-miR-1307-3p","","",""
"NEU3","0.0629","0.376","0.0646","1","hsa-miR-1229-3p","","",""
"NF2","0.0164","0.376","0.187","3","hsa-miR-1229-3p","hsa-miR-3184-5p","hsa-miR-4783-3p",""
"NFASC","0.0285","0.376","0.135","2","hsa-miR-6722-3p","hsa-miR-3184-5p","",""
"NFIX","0.0303","0.376","0.235","3","hsa-miR-4749-5p","hsa-miR-3184-5p","hsa-miR-139-3p",""
"NICN1","0.127","0.376","0.135","1","hsa-miR-3178","","",""
"NIF3L1","0.117","0.376","0.124","1","hsa-miR-6722-3p","","",""
"NIPAL1","0.164","0.376","0.178","1","hsa-miR-3130-3p","","",""
"NKX6-2","0.0680","0.376","0.0700","1","hsa-miR-3184-5p","","",""
"NKX6-3","0.0730","0.376","0.0754","1","hsa-miR-3130-3p","","",""
"NME2","0.132","0.376","0.140","1","hsa-miR-1229-3p","","",""
"NOB1","0.103","0.376","0.108","1","hsa-miR-139-3p","","",""
"NOS1","0.0979","0.376","0.102","1","hsa-miR-6715b-5p","","",""
"NOTCH2NL","0.141","0.376","0.151","1","hsa-miR-3130-3p","","",""
"NPTXR","0.102","0.376","0.275","2","hsa-miR-1307-3p","hsa-miR-3184-5p","",""
"NUMBL","0.150","0.376","0.162","1","hsa-miR-6715b-5p","","",""
"NUP35","0.155","0.376","0.167","1","hsa-miR-6722-3p","","",""
"NUTM2E","0.0267","0.376","0.0269","1","hsa-miR-4511","","",""
"NXPE3","0.155","0.376","0.167","1","hsa-miR-1229-3p","","",""
"OPA3","0.0888","0.376","0.253","2","hsa-miR-1229-3p","hsa-miR-4462","",""
"OPTN","0.136","0.376","0.145","1","hsa-miR-1307-3p","","",""
"ORAI2","0.102","0.376","0.384","3","hsa-miR-3178","hsa-miR-139-3p","hsa-miR-1307-3p",""
"OTUB1","0.0234","0.376","0.121","2","hsa-miR-4749-5p","hsa-miR-6722-3p","",""
"OTUD5","0.155","0.376","0.167","1","hsa-miR-6722-3p","","",""
"P2RY2","0.0830","0.376","0.0862","1","hsa-miR-1229-3p","","",""
"PAK4","0.0375","0.376","0.156","2","hsa-miR-1229-3p","hsa-miR-4749-5p","",""
"PANK1","0.0411","0.376","0.164","2","hsa-miR-6857-3p","hsa-miR-3130-3p","",""
"PANK2","0.164","0.376","0.178","1","hsa-miR-1229-3p","","",""
"PARS2","0.117","0.376","0.124","1","hsa-miR-6722-3p","","",""
"PAX2","0.141","0.376","0.151","1","hsa-miR-3184-5p","","",""
"PAX5","0.0161","0.376","0.0997","2","hsa-miR-3130-3p","hsa-miR-139-3p","",""
"PBRM1","0.112","0.376","0.119","1","hsa-miR-1229-3p","","",""
"PBX2","0.150","0.376","0.162","1","hsa-miR-3184-5p","","",""
"PBX2P1","0.0929","0.376","0.0970","1","hsa-miR-4511","","",""
"PCBD1","0.0475","0.376","0.0485","1","hsa-miR-6722-3p","","",""
"PCYT2","0.0929","0.376","0.0970","1","hsa-miR-3130-3p","","",""
"PDP2","0.120","0.376","0.302","2","hsa-miR-6722-3p","hsa-miR-3184-5p","",""
"PDPR","0.150","0.376","0.162","1","hsa-miR-6722-3p","","",""
"PDZD4","0.141","0.376","0.151","1","hsa-miR-4749-5p","","",""
"PEAK3","0.0780","0.376","0.0808","1","hsa-miR-3178","","",""
"PER1","0.107","0.376","0.283","2","hsa-miR-4749-5p","hsa-miR-6715b-5p","",""
"PHC1","0.141","0.376","0.151","1","hsa-miR-1229-3p","","",""
"PHF21A","0.0830","0.376","0.0862","1","hsa-miR-6722-3p","","",""
"PHGDH","0.0880","0.376","0.0916","1","hsa-miR-1229-3p","","",""
"PHLPP1","0.132","0.376","0.140","1","hsa-miR-1307-3p","","",""
"PHRF1","0.0214","0.376","0.0215","1","hsa-miR-1229-3p","","",""
"PITHD1","0.0629","0.376","0.0646","1","hsa-miR-4511","","",""
"PITPNB","0.132","0.376","0.140","1","hsa-miR-1229-3p","","",""
"PKD1","0.0824","0.376","0.242","2","hsa-miR-6722-3p","hsa-miR-4462","",""
"PLCE1","0.0542","0.376","0.191","2","hsa-miR-6715b-5p","hsa-miR-3975","",""
"PLEKHG4B","0.0129","0.376","0.0889","2","hsa-miR-3975","hsa-miR-1307-3p","",""
"PLXND1","0.0938","0.376","0.261","2","hsa-miR-3184-5p","hsa-miR-3130-3p","",""
"PNMA8A","0.0578","0.376","0.0593","1","hsa-miR-1307-3p","","",""
"PNPT1","0.150","0.376","0.162","1","hsa-miR-1307-3p","","",""
"POC1A","0.0515","0.376","0.186","2","hsa-miR-6722-3p","hsa-miR-1307-3p","",""
"POU3F3","0.141","0.376","0.151","1","hsa-miR-6722-3p","","",""
"PPFIA3","0.112","0.376","0.119","1","hsa-miR-4462","","",""
"PPIB","0.160","0.376","0.172","1","hsa-miR-3184-5p","","",""
"PPL","0.112","0.376","0.119","1","hsa-miR-1229-3p","","",""
"PPP1R11","0.0921","0.376","0.259","2","hsa-miR-3184-5p","hsa-miR-6715b-5p","",""
"PPP2R5D","0.155","0.376","0.167","1","hsa-miR-6722-3p","","",""
"PPP4C","0.0371","0.376","0.0377","1","hsa-miR-1229-3p","","",""
"PPP5D1","0.0830","0.376","0.0862","1","hsa-miR-1307-3p","","",""
"PRDX4","0.0319","0.376","0.0323","1","hsa-miR-1229-3p","","",""
"PRKRIP1","0.0629","0.376","0.0646","1","hsa-miR-1229-3p","","",""
"PRY","0.0929","0.376","0.0970","1","hsa-miR-1229-3p","","",""
"PRY2","0.0929","0.376","0.0970","1","hsa-miR-1229-3p","","",""
"PSAPL1","0.108","0.376","0.113","1","hsa-miR-4783-3p","","",""
"PSMB5","0.0612","0.376","0.205","2","hsa-miR-1307-3p","hsa-miR-1229-3p","",""
"PSMC5","0.0214","0.376","0.0215","1","hsa-miR-1229-3p","","",""
"PTAFR","0.164","0.376","0.178","1","hsa-miR-1307-3p","","",""
"PTDSS1","0.0578","0.376","0.0593","1","hsa-miR-1229-3p","","",""
"PUS10","0.0880","0.376","0.0916","1","hsa-miR-1307-3p","","",""
"PXDC1","0.122","0.376","0.129","1","hsa-miR-6722-3p","","",""
"PXN","0.136","0.376","0.145","1","hsa-miR-139-3p","","",""
"QRSL1","0.164","0.376","0.178","1","hsa-miR-1307-3p","","",""
"QSOX1","0.114","0.376","0.294","2","hsa-miR-3975","hsa-miR-6857-3p","",""
"R3HDM2","0.155","0.376","0.167","1","hsa-miR-6715b-5p","","",""
"R3HDM4","0.0399","0.376","0.162","2","hsa-miR-4462","hsa-miR-6715b-5p","",""
"RAB11B","0.0598","0.376","0.202","2","hsa-miR-139-3p","hsa-miR-3178","",""
"RAB17","0.0979","0.376","0.102","1","hsa-miR-4749-5p","","",""
"RAB31","0.150","0.376","0.162","1","hsa-miR-1229-3p","","",""
"RAB40B","0.150","0.376","0.162","1","hsa-miR-1307-3p","","",""
"RAB9A","0.150","0.376","0.162","1","hsa-miR-1307-3p","","",""
"RANBP10","0.0979","0.376","0.102","1","hsa-miR-6857-3p","","",""
"RASD1","0.0780","0.376","0.0808","1","hsa-miR-139-3p","","",""
"RBBP5","0.0979","0.376","0.102","1","hsa-miR-6857-3p","","",""
"RBMS2","0.157","0.376","0.356","2","hsa-miR-3975","hsa-miR-3178","",""
"RBPJL","0.127","0.376","0.135","1","hsa-miR-3184-5p","","",""
"RBX1","0.0680","0.376","0.0700","1","hsa-miR-6857-3p","","",""
"REEP3","0.0872","0.376","0.250","2","hsa-miR-139-3p","hsa-miR-3184-5p","",""
"REG3A","0.0578","0.376","0.0593","1","hsa-miR-4749-5p","","",""
"RFC5","0.0979","0.376","0.102","1","hsa-miR-6857-3p","","",""
"RHBDL2","0.122","0.376","0.129","1","hsa-miR-1307-3p","","",""
"RHEBP1","0.117","0.376","0.124","1","hsa-miR-6857-3p","","",""
"RIMBP3C","0.141","0.376","0.151","1","hsa-miR-6722-3p","","",""
"RIN3","0.0423","0.376","0.0431","1","hsa-miR-3184-5p","","",""
"RMI1","0.108","0.376","0.113","1","hsa-miR-6715b-5p","","",""
"RND2","0.146","0.376","0.156","1","hsa-miR-139-3p","","",""
"RNF165","0.0363","0.376","0.154","2","hsa-miR-3184-5p","hsa-miR-6857-3p","",""
"RNF187","0.0715","0.376","0.224","2","hsa-miR-3184-5p","hsa-miR-6722-3p","",""
"RPA1","0.0830","0.376","0.0862","1","hsa-miR-139-3p","","",""
"RPGRIP1L","0.0161","0.376","0.0162","1","hsa-miR-1229-3p","","",""
"RPL3","0.0880","0.376","0.0916","1","hsa-miR-1229-3p","","",""
"RPL34","0.122","0.376","0.129","1","hsa-miR-1307-3p","","",""
"RPL7A","0.0680","0.376","0.0700","1","hsa-miR-1229-3p","","",""
"RPP40","0.0880","0.376","0.0916","1","hsa-miR-4511","","",""
"RPS15","0.0527","0.376","0.0539","1","hsa-miR-1229-3p","","",""
"RPS28","0.103","0.376","0.108","1","hsa-miR-1307-3p","","",""
"RPS6KL1","0.0979","0.376","0.102","1","hsa-miR-3184-5p","","",""
"RRAS","0.0830","0.376","0.0862","1","hsa-miR-3975","","",""
"RRS1","0.112","0.376","0.119","1","hsa-miR-4783-3p","","",""
"RSPH3","0.0929","0.376","0.0970","1","hsa-miR-1307-3p","","",""
"RTL6","0.112","0.376","0.119","1","hsa-miR-1229-3p","","",""
"RTN3","0.155","0.376","0.167","1","hsa-miR-4511","","",""
"RUVBL2","0.0780","0.376","0.0808","1","hsa-miR-1229-3p","","",""
"S1PR3","0.141","0.376","0.151","1","hsa-miR-6715b-5p","","",""
"SAE1","0.122","0.376","0.129","1","hsa-miR-1229-3p","","",""
"SAFB","0.0319","0.376","0.0323","1","hsa-miR-1229-3p","","",""
"SALL2","0.117","0.376","0.124","1","hsa-miR-6722-3p","","",""
"SARS","0.132","0.376","0.140","1","hsa-miR-6722-3p","","",""
"SBF1","0.0730","0.376","0.226","2","hsa-miR-4749-5p","hsa-miR-6715b-5p","",""
"SBK1","0.0569","0.376","0.197","2","hsa-miR-3184-5p","hsa-miR-4749-5p","",""
"SCAMP5","0.0830","0.376","0.0862","1","hsa-miR-1229-3p","","",""
"SCD","0.0675","0.376","0.323","3","hsa-miR-1229-3p","hsa-miR-4511","hsa-miR-6857-3p",""
"SCO1","0.113","0.376","0.291","2","hsa-miR-1229-3p","hsa-miR-1307-3p","",""
"SEC14L6","0.108","0.376","0.113","1","hsa-miR-6715b-5p","","",""
"SEMA3F","0.150","0.376","0.162","1","hsa-miR-4749-5p","","",""
"SEMA5A","0.141","0.376","0.151","1","hsa-miR-6722-3p","","",""
"SEMA6B","0.146","0.376","0.156","1","hsa-miR-1229-3p","","",""
"SENP5","0.164","0.376","0.178","1","hsa-miR-6722-3p","","",""
"SETD7","0.0856","0.376","0.248","2","hsa-miR-1229-3p","hsa-miR-3975","",""
"SF3A3","0.0880","0.376","0.0916","1","hsa-miR-3130-3p","","",""
"SF3B5","0.00539","0.376","0.00539","1","hsa-miR-1307-3p","","",""
"SFPQ","0.112","0.376","0.119","1","hsa-miR-1229-3p","","",""
"SGPP2","0.0254","0.376","0.127","2","hsa-miR-6715b-5p","hsa-miR-1307-3p","",""
"SH2D5","0.150","0.376","0.162","1","hsa-miR-6857-3p","","",""
"SH3BGRL3","0.108","0.376","0.113","1","hsa-miR-4749-5p","","",""
"SHANK2","0.0527","0.376","0.0539","1","hsa-miR-1307-3p","","",""
"SIGLEC12","0.0929","0.376","0.0970","1","hsa-miR-4749-5p","","",""
"SIRPG","0.0319","0.376","0.0323","1","hsa-miR-6722-3p","","",""
"SLC16A13","0.132","0.376","0.140","1","hsa-miR-1229-3p","","",""
"SLC25A23","0.122","0.376","0.129","1","hsa-miR-6722-3p","","",""
"SLC25A51","0.127","0.376","0.135","1","hsa-miR-1307-3p","","",""
"SLC2A14","0.146","0.376","0.156","1","hsa-miR-6857-3p","","",""
"SLC38A4","0.00310","0.376","0.0431","2","hsa-miR-139-3p","hsa-miR-6722-3p","",""
"SLC39A7","0.0578","0.376","0.0593","1","hsa-miR-1229-3p","","",""
"SLC43A2","0.0528","0.376","0.189","2","hsa-miR-1307-3p","hsa-miR-139-3p","",""
"SLC46A1","0.155","0.376","0.167","1","hsa-miR-4511","","",""
"SLC47A1","0.0306","0.376","0.140","2","hsa-miR-4749-5p","hsa-miR-1307-3p","",""
"SLC5A6","0.0215","0.376","0.116","2","hsa-miR-139-3p","hsa-miR-3184-5p","",""
"SLC6A6","0.141","0.376","0.151","1","hsa-miR-6857-3p","","",""
"SLC9A3","0.0880","0.376","0.0916","1","hsa-miR-4749-5p","","",""
"SLIT3","0.103","0.376","0.108","1","hsa-miR-4511","","",""
"SLITRK3","0.0475","0.376","0.0485","1","hsa-miR-3130-3p","","",""
"SLITRK5","0.0979","0.376","0.102","1","hsa-miR-3184-5p","","",""
"SMARCC1","0.0830","0.376","0.0862","1","hsa-miR-3130-3p","","",""
"SMIM7","0.108","0.376","0.113","1","hsa-miR-139-3p","","",""
"SMOC2","0.117","0.376","0.124","1","hsa-miR-6722-3p","","",""
"SMYD4","0.164","0.376","0.178","1","hsa-miR-1307-3p","","",""
"SNRNP27","0.0108","0.376","0.0808","2","hsa-miR-139-3p","hsa-miR-4511","",""
"SNRNP48","0.136","0.376","0.145","1","hsa-miR-3130-3p","","",""
"SNRPA","0.0161","0.376","0.0162","1","hsa-miR-1307-3p","","",""
"SNX12","0.141","0.376","0.151","1","hsa-miR-1229-3p","","",""
"SORBS2","0.0730","0.376","0.0754","1","hsa-miR-139-3p","","",""
"SORBS3","0.0929","0.376","0.0970","1","hsa-miR-1229-3p","","",""
"SORL1","0.0107","0.376","0.0108","1","hsa-miR-1229-3p","","",""
"SPECC1L","0.108","0.376","0.113","1","hsa-miR-4749-5p","","",""
"SPEF1","0.103","0.376","0.108","1","hsa-miR-3184-5p","","",""
"SPON2","0.117","0.376","0.124","1","hsa-miR-4462","","",""
"SPOUT1","0.103","0.376","0.108","1","hsa-miR-1229-3p","","",""
"SRP72","0.0578","0.376","0.0593","1","hsa-miR-1229-3p","","",""
"SRRT","0.112","0.376","0.119","1","hsa-miR-6857-3p","","",""
"SRSF2","0.118","0.376","0.299","2","hsa-miR-6715b-5p","hsa-miR-3130-3p","",""
"SSH3","0.164","0.376","0.178","1","hsa-miR-3975","","",""
"SSU72","0.0700","0.376","0.221","2","hsa-miR-4783-3p","hsa-miR-6715b-5p","",""
"SSX5","0.108","0.376","0.113","1","hsa-miR-6857-3p","","",""
"ST3GAL2","0.112","0.376","0.119","1","hsa-miR-1307-3p","","",""
"STAR","0.122","0.376","0.129","1","hsa-miR-3130-3p","","",""
"STAT5B","0.00753","0.376","0.0673","2","hsa-miR-1229-3p","hsa-miR-3184-5p","",""
"STIL","0.0830","0.376","0.0862","1","hsa-miR-3178","","",""
"STIM1","0.160","0.376","0.172","1","hsa-miR-3184-5p","","",""
"STIP1","0.122","0.376","0.129","1","hsa-miR-6722-3p","","",""
"STRN4","0.0880","0.376","0.0916","1","hsa-miR-3184-5p","","",""
"STX4","0.0824","0.376","0.242","2","hsa-miR-3178","hsa-miR-3130-3p","",""
"STYK1","0.117","0.376","0.124","1","hsa-miR-6857-3p","","",""
"SUPT5H","0.0629","0.376","0.0646","1","hsa-miR-1229-3p","","",""
"SURF2","0.0780","0.376","0.0808","1","hsa-miR-3130-3p","","",""
"SVIP","0.132","0.376","0.140","1","hsa-miR-3178","","",""
"SWSAP1","0.164","0.376","0.178","1","hsa-miR-1307-3p","","",""
"SYNRG","0.0274","0.376","0.132","2","hsa-miR-1307-3p","hsa-miR-4783-3p","",""
"SYT7","0.0641","0.376","0.210","2","hsa-miR-139-3p","hsa-miR-3130-3p","",""
"TACC3","0.127","0.376","0.135","1","hsa-miR-4749-5p","","",""
"TAF1","0.0830","0.376","0.0862","1","hsa-miR-3178","","",""
"TAGLN","0.155","0.376","0.167","1","hsa-miR-3184-5p","","",""
"TBC1D4","0.0780","0.376","0.0808","1","hsa-miR-6722-3p","","",""
"TBX20","0.136","0.376","0.145","1","hsa-miR-139-3p","","",""
"TDRKH","0.108","0.376","0.113","1","hsa-miR-6857-3p","","",""
"TEDC1","0.0578","0.376","0.0593","1","hsa-miR-6715b-5p","","",""
"TET3","0.109","0.376","0.285","2","hsa-miR-6857-3p","hsa-miR-4511","",""
"TEX22","0.127","0.376","0.135","1","hsa-miR-139-3p","","",""
"TFCP2L1","0.146","0.376","0.156","1","hsa-miR-3975","","",""
"THY1","0.0122","0.376","0.0862","2","hsa-miR-139-3p","hsa-miR-6715b-5p","",""
"TIA1","0.0371","0.376","0.0377","1","hsa-miR-1229-3p","","",""
"TIMM8A","0.149","0.376","0.345","2","hsa-miR-1229-3p","hsa-miR-4783-3p","",""
"TLR5","0.108","0.376","0.113","1","hsa-miR-3184-5p","","",""
"TMBIM6","0.106","0.376","0.280","2","hsa-miR-3184-5p","hsa-miR-3975","",""
"TMCC3","0.117","0.376","0.124","1","hsa-miR-4511","","",""
"TMEM105","0.164","0.376","0.178","1","hsa-miR-3178","","",""
"TMEM11","0.164","0.376","0.178","1","hsa-miR-3184-5p","","",""
"TMEM132C","0.0780","0.376","0.0808","1","hsa-miR-6715b-5p","","",""
"TMEM145","0.160","0.376","0.172","1","hsa-miR-6722-3p","","",""
"TMEM184B","0.0988","0.376","0.269","2","hsa-miR-3184-5p","hsa-miR-4749-5p","",""
"TMEM214","0.0264","0.376","0.129","2","hsa-miR-6715b-5p","hsa-miR-3975","",""
"TMIGD2","0.0979","0.376","0.102","1","hsa-miR-1307-3p","","",""
"TNFAIP2","0.122","0.376","0.129","1","hsa-miR-3130-3p","","",""
"TNRC18","0.136","0.376","0.145","1","hsa-miR-1307-3p","","",""
"TNRC6B","0.0880","0.376","0.361","3","hsa-miR-1229-3p","hsa-miR-6715b-5p","hsa-miR-4511",""
"TOLLIP","0.103","0.376","0.108","1","hsa-miR-3975","","",""
"TOMM5","0.150","0.376","0.162","1","hsa-miR-6857-3p","","",""
"TPST2","0.146","0.376","0.156","1","hsa-miR-3184-5p","","",""
"TRAF3","0.122","0.376","0.129","1","hsa-miR-3178","","",""
"TRAF7","0.00800","0.376","0.144","3","hsa-miR-1229-3p","hsa-miR-3184-5p","hsa-miR-6722-3p",""
"TRIM27","0.117","0.376","0.124","1","hsa-miR-1229-3p","","",""
"TRIM41","0.0527","0.376","0.0539","1","hsa-miR-3184-5p","","",""
"TRIM58","0.103","0.376","0.108","1","hsa-miR-3130-3p","","",""
"TRMT10B","0.160","0.376","0.172","1","hsa-miR-1307-3p","","",""
"TRPC4AP","0.164","0.376","0.178","1","hsa-miR-6857-3p","","",""
"TRRAP","0.0880","0.376","0.0916","1","hsa-miR-1229-3p","","",""
"TSN","0.122","0.376","0.129","1","hsa-miR-6715b-5p","","",""
"TSTD2","0.112","0.376","0.119","1","hsa-miR-4511","","",""
"TUBD1","0.00828","0.376","0.145","3","hsa-miR-1307-3p","hsa-miR-6715b-5p","hsa-miR-139-3p",""
"TUBG1","0.0979","0.376","0.102","1","hsa-miR-1229-3p","","",""
"TULP1","0.00437","0.376","0.0512","2","hsa-miR-3178","hsa-miR-4749-5p","",""
"TUSC3","0.0319","0.376","0.0323","1","hsa-miR-1229-3p","","",""
"TXNIP","0.0286","0.376","0.307","4","hsa-miR-3184-5p","hsa-miR-3975","hsa-miR-6857-3p","hsa-miR-4511"
"TXNL4A","0.132","0.376","0.140","1","hsa-miR-6715b-5p","","",""
"U2AF2","0.00292","0.376","0.101","3","hsa-miR-3184-5p","hsa-miR-6722-3p","hsa-miR-3178",""
"UBALD1","0.127","0.376","0.135","1","hsa-miR-6722-3p","","",""
"UBFD1","0.141","0.376","0.151","1","hsa-miR-3184-5p","","",""
"UBN1","0.0929","0.376","0.0970","1","hsa-miR-3130-3p","","",""
"UCP2","0.103","0.376","0.108","1","hsa-miR-139-3p","","",""
"UNK","0.0905","0.376","0.256","2","hsa-miR-3184-5p","hsa-miR-6857-3p","",""
"UPF3A","0.0880","0.376","0.0916","1","hsa-miR-6857-3p","","",""
"URGCP-MRPS24","0.117","0.376","0.124","1","hsa-miR-139-3p","","",""
"URM1","0.0598","0.376","0.202","2","hsa-miR-3184-5p","hsa-miR-3975","",""
"USP49","0.136","0.376","0.145","1","hsa-miR-1307-3p","","",""
"VAV3","0.0545","0.376","0.296","3","hsa-miR-3130-3p","hsa-miR-4511","hsa-miR-3178",""
"VSIG1","0.122","0.376","0.129","1","hsa-miR-1307-3p","","",""
"VSIG2","0.117","0.376","0.124","1","hsa-miR-1307-3p","","",""
"VWA1","0.150","0.376","0.162","1","hsa-miR-139-3p","","",""
"VWA8","0.0214","0.376","0.0215","1","hsa-miR-1229-3p","","",""
"VWC2","0.0578","0.376","0.0593","1","hsa-miR-1307-3p","","",""
"VWC2L","0.0475","0.376","0.0485","1","hsa-miR-1229-3p","","",""
"WARS2","0.0730","0.376","0.0754","1","hsa-miR-6715b-5p","","",""
"WASF2","0.123","0.376","0.307","2","hsa-miR-3184-5p","hsa-miR-1307-3p","",""
"WDCP","0.0780","0.376","0.0808","1","hsa-miR-1229-3p","","",""
"WDR1","0.108","0.376","0.113","1","hsa-miR-3178","","",""
"WDR3","0.160","0.376","0.172","1","hsa-miR-1229-3p","","",""
"WDR35","0.0680","0.376","0.0700","1","hsa-miR-3130-3p","","",""
"WDR45B","0.0436","0.376","0.170","2","hsa-miR-139-3p","hsa-miR-3184-5p","",""
"WFIKKN2","0.0979","0.376","0.102","1","hsa-miR-3184-5p","","",""
"YBX1","0.132","0.376","0.140","1","hsa-miR-1307-3p","","",""
"YIF1B","0.0475","0.376","0.0485","1","hsa-miR-3178","","",""
"YIPF2","0.112","0.376","0.119","1","hsa-miR-4749-5p","","",""
"YIPF4","0.0703","0.376","0.329","3","hsa-miR-6715b-5p","hsa-miR-3178","hsa-miR-3975",""
"YIPF5","0.132","0.376","0.140","1","hsa-miR-1307-3p","","",""
"ZBTB46","0.111","0.376","0.288","2","hsa-miR-3184-5p","hsa-miR-3130-3p","",""
"ZDHHC22","0.164","0.376","0.178","1","hsa-miR-1229-3p","","",""
"ZDHHC7","0.0830","0.376","0.0862","1","hsa-miR-1229-3p","","",""
"ZFP82","0.127","0.376","0.135","1","hsa-miR-1307-3p","","",""
"ZHX3","0.132","0.376","0.140","1","hsa-miR-3130-3p","","",""
"ZMAT5","0.155","0.376","0.167","1","hsa-miR-3184-5p","","",""
"ZMYM2","0.160","0.376","0.172","1","hsa-miR-1229-3p","","",""
"ZNF195","0.164","0.376","0.178","1","hsa-miR-1229-3p","","",""
"ZNF207","0.143","0.376","0.337","2","hsa-miR-1307-3p","hsa-miR-1229-3p","",""
"ZNF385A","0.149","0.376","0.345","2","hsa-miR-1307-3p","hsa-miR-3975","",""
"ZNF394","0.138","0.376","0.329","2","hsa-miR-6722-3p","hsa-miR-6715b-5p","",""
"ZNF430","0.122","0.376","0.129","1","hsa-miR-1307-3p","","",""
"ZNF439","0.0424","0.376","0.167","2","hsa-miR-3975","hsa-miR-1307-3p","",""
"ZNF525","0.0244","0.376","0.124","2","hsa-miR-6857-3p","hsa-miR-1229-3p","",""
"ZNF550","0.112","0.376","0.119","1","hsa-miR-139-3p","","",""
"ZNF570","0.0929","0.376","0.0970","1","hsa-miR-139-3p","","",""
"ZNF589","0.150","0.376","0.162","1","hsa-miR-139-3p","","",""
"ZNF655","0.150","0.376","0.162","1","hsa-miR-1307-3p","","",""
"ZNF687","0.0319","0.376","0.0323","1","hsa-miR-1229-3p","","",""
"ZNF781","0.136","0.376","0.145","1","hsa-miR-1229-3p","","",""
"ZNF787","0.0187","0.376","0.108","2","hsa-miR-3184-5p","hsa-miR-4749-5p","",""
"ZNF81","0.108","0.376","0.113","1","hsa-miR-3975","","",""
"ZNF841","0.0929","0.376","0.0970","1","hsa-miR-1307-3p","","",""
"ZNF865","0.141","0.376","0.151","1","hsa-miR-6715b-5p","","",""
"ZSWIM7","0.0929","0.376","0.0970","1","hsa-miR-139-3p","","",""
"AP5M1","0.169","0.379","0.183","1","hsa-miR-6857-3p","","",""
"CTTN","0.169","0.379","0.183","1","hsa-miR-4749-5p","","",""
"ESPL1","0.169","0.379","0.183","1","hsa-miR-3975","","",""
"FAM109A","0.169","0.379","0.183","1","hsa-miR-6715b-5p","","",""
"GFRA1","0.169","0.379","0.183","1","hsa-miR-139-3p","","",""
"ICAM1","0.169","0.379","0.183","1","hsa-miR-3975","","",""
"LRRC8B","0.169","0.379","0.183","1","hsa-miR-1307-3p","","",""
"OGFOD1","0.169","0.379","0.183","1","hsa-miR-1307-3p","","",""
"PIAS4","0.169","0.379","0.183","1","hsa-miR-1307-3p","","",""
"PRKD3","0.169","0.379","0.183","1","hsa-miR-4511","","",""
"RPL22","0.169","0.379","0.183","1","hsa-miR-6857-3p","","",""
"SEPT6","0.169","0.379","0.183","1","hsa-miR-3178","","",""
"SHANK3","0.169","0.379","0.183","1","hsa-miR-3184-5p","","",""
"APOPT1","0.178","0.382","0.194","1","hsa-miR-1307-3p","","",""
"ARHGDIA","0.176","0.382","0.382","2","hsa-miR-4783-3p","hsa-miR-3975","",""
"ASPH","0.173","0.382","0.189","1","hsa-miR-3184-5p","","",""
"C1QTNF6","0.178","0.382","0.194","1","hsa-miR-6715b-5p","","",""
"C9orf62","0.173","0.382","0.189","1","hsa-miR-6722-3p","","",""
"CKS1B","0.178","0.382","0.194","1","hsa-miR-3975","","",""
"DSN1","0.178","0.382","0.385","2","hsa-miR-6715b-5p","hsa-miR-3975","",""
"DST","0.173","0.382","0.189","1","hsa-miR-3130-3p","","",""
"FAM222B","0.173","0.382","0.189","1","hsa-miR-4462","","",""
"FFAR4","0.173","0.382","0.189","1","hsa-miR-3130-3p","","",""
"HADHB","0.178","0.382","0.194","1","hsa-miR-1229-3p","","",""
"ITPRIPL1","0.178","0.382","0.194","1","hsa-miR-1307-3p","","",""
"LHFPL3","0.178","0.382","0.194","1","hsa-miR-4749-5p","","",""
"LIMD2","0.173","0.382","0.189","1","hsa-miR-139-3p","","",""
"MCU","0.178","0.382","0.194","1","hsa-miR-139-3p","","",""
"MRPL37","0.178","0.382","0.194","1","hsa-miR-1307-3p","","",""
"PPARGC1B","0.178","0.382","0.194","1","hsa-miR-6715b-5p","","",""
"PRRC2B","0.176","0.382","0.382","2","hsa-miR-3184-5p","hsa-miR-3975","",""
"SF3B1","0.173","0.382","0.189","1","hsa-miR-1307-3p","","",""
"SLCO5A1","0.178","0.382","0.194","1","hsa-miR-4511","","",""
"SPNS1","0.178","0.382","0.194","1","hsa-miR-3184-5p","","",""
"SRM","0.178","0.382","0.194","1","hsa-miR-3184-5p","","",""
"TAS2R5","0.178","0.382","0.194","1","hsa-miR-1307-3p","","",""
"TEP1","0.178","0.382","0.194","1","hsa-miR-1307-3p","","",""
"TSC22D3","0.173","0.382","0.189","1","hsa-miR-1229-3p","","",""
"WDR81","0.178","0.382","0.194","1","hsa-miR-6722-3p","","",""
"ZCCHC4","0.173","0.382","0.189","1","hsa-miR-3975","","",""
"ZKSCAN3","0.178","0.382","0.194","1","hsa-miR-3178","","",""
"ZNF419","0.178","0.382","0.194","1","hsa-miR-1307-3p","","",""
"ARRB2","0.182","0.382","0.199","1","hsa-miR-3184-5p","","",""
"ASCL2","0.182","0.382","0.199","1","hsa-miR-3184-5p","","",""
"BRCC3","0.182","0.382","0.199","1","hsa-miR-6715b-5p","","",""
"CPSF6","0.182","0.382","0.199","1","hsa-miR-4511","","",""
"F2R","0.182","0.382","0.199","1","hsa-miR-4749-5p","","",""
"HOXD11","0.182","0.382","0.199","1","hsa-miR-4749-5p","","",""
"OXA1L","0.182","0.382","0.199","1","hsa-miR-1307-3p","","",""
"PCYOX1","0.182","0.382","0.199","1","hsa-miR-4783-3p","","",""
"PTMS","0.182","0.382","0.199","1","hsa-miR-6715b-5p","","",""
"RAD18","0.182","0.382","0.199","1","hsa-miR-3184-5p","","",""
"RIMS4","0.182","0.382","0.199","1","hsa-miR-3975","","",""
"RNF222","0.182","0.382","0.199","1","hsa-miR-1307-3p","","",""
"SEPT9","0.182","0.382","0.199","1","hsa-miR-3184-5p","","",""
"TM7SF3","0.182","0.382","0.199","1","hsa-miR-6715b-5p","","",""
"TPGS1","0.182","0.382","0.199","1","hsa-miR-1307-3p","","",""
"TRIM59","0.182","0.382","0.199","1","hsa-miR-4511","","",""
"BORCS5","0.187","0.382","0.205","1","hsa-miR-1307-3p","","",""
"CORO7","0.187","0.382","0.205","1","hsa-miR-6722-3p","","",""
"CYP4F11","0.187","0.382","0.205","1","hsa-miR-6857-3p","","",""
"FMNL2","0.187","0.382","0.205","1","hsa-miR-1229-3p","","",""
"GDPGP1","0.187","0.382","0.205","1","hsa-miR-3130-3p","","",""
"JUN","0.187","0.382","0.205","1","hsa-miR-3178","","",""
"LHPP","0.187","0.382","0.205","1","hsa-miR-3130-3p","","",""
"MMP17","0.187","0.382","0.205","1","hsa-miR-3184-5p","","",""
"MRPL51","0.187","0.382","0.205","1","hsa-miR-1229-3p","","",""
"NUP210","0.187","0.382","0.205","1","hsa-miR-1229-3p","","",""
"PHLDA2","0.187","0.382","0.205","1","hsa-miR-6722-3p","","",""
"RBM22","0.187","0.382","0.205","1","hsa-miR-3178","","",""
"RPAP1","0.187","0.382","0.205","1","hsa-miR-6722-3p","","",""
"SLC12A5","0.187","0.382","0.205","1","hsa-miR-3178","","",""
"TFAP2B","0.187","0.382","0.205","1","hsa-miR-6722-3p","","",""
"TGFA","0.187","0.382","0.205","1","hsa-miR-4749-5p","","",""
"AKIP1","0.191","0.385","0.210","1","hsa-miR-3178","","",""
"APTX","0.191","0.385","0.210","1","hsa-miR-1307-3p","","",""
"BAZ2B","0.191","0.385","0.210","1","hsa-miR-3178","","",""
"FEN1","0.191","0.385","0.210","1","hsa-miR-1229-3p","","",""
"HLA-A","0.191","0.385","0.210","1","hsa-miR-139-3p","","",""
"KMT5A","0.191","0.385","0.210","1","hsa-miR-3184-5p","","",""
"POU3F1","0.191","0.385","0.210","1","hsa-miR-6722-3p","","",""
"SNX22","0.191","0.385","0.210","1","hsa-miR-1307-3p","","",""
"SOX12","0.191","0.385","0.210","1","hsa-miR-3184-5p","","",""
"UBBP4","0.191","0.385","0.210","1","hsa-miR-6722-3p","","",""
"ZNF491","0.191","0.385","0.210","1","hsa-miR-3130-3p","","",""
"ACSL6","0.196","0.386","0.215","1","hsa-miR-1307-3p","","",""
"AHDC1","0.196","0.386","0.215","1","hsa-miR-3184-5p","","",""
"ARSA","0.196","0.386","0.215","1","hsa-miR-1307-3p","","",""
"EPG5","0.196","0.386","0.215","1","hsa-miR-3178","","",""
"FBXL19","0.196","0.386","0.215","1","hsa-miR-6722-3p","","",""
"MED21","0.196","0.386","0.215","1","hsa-miR-4511","","",""
"MSI1","0.196","0.386","0.215","1","hsa-miR-6722-3p","","",""
"ORMDL3","0.196","0.386","0.215","1","hsa-miR-1229-3p","","",""
"PYCARD","0.196","0.386","0.215","1","hsa-miR-3975","","",""
"RAB27A","0.196","0.386","0.215","1","hsa-miR-1307-3p","","",""
"SMYD1","0.196","0.386","0.215","1","hsa-miR-3130-3p","","",""
"SNX9","0.196","0.386","0.215","1","hsa-miR-3975","","",""
"SRPX2","0.196","0.386","0.215","1","hsa-miR-3178","","",""
"TUBA1B","0.196","0.386","0.215","1","hsa-miR-1229-3p","","",""
"ZNF486","0.196","0.386","0.215","1","hsa-miR-139-3p","","",""
"KIAA1614","0.200","0.390","0.221","1","hsa-miR-1307-3p","","",""
"MORF4L2","0.200","0.390","0.221","1","hsa-miR-4511","","",""
"MTA1","0.200","0.390","0.221","1","hsa-miR-3184-5p","","",""
"NOS1AP","0.200","0.390","0.221","1","hsa-miR-3184-5p","","",""
"PLA2G4A","0.200","0.390","0.221","1","hsa-miR-6722-3p","","",""
"PLLP","0.200","0.390","0.221","1","hsa-miR-3975","","",""
"TRMU","0.200","0.390","0.221","1","hsa-miR-6715b-5p","","",""
"TUBB4A","0.200","0.390","0.221","1","hsa-miR-6722-3p","","",""
"WDR31","0.200","0.390","0.221","1","hsa-miR-1307-3p","","",""
"MDM4","0.202","0.392","0.417","2","hsa-miR-3184-5p","hsa-miR-3178","",""
"ANKRD13B","0.204","0.392","0.226","1","hsa-miR-3184-5p","","",""
"CDIPT","0.204","0.392","0.226","1","hsa-miR-1229-3p","","",""
"FYCO1","0.204","0.392","0.226","1","hsa-miR-4511","","",""
"GOLGA8A","0.204","0.392","0.226","1","hsa-miR-6857-3p","","",""
"NRIP1","0.204","0.392","0.226","1","hsa-miR-1229-3p","","",""
"PKIA","0.204","0.392","0.226","1","hsa-miR-139-3p","","",""
"REXO2","0.204","0.392","0.226","1","hsa-miR-1229-3p","","",""
"SEPT8","0.204","0.392","0.226","1","hsa-miR-3184-5p","","",""
"ZC3H11A","0.204","0.392","0.226","1","hsa-miR-6857-3p","","",""
"ZNF33A","0.204","0.392","0.226","1","hsa-miR-3975","","",""
"C3orf62","0.209","0.395","0.232","1","hsa-miR-6715b-5p","","",""
"HINFP","0.209","0.395","0.232","1","hsa-miR-1307-3p","","",""
"PDLIM3","0.209","0.395","0.232","1","hsa-miR-1307-3p","","",""
"PFKFB3","0.209","0.395","0.232","1","hsa-miR-3184-5p","","",""
"PNPO","0.209","0.395","0.232","1","hsa-miR-139-3p","","",""
"SAMD4A","0.209","0.395","0.232","1","hsa-miR-6715b-5p","","",""
"SRARP","0.209","0.395","0.232","1","hsa-miR-1307-3p","","",""
"VCL","0.209","0.395","0.232","1","hsa-miR-6722-3p","","",""
"VEZT","0.209","0.395","0.232","1","hsa-miR-1307-3p","","",""
"VSTM4","0.209","0.395","0.232","1","hsa-miR-1307-3p","","",""
"ZNF780A","0.209","0.395","0.232","1","hsa-miR-1229-3p","","",""
"B2M","0.213","0.397","0.237","1","hsa-miR-139-3p","","",""
"C22orf39","0.213","0.397","0.237","1","hsa-miR-3184-5p","","",""
"CLUH","0.213","0.397","0.237","1","hsa-miR-6722-3p","","",""
"ENSA","0.213","0.397","0.237","1","hsa-miR-1307-3p","","",""
"NETO2","0.213","0.397","0.237","1","hsa-miR-1229-3p","","",""
"PSMD3","0.213","0.397","0.237","1","hsa-miR-6722-3p","","",""
"SH3BP2","0.213","0.397","0.237","1","hsa-miR-6715b-5p","","",""
"SV2B","0.213","0.397","0.237","1","hsa-miR-3130-3p","","",""
"VPS18","0.213","0.397","0.237","1","hsa-miR-1307-3p","","",""
"ZNF417","0.212","0.397","0.431","2","hsa-miR-3130-3p","hsa-miR-1307-3p","",""
"ZNF561","0.213","0.397","0.237","1","hsa-miR-1307-3p","","",""
"ARHGAP18","0.217","0.399","0.242","1","hsa-miR-6857-3p","","",""
"FBXO44","0.217","0.399","0.242","1","hsa-miR-3130-3p","","",""
"FKBP15","0.217","0.399","0.242","1","hsa-miR-6857-3p","","",""
"GABPB1","0.216","0.399","0.436","2","hsa-miR-1229-3p","hsa-miR-1307-3p","",""
"HSPA4","0.217","0.399","0.242","1","hsa-miR-6715b-5p","","",""
"IER3IP1","0.217","0.399","0.242","1","hsa-miR-1229-3p","","",""
"LETMD1","0.217","0.399","0.242","1","hsa-miR-1229-3p","","",""
"MYBL2","0.217","0.399","0.242","1","hsa-miR-3184-5p","","",""
"PEX5L","0.217","0.399","0.242","1","hsa-miR-1307-3p","","",""
"SIK2","0.217","0.399","0.242","1","hsa-miR-1229-3p","","",""
"SLC25A22","0.217","0.399","0.242","1","hsa-miR-6722-3p","","",""
"ABHD12","0.226","0.402","0.253","1","hsa-miR-6722-3p","","",""
"ADIPOR2","0.226","0.402","0.253","1","hsa-miR-3130-3p","","",""
"AHCY","0.226","0.402","0.253","1","hsa-miR-6715b-5p","","",""
"C9orf64","0.222","0.402","0.248","1","hsa-miR-6715b-5p","","",""
"CKAP2L","0.226","0.402","0.253","1","hsa-miR-6857-3p","","",""
"COPS7B","0.226","0.402","0.253","1","hsa-miR-4462","","",""
"DISC1","0.226","0.402","0.253","1","hsa-miR-4749-5p","","",""
"DNA2","0.226","0.402","0.253","1","hsa-miR-3178","","",""
"IL17REL","0.222","0.402","0.248","1","hsa-miR-6857-3p","","",""
"IRAK3","0.222","0.402","0.248","1","hsa-miR-3178","","",""
"MIXL1","0.226","0.402","0.253","1","hsa-miR-3130-3p","","",""
"PACS1","0.222","0.402","0.248","1","hsa-miR-1307-3p","","",""
"PSMB2","0.226","0.402","0.253","1","hsa-miR-1307-3p","","",""
"SIGLEC10","0.226","0.402","0.253","1","hsa-miR-6715b-5p","","",""
"SMARCA5","0.226","0.402","0.253","1","hsa-miR-4511","","",""
"SPOPL","0.222","0.402","0.248","1","hsa-miR-3975","","",""
"STXBP2","0.226","0.402","0.253","1","hsa-miR-1307-3p","","",""
"TMEM19","0.226","0.402","0.253","1","hsa-miR-3975","","",""
"TNFSF14","0.222","0.402","0.248","1","hsa-miR-1307-3p","","",""
"UBE2G1","0.226","0.402","0.253","1","hsa-miR-139-3p","","",""
"UST","0.226","0.402","0.253","1","hsa-miR-3184-5p","","",""
"ZNF175","0.222","0.402","0.248","1","hsa-miR-1229-3p","","",""
"ZNF485","0.222","0.402","0.248","1","hsa-miR-1307-3p","","",""
"ZNF774","0.226","0.402","0.253","1","hsa-miR-3975","","",""
"ACBD7","0.255","0.405","0.291","1","hsa-miR-3130-3p","","",""
"AFF1","0.259","0.405","0.296","1","hsa-miR-4511","","",""
"ANKRD45","0.259","0.405","0.296","1","hsa-miR-4749-5p","","",""
"APAF1","0.255","0.405","0.291","1","hsa-miR-6715b-5p","","",""
"APEX1","0.251","0.405","0.285","1","hsa-miR-3184-5p","","",""
"ARHGAP31","0.243","0.405","0.275","1","hsa-miR-4749-5p","","",""
"ARHGAP39","0.251","0.405","0.285","1","hsa-miR-4749-5p","","",""
"ARID3A","0.243","0.405","0.275","1","hsa-miR-6722-3p","","",""
"ARL5A","0.230","0.405","0.259","1","hsa-miR-3975","","",""
"B4GALT5","0.255","0.405","0.291","1","hsa-miR-139-3p","","",""
"BCL7B","0.251","0.405","0.285","1","hsa-miR-6722-3p","","",""
"BDP1","0.251","0.405","0.285","1","hsa-miR-4511","","",""
"BTG3","0.239","0.405","0.269","1","hsa-miR-4511","","",""
"BTN3A2","0.239","0.405","0.269","1","hsa-miR-1307-3p","","",""
"C5orf24","0.251","0.405","0.285","1","hsa-miR-6722-3p","","",""
"C6orf106","0.230","0.405","0.259","1","hsa-miR-3184-5p","","",""
"C7orf55-LUC7L2","0.234","0.405","0.264","1","hsa-miR-1307-3p","","",""
"CCR6","0.247","0.405","0.280","1","hsa-miR-1307-3p","","",""
"CD209","0.255","0.405","0.291","1","hsa-miR-3975","","",""
"CDH6","0.239","0.405","0.269","1","hsa-miR-4511","","",""
"CEBPB","0.255","0.405","0.291","1","hsa-miR-3184-5p","","",""
"CEP57L1","0.259","0.405","0.296","1","hsa-miR-3178","","",""
"CHEK1","0.247","0.405","0.280","1","hsa-miR-139-3p","","",""
"CIAO1","0.255","0.405","0.291","1","hsa-miR-1307-3p","","",""
"CMTM6","0.251","0.405","0.285","1","hsa-miR-6857-3p","","",""
"CNDP1","0.234","0.405","0.264","1","hsa-miR-139-3p","","",""
"COIL","0.247","0.405","0.280","1","hsa-miR-1229-3p","","",""
"DCAF7","0.240","0.405","0.469","2","hsa-miR-1229-3p","hsa-miR-6715b-5p","",""
"DDX19A","0.243","0.405","0.275","1","hsa-miR-139-3p","","",""
"EHD3","0.239","0.405","0.269","1","hsa-miR-139-3p","","",""
"EIF1","0.247","0.405","0.280","1","hsa-miR-3184-5p","","",""
"ERO1A","0.239","0.405","0.269","1","hsa-miR-4462","","",""
"ESF1","0.259","0.405","0.296","1","hsa-miR-1307-3p","","",""
"EVI5L","0.243","0.405","0.275","1","hsa-miR-3184-5p","","",""
"FAM120AOS","0.234","0.405","0.264","1","hsa-miR-1307-3p","","",""
"FAM241A","0.240","0.405","0.469","2","hsa-miR-6715b-5p","hsa-miR-3130-3p","",""
"FAM83H","0.230","0.405","0.259","1","hsa-miR-139-3p","","",""
"G6PC","0.251","0.405","0.285","1","hsa-miR-1307-3p","","",""
"GMPS","0.255","0.405","0.291","1","hsa-miR-6715b-5p","","",""
"GNAI2","0.234","0.405","0.264","1","hsa-miR-4749-5p","","",""
"GNE","0.259","0.405","0.296","1","hsa-miR-1307-3p","","",""
"GOLGA8B","0.255","0.405","0.291","1","hsa-miR-6857-3p","","",""
"GRID1","0.255","0.405","0.291","1","hsa-miR-3184-5p","","",""
"H2AFX","0.247","0.405","0.280","1","hsa-miR-4749-5p","","",""
"HES6","0.234","0.405","0.264","1","hsa-miR-6722-3p","","",""
"HOOK3","0.259","0.405","0.493","2","hsa-miR-3178","hsa-miR-1307-3p","",""
"HOXC4","0.255","0.405","0.291","1","hsa-miR-6722-3p","","",""
"IGFBP4","0.259","0.405","0.296","1","hsa-miR-6722-3p","","",""
"IGSF6","0.230","0.405","0.259","1","hsa-miR-6715b-5p","","",""
"IL2RA","0.239","0.405","0.269","1","hsa-miR-6857-3p","","",""
"IPO7","0.251","0.405","0.285","1","hsa-miR-1229-3p","","",""
"ISG20L2","0.255","0.405","0.291","1","hsa-miR-1307-3p","","",""
"KIAA0754","0.251","0.405","0.285","1","hsa-miR-3178","","",""
"KIF3B","0.230","0.405","0.259","1","hsa-miR-3184-5p","","",""
"KLHL7","0.247","0.405","0.280","1","hsa-miR-1307-3p","","",""
"KMT2B","0.230","0.405","0.259","1","hsa-miR-3184-5p","","",""
"LIMK1","0.247","0.405","0.280","1","hsa-miR-6722-3p","","",""
"LRRC40","0.234","0.405","0.264","1","hsa-miR-6715b-5p","","",""
"LUC7L2","0.251","0.405","0.285","1","hsa-miR-1307-3p","","",""
"MAPK8IP3","0.251","0.405","0.285","1","hsa-miR-3184-5p","","",""
"MCM7","0.243","0.405","0.275","1","hsa-miR-3184-5p","","",""
"MCUR1","0.247","0.405","0.280","1","hsa-miR-1229-3p","","",""
"MRPL44","0.255","0.405","0.291","1","hsa-miR-4749-5p","","",""
"MSANTD3","0.251","0.405","0.285","1","hsa-miR-3184-5p","","",""
"MTMR6","0.243","0.405","0.275","1","hsa-miR-6857-3p","","",""
"MTPN","0.251","0.405","0.285","1","hsa-miR-6857-3p","","",""
"MTRNR2L1","0.239","0.405","0.269","1","hsa-miR-3130-3p","","",""
"NCEH1","0.251","0.405","0.285","1","hsa-miR-3184-5p","","",""
"NCR3LG1","0.255","0.405","0.291","1","hsa-miR-6722-3p","","",""
"NDUFB11","0.234","0.405","0.264","1","hsa-miR-6722-3p","","",""
"NGFR","0.243","0.405","0.275","1","hsa-miR-6722-3p","","",""
"NLGN4X","0.255","0.405","0.291","1","hsa-miR-139-3p","","",""
"OCRL","0.259","0.405","0.296","1","hsa-miR-4462","","",""
"OSMR","0.255","0.405","0.291","1","hsa-miR-3130-3p","","",""
"PACSIN1","0.251","0.405","0.285","1","hsa-miR-6722-3p","","",""
"PCP4L1","0.259","0.405","0.296","1","hsa-miR-3184-5p","","",""
"PDE4D","0.251","0.405","0.285","1","hsa-miR-6857-3p","","",""
"PEX26","0.248","0.405","0.479","2","hsa-miR-1307-3p","hsa-miR-4749-5p","",""
"PHF8","0.255","0.405","0.291","1","hsa-miR-1229-3p","","",""
"PNMA8B","0.251","0.405","0.285","1","hsa-miR-3184-5p","","",""
"PRR23A","0.230","0.405","0.259","1","hsa-miR-1307-3p","","",""
"PTGES3L","0.234","0.405","0.264","1","hsa-miR-4511","","",""
"RAI1","0.234","0.405","0.264","1","hsa-miR-4462","","",""
"RGS5","0.234","0.405","0.264","1","hsa-miR-4749-5p","","",""
"RMDN1","0.255","0.405","0.291","1","hsa-miR-3975","","",""
"RPL7L1","0.248","0.405","0.479","2","hsa-miR-6715b-5p","hsa-miR-3184-5p","",""
"RUFY2","0.251","0.405","0.285","1","hsa-miR-6715b-5p","","",""
"RYBP","0.251","0.405","0.285","1","hsa-miR-6857-3p","","",""
"SEC22C","0.239","0.405","0.269","1","hsa-miR-3184-5p","","",""
"SINHCAF","0.259","0.405","0.296","1","hsa-miR-139-3p","","",""
"SLC1A5","0.240","0.405","0.469","2","hsa-miR-3130-3p","hsa-miR-1307-3p","",""
"SLC2A5","0.243","0.405","0.275","1","hsa-miR-3184-5p","","",""
"SLC33A1","0.259","0.405","0.296","1","hsa-miR-6857-3p","","",""
"SLC39A11","0.255","0.405","0.291","1","hsa-miR-3184-5p","","",""
"SLC4A2","0.239","0.405","0.269","1","hsa-miR-6722-3p","","",""
"SMARCD1","0.251","0.405","0.285","1","hsa-miR-3975","","",""
"SP110","0.259","0.405","0.296","1","hsa-miR-1307-3p","","",""
"SRGAP1","0.234","0.405","0.264","1","hsa-miR-6722-3p","","",""
"STON2","0.255","0.405","0.291","1","hsa-miR-6857-3p","","",""
"SYNGR2","0.259","0.405","0.296","1","hsa-miR-3184-5p","","",""
"TAB2","0.230","0.405","0.259","1","hsa-miR-3184-5p","","",""
"TACR3","0.230","0.405","0.259","1","hsa-miR-3184-5p","","",""
"TARDBP","0.239","0.405","0.269","1","hsa-miR-1229-3p","","",""
"TECPR1","0.255","0.405","0.291","1","hsa-miR-1307-3p","","",""
"TIPIN","0.255","0.405","0.291","1","hsa-miR-3975","","",""
"TM9SF4","0.243","0.405","0.275","1","hsa-miR-1229-3p","","",""
"TMEM151A","0.239","0.405","0.269","1","hsa-miR-6722-3p","","",""
"TMEM184A","0.251","0.405","0.285","1","hsa-miR-6715b-5p","","",""
"TMEM241","0.259","0.405","0.296","1","hsa-miR-6715b-5p","","",""
"WDTC1","0.255","0.405","0.291","1","hsa-miR-3975","","",""
"ZMIZ2","0.259","0.405","0.296","1","hsa-miR-139-3p","","",""
"ZNF611","0.234","0.405","0.264","1","hsa-miR-6857-3p","","",""
"ATP6V0A2","0.263","0.409","0.302","1","hsa-miR-3130-3p","","",""
"MAP7","0.263","0.409","0.302","1","hsa-miR-1307-3p","","",""
"PI4K2B","0.263","0.409","0.302","1","hsa-miR-1307-3p","","",""
"REEP5","0.263","0.409","0.302","1","hsa-miR-1229-3p","","",""
"THSD4","0.263","0.409","0.302","1","hsa-miR-4749-5p","","",""
"C1RL","0.267","0.410","0.307","1","hsa-miR-6715b-5p","","",""
"CARM1","0.267","0.410","0.307","1","hsa-miR-6722-3p","","",""
"CEP55","0.267","0.410","0.307","1","hsa-miR-1229-3p","","",""
"CMTM4","0.267","0.410","0.307","1","hsa-miR-6857-3p","","",""
"DVL3","0.267","0.410","0.307","1","hsa-miR-3975","","",""
"GOLGA2","0.267","0.410","0.307","1","hsa-miR-6715b-5p","","",""
"HCFC1","0.267","0.410","0.307","1","hsa-miR-4749-5p","","",""
"MORN4","0.267","0.410","0.307","1","hsa-miR-6722-3p","","",""
"PTBP3","0.267","0.410","0.307","1","hsa-miR-1229-3p","","",""
"RHOF","0.267","0.410","0.307","1","hsa-miR-3975","","",""
"TRMT2B","0.267","0.410","0.307","1","hsa-miR-6722-3p","","",""
"ZBTB25","0.267","0.410","0.307","1","hsa-miR-1307-3p","","",""
"C1D","0.272","0.411","0.312","1","hsa-miR-4749-5p","","",""
"C9orf3","0.272","0.411","0.312","1","hsa-miR-6722-3p","","",""
"DARS","0.272","0.411","0.312","1","hsa-miR-6715b-5p","","",""
"DIS3L","0.272","0.411","0.312","1","hsa-miR-1307-3p","","",""
"LDB1","0.272","0.411","0.312","1","hsa-miR-6722-3p","","",""
"PLXNA1","0.272","0.411","0.312","1","hsa-miR-6722-3p","","",""
"POGK","0.272","0.411","0.312","1","hsa-miR-6722-3p","","",""
"PRPF38A","0.272","0.411","0.312","1","hsa-miR-1307-3p","","",""
"SCUBE3","0.272","0.411","0.312","1","hsa-miR-6857-3p","","",""
"SLC35E1","0.272","0.411","0.312","1","hsa-miR-1307-3p","","",""
"ZNF333","0.272","0.411","0.312","1","hsa-miR-1307-3p","","",""
"CACNA1A","0.276","0.412","0.318","1","hsa-miR-4749-5p","","",""
"DBN1","0.276","0.412","0.318","1","hsa-miR-6857-3p","","",""
"LRTOMT","0.276","0.412","0.318","1","hsa-miR-139-3p","","",""
"MED7","0.276","0.412","0.318","1","hsa-miR-1307-3p","","",""
"MIEF1","0.276","0.412","0.318","1","hsa-miR-139-3p","","",""
"MYBL1","0.276","0.412","0.318","1","hsa-miR-1229-3p","","",""
"NPY4R","0.276","0.412","0.318","1","hsa-miR-6857-3p","","",""
"PMEPA1","0.276","0.412","0.318","1","hsa-miR-1229-3p","","",""
"RNF152","0.276","0.412","0.318","1","hsa-miR-6857-3p","","",""
"RRAGD","0.276","0.412","0.318","1","hsa-miR-1229-3p","","",""
"TPCN2","0.276","0.412","0.318","1","hsa-miR-1307-3p","","",""
"ANTXR2","0.280","0.413","0.323","1","hsa-miR-6857-3p","","",""
"BNC2","0.280","0.413","0.323","1","hsa-miR-6857-3p","","",""
"CD164","0.280","0.413","0.323","1","hsa-miR-3130-3p","","",""
"FGFR1","0.280","0.413","0.323","1","hsa-miR-1307-3p","","",""
"MBD4","0.280","0.413","0.323","1","hsa-miR-6722-3p","","",""
"MICAL2","0.280","0.413","0.323","1","hsa-miR-6857-3p","","",""
"POLR2F","0.280","0.413","0.323","1","hsa-miR-6722-3p","","",""
"PVR","0.280","0.413","0.323","1","hsa-miR-139-3p","","",""
"RBM8A","0.280","0.413","0.323","1","hsa-miR-139-3p","","",""
"SEMA3E","0.280","0.413","0.323","1","hsa-miR-1307-3p","","",""
"SERTAD2","0.280","0.413","0.323","1","hsa-miR-6857-3p","","",""
"C11orf84","0.283","0.414","0.329","1","hsa-miR-1307-3p","","",""
"DCP2","0.283","0.414","0.329","1","hsa-miR-6857-3p","","",""
"FAM213A","0.283","0.414","0.329","1","hsa-miR-3130-3p","","",""
"GDF5OS","0.283","0.414","0.329","1","hsa-miR-139-3p","","",""
"JMY","0.283","0.414","0.329","1","hsa-miR-1229-3p","","",""
"MSI2","0.283","0.414","0.329","1","hsa-miR-3975","","",""
"PDGFRA","0.283","0.414","0.329","1","hsa-miR-139-3p","","",""
"POLA2","0.283","0.414","0.329","1","hsa-miR-6857-3p","","",""
"PPM1F","0.283","0.414","0.329","1","hsa-miR-6715b-5p","","",""
"SSR3","0.283","0.414","0.329","1","hsa-miR-3178","","",""
"VGLL4","0.283","0.414","0.329","1","hsa-miR-4749-5p","","",""
"ZNFX1","0.283","0.414","0.329","1","hsa-miR-6722-3p","","",""
"CDC42EP4","0.287","0.415","0.334","1","hsa-miR-1229-3p","","",""
"CTNND1","0.287","0.415","0.334","1","hsa-miR-1229-3p","","",""
"DNAH9","0.287","0.415","0.334","1","hsa-miR-6715b-5p","","",""
"EIF4G2","0.287","0.415","0.334","1","hsa-miR-1229-3p","","",""
"FOXP1","0.287","0.415","0.334","1","hsa-miR-1229-3p","","",""
"MAST3","0.287","0.415","0.334","1","hsa-miR-3178","","",""
"MLLT10","0.287","0.415","0.334","1","hsa-miR-4511","","",""
"PDLIM5","0.287","0.415","0.334","1","hsa-miR-6722-3p","","",""
"PTCHD1","0.287","0.415","0.334","1","hsa-miR-3178","","",""
"SELENOI","0.287","0.415","0.334","1","hsa-miR-6715b-5p","","",""
"SRRD","0.287","0.415","0.334","1","hsa-miR-6715b-5p","","",""
"UGT2B4","0.287","0.415","0.334","1","hsa-miR-1229-3p","","",""
"AJAP1","0.295","0.415","0.345","1","hsa-miR-3184-5p","","",""
"BBS5","0.295","0.415","0.345","1","hsa-miR-6715b-5p","","",""
"BICDL1","0.295","0.415","0.345","1","hsa-miR-3184-5p","","",""
"CCL16","0.291","0.415","0.339","1","hsa-miR-6715b-5p","","",""
"CLASP1","0.295","0.415","0.345","1","hsa-miR-6722-3p","","",""
"CXorf38","0.295","0.415","0.345","1","hsa-miR-3130-3p","","",""
"DNAH10OS","0.291","0.415","0.339","1","hsa-miR-3975","","",""
"DNAJC8","0.295","0.415","0.345","1","hsa-miR-6722-3p","","",""
"DOCK7","0.291","0.415","0.339","1","hsa-miR-1307-3p","","",""
"EEF2K","0.295","0.415","0.345","1","hsa-miR-1307-3p","","",""
"HPSE","0.291","0.415","0.339","1","hsa-miR-1307-3p","","",""
"MDK","0.291","0.415","0.339","1","hsa-miR-1229-3p","","",""
"MED18","0.295","0.415","0.345","1","hsa-miR-1229-3p","","",""
"MMS22L","0.295","0.415","0.345","1","hsa-miR-4511","","",""
"NCOR2","0.295","0.415","0.345","1","hsa-miR-3178","","",""
"NQO2","0.291","0.415","0.339","1","hsa-miR-1307-3p","","",""
"ORC6","0.295","0.415","0.345","1","hsa-miR-1307-3p","","",""
"PAICS","0.291","0.415","0.339","1","hsa-miR-3130-3p","","",""
"PCDHA6","0.295","0.415","0.345","1","hsa-miR-1307-3p","","",""
"PLEC","0.295","0.415","0.345","1","hsa-miR-6722-3p","","",""
"PSMD11","0.291","0.415","0.339","1","hsa-miR-3184-5p","","",""
"PTDSS2","0.295","0.415","0.345","1","hsa-miR-3178","","",""
"SEMA7A","0.291","0.415","0.339","1","hsa-miR-6722-3p","","",""
"SGO1","0.291","0.415","0.339","1","hsa-miR-1307-3p","","",""
"SYNGR1","0.295","0.415","0.345","1","hsa-miR-3184-5p","","",""
"ADCY9","0.299","0.416","0.350","1","hsa-miR-6722-3p","","",""
"AQR","0.307","0.416","0.361","1","hsa-miR-3130-3p","","",""
"ARHGEF39","0.303","0.416","0.356","1","hsa-miR-1307-3p","","",""
"ATG2A","0.307","0.416","0.361","1","hsa-miR-139-3p","","",""
"BHMT2","0.307","0.416","0.361","1","hsa-miR-6715b-5p","","",""
"BVES","0.303","0.416","0.356","1","hsa-miR-3178","","",""
"CADM2","0.303","0.416","0.356","1","hsa-miR-6857-3p","","",""
"CBX8","0.299","0.416","0.350","1","hsa-miR-3184-5p","","",""
"CCDC117","0.303","0.416","0.356","1","hsa-miR-139-3p","","",""
"CHD4","0.303","0.416","0.356","1","hsa-miR-1229-3p","","",""
"CSDE1","0.303","0.416","0.356","1","hsa-miR-1229-3p","","",""
"ENTHD1","0.307","0.416","0.361","1","hsa-miR-6722-3p","","",""
"ITM2C","0.307","0.416","0.361","1","hsa-miR-6722-3p","","",""
"KLLN","0.307","0.416","0.361","1","hsa-miR-6722-3p","","",""
"KRT80","0.299","0.416","0.350","1","hsa-miR-139-3p","","",""
"LIMS1","0.299","0.416","0.350","1","hsa-miR-1307-3p","","",""
"LRP10","0.307","0.416","0.361","1","hsa-miR-4511","","",""
"LSM14A","0.299","0.416","0.350","1","hsa-miR-6857-3p","","",""
"MBNL3","0.307","0.416","0.361","1","hsa-miR-4783-3p","","",""
"MPP2","0.303","0.416","0.356","1","hsa-miR-1229-3p","","",""
"MTRF1L","0.303","0.416","0.356","1","hsa-miR-3184-5p","","",""
"NOL10","0.299","0.416","0.350","1","hsa-miR-1307-3p","","",""
"PEA15","0.307","0.416","0.361","1","hsa-miR-3184-5p","","",""
"PLD3","0.299","0.416","0.350","1","hsa-miR-6722-3p","","",""
"PLPP3","0.307","0.416","0.361","1","hsa-miR-4511","","",""
"PROSER2","0.303","0.416","0.356","1","hsa-miR-1307-3p","","",""
"QSOX2","0.299","0.416","0.350","1","hsa-miR-6722-3p","","",""
"RPL24","0.299","0.416","0.350","1","hsa-miR-3178","","",""
"SFT2D2","0.306","0.416","0.555","2","hsa-miR-6722-3p","hsa-miR-6715b-5p","",""
"SLC10A7","0.303","0.416","0.356","1","hsa-miR-4749-5p","","",""
"SNAP47","0.303","0.416","0.356","1","hsa-miR-1229-3p","","",""
"STK35","0.307","0.416","0.361","1","hsa-miR-6722-3p","","",""
"TRMT5","0.299","0.416","0.350","1","hsa-miR-6715b-5p","","",""
"YWHAB","0.307","0.416","0.361","1","hsa-miR-6715b-5p","","",""
"ZNF134","0.303","0.416","0.356","1","hsa-miR-3130-3p","","",""
"ZNF275","0.307","0.416","0.361","1","hsa-miR-4511","","",""
"ZNF324B","0.303","0.416","0.356","1","hsa-miR-1229-3p","","",""
"GATA6","0.308","0.418","0.558","2","hsa-miR-1229-3p","hsa-miR-1307-3p","",""
"ABCF3","0.315","0.418","0.372","1","hsa-miR-1229-3p","","",""
"ADH5","0.315","0.418","0.372","1","hsa-miR-6715b-5p","","",""
"AP2M1","0.315","0.418","0.372","1","hsa-miR-1229-3p","","",""
"BAK1","0.315","0.418","0.372","1","hsa-miR-3184-5p","","",""
"CALCOCO2","0.311","0.418","0.366","1","hsa-miR-1229-3p","","",""
"CELF1","0.310","0.418","0.560","2","hsa-miR-1229-3p","hsa-miR-6722-3p","",""
"CLU","0.315","0.418","0.372","1","hsa-miR-4749-5p","","",""
"DDR2","0.311","0.418","0.366","1","hsa-miR-6857-3p","","",""
"HACD2","0.315","0.418","0.372","1","hsa-miR-6722-3p","","",""
"KIAA1191","0.315","0.418","0.372","1","hsa-miR-3975","","",""
"MARK2","0.311","0.418","0.366","1","hsa-miR-6722-3p","","",""
"MTDH","0.315","0.418","0.372","1","hsa-miR-139-3p","","",""
"NNT","0.311","0.418","0.366","1","hsa-miR-6715b-5p","","",""
"PDGFB","0.315","0.418","0.372","1","hsa-miR-6722-3p","","",""
"PIGP","0.315","0.418","0.372","1","hsa-miR-6857-3p","","",""
"SKI","0.314","0.418","0.566","2","hsa-miR-4462","hsa-miR-6722-3p","",""
"SLC16A9","0.315","0.418","0.372","1","hsa-miR-4511","","",""
"SLC39A9","0.311","0.418","0.366","1","hsa-miR-3975","","",""
"TECPR2","0.315","0.418","0.372","1","hsa-miR-6722-3p","","",""
"ZNF383","0.315","0.418","0.372","1","hsa-miR-1229-3p","","",""
"ZNF440","0.315","0.418","0.372","1","hsa-miR-6857-3p","","",""
"ADO","0.318","0.421","0.377","1","hsa-miR-6722-3p","","",""
"F2RL3","0.318","0.421","0.377","1","hsa-miR-3130-3p","","",""
"LLGL1","0.318","0.421","0.377","1","hsa-miR-6722-3p","","",""
"PLEKHM3","0.318","0.421","0.377","1","hsa-miR-1307-3p","","",""
"SENP2","0.318","0.421","0.377","1","hsa-miR-4749-5p","","",""
"GABRB1","0.322","0.425","0.382","1","hsa-miR-6715b-5p","","",""
"KIAA0408","0.322","0.425","0.382","1","hsa-miR-3975","","",""
"SCAMP2","0.322","0.425","0.382","1","hsa-miR-3184-5p","","",""
"HAS2","0.326","0.426","0.388","1","hsa-miR-4511","","",""
"NRIP3","0.326","0.426","0.388","1","hsa-miR-1229-3p","","",""
"OR7D2","0.326","0.426","0.388","1","hsa-miR-6715b-5p","","",""
"RFT1","0.326","0.426","0.388","1","hsa-miR-3975","","",""
"TOR4A","0.326","0.426","0.388","1","hsa-miR-4749-5p","","",""
"UBE2B","0.326","0.426","0.388","1","hsa-miR-6715b-5p","","",""
"ZBTB43","0.326","0.426","0.388","1","hsa-miR-1307-3p","","",""
"ZNF695","0.326","0.426","0.388","1","hsa-miR-1307-3p","","",""
"ZNF699","0.326","0.426","0.388","1","hsa-miR-4462","","",""
"ACAP2","0.333","0.429","0.399","1","hsa-miR-3975","","",""
"CNNM3","0.330","0.429","0.393","1","hsa-miR-1229-3p","","",""
"FAM102B","0.333","0.429","0.399","1","hsa-miR-139-3p","","",""
"FAM229B","0.330","0.429","0.393","1","hsa-miR-1229-3p","","",""
"HSP90AB1","0.333","0.429","0.399","1","hsa-miR-6722-3p","","",""
"HYPK","0.330","0.429","0.393","1","hsa-miR-1229-3p","","",""
"MELK","0.333","0.429","0.399","1","hsa-miR-1307-3p","","",""
"MYO10","0.333","0.429","0.399","1","hsa-miR-139-3p","","",""
"PRPF4","0.333","0.429","0.399","1","hsa-miR-1307-3p","","",""
"RPS6KA4","0.333","0.429","0.399","1","hsa-miR-3184-5p","","",""
"S100A16","0.333","0.429","0.399","1","hsa-miR-6715b-5p","","",""
"SFN","0.333","0.429","0.399","1","hsa-miR-1307-3p","","",""
"SLC30A7","0.333","0.429","0.399","1","hsa-miR-4511","","",""
"SLC38A2","0.333","0.429","0.399","1","hsa-miR-6857-3p","","",""
"SRCIN1","0.333","0.429","0.399","1","hsa-miR-4749-5p","","",""
"TRPS1","0.330","0.429","0.393","1","hsa-miR-6715b-5p","","",""
"WDR13","0.333","0.429","0.399","1","hsa-miR-139-3p","","",""
"YARS","0.330","0.429","0.393","1","hsa-miR-6857-3p","","",""
"CSTF1","0.337","0.431","0.404","1","hsa-miR-3178","","",""
"ISPD","0.337","0.431","0.404","1","hsa-miR-4511","","",""
"PGAM5","0.337","0.431","0.404","1","hsa-miR-6722-3p","","",""
"RSBN1L","0.337","0.431","0.404","1","hsa-miR-1307-3p","","",""
"YME1L1","0.337","0.431","0.404","1","hsa-miR-3178","","",""
"ZC3H7B","0.337","0.431","0.404","1","hsa-miR-6722-3p","","",""
"ZNF516","0.337","0.431","0.404","1","hsa-miR-4749-5p","","",""
"PHACTR4","0.341","0.433","0.409","1","hsa-miR-3184-5p","","",""
"RPH3AL","0.341","0.433","0.409","1","hsa-miR-3975","","",""
"TPRG1L","0.341","0.433","0.409","1","hsa-miR-4511","","",""
"ZNF106","0.341","0.433","0.409","1","hsa-miR-6857-3p","","",""
"ZNF268","0.341","0.433","0.409","1","hsa-miR-1229-3p","","",""
"C6orf132","0.344","0.435","0.415","1","hsa-miR-1307-3p","","",""
"FLCN","0.344","0.435","0.415","1","hsa-miR-6715b-5p","","",""
"MRI1","0.344","0.435","0.415","1","hsa-miR-1307-3p","","",""
"NSD1","0.344","0.435","0.415","1","hsa-miR-3184-5p","","",""
"SLC6A4","0.344","0.435","0.415","1","hsa-miR-3130-3p","","",""
"TACO1","0.344","0.435","0.415","1","hsa-miR-1229-3p","","",""
"ZFP91","0.344","0.435","0.415","1","hsa-miR-6722-3p","","",""
"ZNF621","0.344","0.435","0.415","1","hsa-miR-6857-3p","","",""
"ZNF85","0.344","0.435","0.415","1","hsa-miR-1307-3p","","",""
"AQP6","0.348","0.436","0.420","1","hsa-miR-3178","","",""
"ARID5B","0.348","0.436","0.420","1","hsa-miR-3184-5p","","",""
"BIRC5","0.348","0.436","0.420","1","hsa-miR-1229-3p","","",""
"EIF4EBP2","0.348","0.436","0.420","1","hsa-miR-6857-3p","","",""
"GRK2","0.348","0.436","0.420","1","hsa-miR-6715b-5p","","",""
"IRAK4","0.348","0.436","0.420","1","hsa-miR-6722-3p","","",""
"PGAM1","0.348","0.436","0.420","1","hsa-miR-3184-5p","","",""
"ULBP3","0.348","0.436","0.420","1","hsa-miR-3178","","",""
"CAVIN1","0.352","0.438","0.426","1","hsa-miR-1229-3p","","",""
"CCDC71L","0.355","0.438","0.431","1","hsa-miR-139-3p","","",""
"DLC1","0.355","0.438","0.431","1","hsa-miR-6722-3p","","",""
"EEF2","0.355","0.438","0.431","1","hsa-miR-1229-3p","","",""
"ELP2","0.355","0.438","0.431","1","hsa-miR-3178","","",""
"FEM1A","0.353","0.438","0.617","2","hsa-miR-6857-3p","hsa-miR-3178","",""
"HSP90B1","0.355","0.438","0.431","1","hsa-miR-6722-3p","","",""
"KDM5A","0.355","0.438","0.431","1","hsa-miR-1307-3p","","",""
"NDRG1","0.355","0.438","0.431","1","hsa-miR-6722-3p","","",""
"POLR1B","0.352","0.438","0.426","1","hsa-miR-6715b-5p","","",""
"POLR2E","0.355","0.438","0.431","1","hsa-miR-6722-3p","","",""
"PPIA","0.355","0.438","0.431","1","hsa-miR-1307-3p","","",""
"RNF149","0.355","0.438","0.431","1","hsa-miR-6715b-5p","","",""
"SMOC1","0.355","0.438","0.431","1","hsa-miR-6857-3p","","",""
"SP2","0.355","0.438","0.431","1","hsa-miR-6722-3p","","",""
"TSPAN14","0.355","0.438","0.431","1","hsa-miR-1307-3p","","",""
"UNC5B","0.352","0.438","0.426","1","hsa-miR-6715b-5p","","",""
"USP22","0.352","0.438","0.426","1","hsa-miR-139-3p","","",""
"ZBTB8A","0.355","0.438","0.431","1","hsa-miR-3975","","",""
"DUSP18","0.359","0.439","0.436","1","hsa-miR-6715b-5p","","",""
"OLR1","0.359","0.439","0.436","1","hsa-miR-3184-5p","","",""
"PPTC7","0.359","0.439","0.436","1","hsa-miR-4749-5p","","",""
"THBS2","0.359","0.439","0.436","1","hsa-miR-1307-3p","","",""
"TSPAN6","0.359","0.439","0.436","1","hsa-miR-1307-3p","","",""
"ZNF284","0.359","0.439","0.436","1","hsa-miR-1307-3p","","",""
"ZNF682","0.359","0.439","0.436","1","hsa-miR-1307-3p","","",""
"POLL","0.362","0.443","0.442","1","hsa-miR-3184-5p","","",""
"ZIC5","0.362","0.443","0.442","1","hsa-miR-6715b-5p","","",""
"CAND1","0.366","0.445","0.447","1","hsa-miR-3975","","",""
"HOXA10","0.366","0.445","0.447","1","hsa-miR-4783-3p","","",""
"POLR2D","0.366","0.445","0.447","1","hsa-miR-1229-3p","","",""
"PXMP4","0.366","0.445","0.447","1","hsa-miR-1307-3p","","",""
"RIF1","0.366","0.445","0.447","1","hsa-miR-6715b-5p","","",""
"SMAD5","0.366","0.445","0.447","1","hsa-miR-4511","","",""
"TSR1","0.366","0.445","0.447","1","hsa-miR-3975","","",""
"PTGIS","0.369","0.448","0.452","1","hsa-miR-3178","","",""
"RTL8C","0.369","0.448","0.452","1","hsa-miR-6722-3p","","",""
"XRCC6","0.369","0.448","0.452","1","hsa-miR-6715b-5p","","",""
"GIPC1","0.373","0.451","0.458","1","hsa-miR-4749-5p","","",""
"POFUT1","0.373","0.451","0.458","1","hsa-miR-3975","","",""
"RFC2","0.373","0.451","0.458","1","hsa-miR-3975","","",""
"ACACA","0.376","0.452","0.463","1","hsa-miR-6857-3p","","",""
"ATXN7L3","0.376","0.452","0.463","1","hsa-miR-6722-3p","","",""
"GFPT1","0.376","0.452","0.463","1","hsa-miR-1229-3p","","",""
"POLQ","0.376","0.452","0.463","1","hsa-miR-1307-3p","","",""
"SUSD1","0.376","0.452","0.463","1","hsa-miR-139-3p","","",""
"YES1","0.376","0.452","0.463","1","hsa-miR-3178","","",""
"ZFP69B","0.376","0.452","0.463","1","hsa-miR-1229-3p","","",""
"AMER1","0.380","0.453","0.469","1","hsa-miR-3130-3p","","",""
"GLP2R","0.380","0.453","0.469","1","hsa-miR-6715b-5p","","",""
"INTU","0.380","0.453","0.469","1","hsa-miR-6715b-5p","","",""
"PCNP","0.380","0.453","0.469","1","hsa-miR-6857-3p","","",""
"SLC25A45","0.380","0.453","0.469","1","hsa-miR-6857-3p","","",""
"SLC28A1","0.380","0.453","0.469","1","hsa-miR-3130-3p","","",""
"TMEM33","0.380","0.453","0.469","1","hsa-miR-3130-3p","","",""
"WDR92","0.380","0.453","0.469","1","hsa-miR-1307-3p","","",""
"ZNF585B","0.380","0.453","0.469","1","hsa-miR-139-3p","","",""
"ZNF623","0.380","0.453","0.469","1","hsa-miR-4511","","",""
"CDH7","0.383","0.454","0.474","1","hsa-miR-3178","","",""
"DIP2A","0.383","0.454","0.474","1","hsa-miR-1307-3p","","",""
"FLVCR1","0.383","0.454","0.474","1","hsa-miR-6715b-5p","","",""
"FNDC3B","0.383","0.454","0.474","1","hsa-miR-4749-5p","","",""
"MAVS","0.383","0.454","0.474","1","hsa-miR-1307-3p","","",""
"PGAM4","0.383","0.454","0.474","1","hsa-miR-3184-5p","","",""
"TERF2","0.383","0.454","0.474","1","hsa-miR-139-3p","","",""
"DENND5B","0.387","0.457","0.479","1","hsa-miR-1307-3p","","",""
"GLG1","0.387","0.457","0.479","1","hsa-miR-6722-3p","","",""
"YAE1D1","0.387","0.457","0.479","1","hsa-miR-139-3p","","",""
"ZNF701","0.387","0.457","0.479","1","hsa-miR-6857-3p","","",""
"KCNJ6","0.390","0.458","0.485","1","hsa-miR-1307-3p","","",""
"KCNMB1","0.390","0.458","0.485","1","hsa-miR-3130-3p","","",""
"NUCB1","0.390","0.458","0.485","1","hsa-miR-6857-3p","","",""
"PTPRF","0.390","0.458","0.485","1","hsa-miR-1229-3p","","",""
"RPL14","0.390","0.458","0.485","1","hsa-miR-3178","","",""
"SIGLEC9","0.390","0.458","0.485","1","hsa-miR-3975","","",""
"ZCCHC3","0.390","0.458","0.485","1","hsa-miR-4749-5p","","",""
"ZNF609","0.390","0.458","0.485","1","hsa-miR-3184-5p","","",""
"ERGIC1","0.394","0.461","0.490","1","hsa-miR-1307-3p","","",""
"ALG14","0.397","0.463","0.496","1","hsa-miR-139-3p","","",""
"MLF2","0.397","0.463","0.496","1","hsa-miR-3184-5p","","",""
"SRF","0.397","0.463","0.496","1","hsa-miR-1229-3p","","",""
"TAF1D","0.397","0.463","0.496","1","hsa-miR-3975","","",""
"TXLNA","0.397","0.463","0.496","1","hsa-miR-6715b-5p","","",""
"BCAS4","0.400","0.464","0.501","1","hsa-miR-6722-3p","","",""
"CHERP","0.400","0.464","0.501","1","hsa-miR-4749-5p","","",""
"GOSR1","0.400","0.464","0.501","1","hsa-miR-3130-3p","","",""
"IGF2BP1","0.400","0.464","0.501","1","hsa-miR-1229-3p","","",""
"RAB15","0.400","0.464","0.501","1","hsa-miR-6722-3p","","",""
"SELENON","0.400","0.464","0.501","1","hsa-miR-6715b-5p","","",""
"TMEM239","0.400","0.464","0.501","1","hsa-miR-3975","","",""
"ZFHX3","0.400","0.464","0.501","1","hsa-miR-4511","","",""
"ATG9A","0.404","0.467","0.506","1","hsa-miR-3184-5p","","",""
"IL6R","0.404","0.467","0.506","1","hsa-miR-1307-3p","","",""
"CTC1","0.407","0.470","0.512","1","hsa-miR-4749-5p","","",""
"PPP6R1","0.407","0.470","0.512","1","hsa-miR-1229-3p","","",""
"RNF40","0.407","0.470","0.512","1","hsa-miR-1229-3p","","",""
"TOR2A","0.407","0.470","0.512","1","hsa-miR-6722-3p","","",""
"DFFA","0.410","0.472","0.517","1","hsa-miR-3975","","",""
"GRB2","0.410","0.472","0.517","1","hsa-miR-4749-5p","","",""
"MAP3K2","0.410","0.472","0.517","1","hsa-miR-4511","","",""
"TIMM29","0.410","0.472","0.517","1","hsa-miR-1307-3p","","",""
"ATP6V0E1","0.414","0.473","0.523","1","hsa-miR-3178","","",""
"CCNT1","0.414","0.473","0.523","1","hsa-miR-3975","","",""
"CLDN12","0.414","0.473","0.523","1","hsa-miR-3975","","",""
"CLIC4","0.414","0.473","0.523","1","hsa-miR-6715b-5p","","",""
"GPR137C","0.414","0.473","0.523","1","hsa-miR-3130-3p","","",""
"NOL9","0.414","0.473","0.523","1","hsa-miR-3178","","",""
"SHMT1","0.414","0.473","0.523","1","hsa-miR-3184-5p","","",""
"ZMYM1","0.414","0.473","0.523","1","hsa-miR-3178","","",""
"CANX","0.417","0.474","0.528","1","hsa-miR-6722-3p","","",""
"GPAT4","0.417","0.474","0.528","1","hsa-miR-3178","","",""
"OTUD4","0.417","0.474","0.528","1","hsa-miR-4749-5p","","",""
"TMEM109","0.417","0.474","0.528","1","hsa-miR-6722-3p","","",""
"ZWINT","0.417","0.474","0.528","1","hsa-miR-4511","","",""
"FBRS","0.420","0.476","0.533","1","hsa-miR-6857-3p","","",""
"LNPK","0.420","0.476","0.533","1","hsa-miR-6722-3p","","",""
"MCL1","0.420","0.476","0.533","1","hsa-miR-6722-3p","","",""
"MINK1","0.420","0.476","0.533","1","hsa-miR-3184-5p","","",""
"ZNF669","0.420","0.476","0.533","1","hsa-miR-1229-3p","","",""
"LASP1","0.423","0.478","0.539","1","hsa-miR-3184-5p","","",""
"MCTS1","0.423","0.478","0.539","1","hsa-miR-1307-3p","","",""
"NR3C1","0.423","0.478","0.539","1","hsa-miR-3130-3p","","",""
"REXO1","0.423","0.478","0.539","1","hsa-miR-6722-3p","","",""
"RNF157","0.423","0.478","0.539","1","hsa-miR-6722-3p","","",""
"RRM2","0.427","0.480","0.544","1","hsa-miR-3184-5p","","",""
"TNFAIP8L1","0.427","0.480","0.544","1","hsa-miR-1307-3p","","",""
"TSPYL1","0.427","0.480","0.544","1","hsa-miR-3184-5p","","",""
"TTLL12","0.427","0.480","0.544","1","hsa-miR-3184-5p","","",""
"NFIC","0.428","0.481","0.716","2","hsa-miR-3975","hsa-miR-6722-3p","",""
"CDK4","0.430","0.481","0.549","1","hsa-miR-1307-3p","","",""
"MTMR10","0.430","0.481","0.549","1","hsa-miR-1307-3p","","",""
"SGPL1","0.430","0.481","0.549","1","hsa-miR-6715b-5p","","",""
"WAC","0.430","0.481","0.549","1","hsa-miR-6722-3p","","",""
"ZNF490","0.430","0.481","0.549","1","hsa-miR-3178","","",""
"GATAD2A","0.433","0.484","0.555","1","hsa-miR-4749-5p","","",""
"MMAB","0.433","0.484","0.555","1","hsa-miR-3130-3p","","",""
"SLC12A7","0.433","0.484","0.555","1","hsa-miR-4511","","",""
"C17orf75","0.436","0.487","0.560","1","hsa-miR-1307-3p","","",""
"SMU1","0.436","0.487","0.560","1","hsa-miR-3975","","",""
"NFE2L1","0.439","0.489","0.566","1","hsa-miR-6722-3p","","",""
"SESN2","0.439","0.489","0.566","1","hsa-miR-6722-3p","","",""
"TMEM170A","0.439","0.489","0.566","1","hsa-miR-139-3p","","",""
"CDC14B","0.443","0.491","0.571","1","hsa-miR-1307-3p","","",""
"MTHFD1","0.443","0.491","0.571","1","hsa-miR-139-3p","","",""
"RAB10","0.443","0.491","0.571","1","hsa-miR-1307-3p","","",""
"ACTB","0.446","0.492","0.576","1","hsa-miR-1307-3p","","",""
"CAPN15","0.446","0.492","0.576","1","hsa-miR-3184-5p","","",""
"CREB1","0.446","0.492","0.576","1","hsa-miR-3184-5p","","",""
"MNT","0.446","0.492","0.576","1","hsa-miR-3184-5p","","",""
"MTX3","0.446","0.492","0.576","1","hsa-miR-6857-3p","","",""
"PDE4C","0.446","0.492","0.576","1","hsa-miR-4749-5p","","",""
"TSKU","0.446","0.492","0.576","1","hsa-miR-4511","","",""
"MYO1F","0.449","0.494","0.582","1","hsa-miR-1307-3p","","",""
"NAV1","0.449","0.494","0.582","1","hsa-miR-3184-5p","","",""
"SLC10A6","0.449","0.494","0.582","1","hsa-miR-1307-3p","","",""
"KIAA0513","0.452","0.496","0.587","1","hsa-miR-4511","","",""
"NKAP","0.452","0.496","0.587","1","hsa-miR-1307-3p","","",""
"RRP36","0.452","0.496","0.587","1","hsa-miR-6715b-5p","","",""
"SLC24A4","0.452","0.496","0.587","1","hsa-miR-3975","","",""
"UBXN2B","0.452","0.496","0.587","1","hsa-miR-3975","","",""
"AVL9","0.455","0.498","0.593","1","hsa-miR-4511","","",""
"WNK1","0.455","0.498","0.593","1","hsa-miR-3975","","",""
"BMPR1A","0.458","0.499","0.598","1","hsa-miR-139-3p","","",""
"FXN","0.458","0.499","0.598","1","hsa-miR-1307-3p","","",""
"KMT2A","0.458","0.499","0.598","1","hsa-miR-3184-5p","","",""
"PRIM1","0.458","0.499","0.598","1","hsa-miR-6715b-5p","","",""
"TMEM127","0.458","0.499","0.598","1","hsa-miR-3184-5p","","",""
"ZNF562","0.458","0.499","0.598","1","hsa-miR-4749-5p","","",""
"FAXC","0.461","0.502","0.603","1","hsa-miR-3130-3p","","",""
"OTUD7B","0.461","0.502","0.603","1","hsa-miR-1229-3p","","",""
"CSNK2A1","0.464","0.504","0.609","1","hsa-miR-3975","","",""
"GINM1","0.464","0.504","0.609","1","hsa-miR-1307-3p","","",""
"LRIG2","0.464","0.504","0.609","1","hsa-miR-1307-3p","","",""
"TMEM120B","0.464","0.504","0.609","1","hsa-miR-6715b-5p","","",""
"DNAJC28","0.467","0.506","0.614","1","hsa-miR-1307-3p","","",""
"SPPL2A","0.467","0.506","0.614","1","hsa-miR-3178","","",""
"ZNF101","0.467","0.506","0.614","1","hsa-miR-1307-3p","","",""
"AKAP11","0.470","0.508","0.619","1","hsa-miR-6722-3p","","",""
"EIF5AL1","0.470","0.508","0.619","1","hsa-miR-3184-5p","","",""
"KLHL15","0.470","0.508","0.776","2","hsa-miR-1229-3p","hsa-miR-6722-3p","",""
"ABHD2","0.473","0.510","0.625","1","hsa-miR-1307-3p","","",""
"ARL6IP1","0.473","0.510","0.625","1","hsa-miR-1229-3p","","",""
"UGGT1","0.473","0.510","0.625","1","hsa-miR-1307-3p","","",""
"ZNF805","0.473","0.510","0.625","1","hsa-miR-3184-5p","","",""
"C16orf58","0.476","0.511","0.630","1","hsa-miR-6715b-5p","","",""
"SPRED1","0.476","0.511","0.630","1","hsa-miR-6722-3p","","",""
"WIPF2","0.476","0.511","0.630","1","hsa-miR-3184-5p","","",""
"ZNF107","0.476","0.511","0.630","1","hsa-miR-3178","","",""
"C3","0.479","0.513","0.636","1","hsa-miR-1307-3p","","",""
"CHAC1","0.479","0.513","0.636","1","hsa-miR-6857-3p","","",""
"PHLDA3","0.479","0.513","0.636","1","hsa-miR-1307-3p","","",""
"GPRC5A","0.488","0.522","0.652","1","hsa-miR-6857-3p","","",""
"HS3ST1","0.488","0.522","0.652","1","hsa-miR-1307-3p","","",""
"CAPZA1","0.491","0.524","0.657","1","hsa-miR-6722-3p","","",""
"KLHL21","0.491","0.524","0.657","1","hsa-miR-139-3p","","",""
"SERBP1","0.491","0.524","0.657","1","hsa-miR-4462","","",""
"PARD6B","0.494","0.526","0.663","1","hsa-miR-6715b-5p","","",""
"YWHAE","0.494","0.526","0.663","1","hsa-miR-3184-5p","","",""
"KDELR1","0.496","0.528","0.668","1","hsa-miR-3130-3p","","",""
"MRNIP","0.496","0.528","0.668","1","hsa-miR-6857-3p","","",""
"FGFR1OP","0.499","0.530","0.673","1","hsa-miR-6715b-5p","","",""
"SSBP2","0.499","0.530","0.673","1","hsa-miR-139-3p","","",""
"TNPO2","0.499","0.530","0.673","1","hsa-miR-6722-3p","","",""
"GLUL","0.502","0.532","0.679","1","hsa-miR-4511","","",""
"HSD17B12","0.502","0.532","0.679","1","hsa-miR-1307-3p","","",""
"OCIAD2","0.502","0.532","0.679","1","hsa-miR-3130-3p","","",""
"FRK","0.505","0.534","0.684","1","hsa-miR-6715b-5p","","",""
"SPATA2","0.505","0.534","0.684","1","hsa-miR-3184-5p","","",""
"TOR1AIP2","0.508","0.537","0.689","1","hsa-miR-3130-3p","","",""
"FBXL18","0.511","0.539","0.695","1","hsa-miR-6722-3p","","",""
"MPLKIP","0.511","0.539","0.695","1","hsa-miR-6715b-5p","","",""
"SETD5","0.513","0.541","0.700","1","hsa-miR-139-3p","","",""
"TP53","0.513","0.541","0.700","1","hsa-miR-6722-3p","","",""
"GJD3","0.516","0.543","0.706","1","hsa-miR-1307-3p","","",""
"ZNF426","0.516","0.543","0.706","1","hsa-miR-3178","","",""
"NAA50","0.519","0.545","0.711","1","hsa-miR-1229-3p","","",""
"RBM28","0.519","0.545","0.711","1","hsa-miR-4462","","",""
"SCAMP4","0.519","0.545","0.711","1","hsa-miR-4749-5p","","",""
"BTF3L4","0.524","0.550","0.722","1","hsa-miR-3130-3p","","",""
"LARP1","0.524","0.550","0.722","1","hsa-miR-3184-5p","","",""
"CCDC80","0.527","0.551","0.727","1","hsa-miR-6715b-5p","","",""
"KIAA1456","0.527","0.551","0.727","1","hsa-miR-3178","","",""
"SRCAP","0.527","0.551","0.727","1","hsa-miR-1229-3p","","",""
"ZBTB8B","0.527","0.551","0.727","1","hsa-miR-3178","","",""
"SPRY4","0.532","0.556","0.738","1","hsa-miR-3184-5p","","",""
"GGCX","0.535","0.557","0.743","1","hsa-miR-3975","","",""
"NFAT5","0.535","0.557","0.743","1","hsa-miR-4749-5p","","",""
"PAFAH1B2","0.535","0.557","0.743","1","hsa-miR-6715b-5p","","",""
"SMG1","0.535","0.557","0.743","1","hsa-miR-1307-3p","","",""
"CNKSR3","0.538","0.559","0.749","1","hsa-miR-1307-3p","","",""
"HNRNPA1","0.540","0.561","0.754","1","hsa-miR-1229-3p","","",""
"KREMEN1","0.540","0.561","0.754","1","hsa-miR-6857-3p","","",""
"FAM126B","0.543","0.563","0.760","1","hsa-miR-6857-3p","","",""
"ZNF431","0.543","0.563","0.760","1","hsa-miR-1307-3p","","",""
"SNRPD1","0.546","0.565","0.765","1","hsa-miR-1307-3p","","",""
"SP1","0.546","0.565","0.765","1","hsa-miR-3184-5p","","",""
"CDKN1A","0.549","0.568","0.891","2","hsa-miR-1229-3p","hsa-miR-6722-3p","",""
"GK5","0.551","0.569","0.776","1","hsa-miR-1307-3p","","",""
"IGFBP5","0.551","0.569","0.776","1","hsa-miR-1229-3p","","",""
"FAM71F2","0.553","0.571","0.781","1","hsa-miR-1307-3p","","",""
"SUGT1","0.553","0.571","0.781","1","hsa-miR-3130-3p","","",""
"SBNO1","0.556","0.573","0.786","1","hsa-miR-6722-3p","","",""
"ZNF652","0.556","0.573","0.786","1","hsa-miR-1307-3p","","",""
"RAD51","0.558","0.575","0.792","1","hsa-miR-6722-3p","","",""
"BZW1","0.563","0.580","0.803","1","hsa-miR-4511","","",""
"SOCS7","0.566","0.581","0.808","1","hsa-miR-6722-3p","","",""
"TRIM72","0.566","0.581","0.808","1","hsa-miR-1307-3p","","",""
"TSC22D2","0.566","0.581","0.808","1","hsa-miR-6857-3p","","",""
"MSANTD4","0.568","0.583","0.813","1","hsa-miR-1307-3p","","",""
"RNF11","0.571","0.585","0.819","1","hsa-miR-1307-3p","","",""
"BCL2L1","0.576","0.589","0.830","1","hsa-miR-6722-3p","","",""
"ZBTB7A","0.576","0.589","0.830","1","hsa-miR-139-3p","","",""
"RBM23","0.578","0.592","0.835","1","hsa-miR-6857-3p","","",""
"PRRG4","0.583","0.596","0.846","1","hsa-miR-6715b-5p","","",""
"CBX6","0.592","0.605","0.867","1","hsa-miR-3184-5p","","",""
"YY1","0.592","0.605","0.867","1","hsa-miR-139-3p","","",""
"ZNF460","0.596","0.608","0.967","2","hsa-miR-3130-3p","hsa-miR-6715b-5p","",""
"HMGN2","0.597","0.608","0.878","1","hsa-miR-6715b-5p","","",""
"SF3B3","0.597","0.608","0.878","1","hsa-miR-3184-5p","","",""
"CASTOR2","0.599","0.610","0.883","1","hsa-miR-6715b-5p","","",""
"KIAA1551","0.599","0.610","0.883","1","hsa-miR-6722-3p","","",""
"CRISPLD2","0.604","0.614","0.894","1","hsa-miR-1307-3p","","",""
"LDLR","0.606","0.615","0.900","1","hsa-miR-1307-3p","","",""
"MLLT1","0.606","0.615","0.900","1","hsa-miR-4749-5p","","",""
"SOX4","0.609","0.617","0.905","1","hsa-miR-139-3p","","",""
"DNAL1","0.611","0.619","0.910","1","hsa-miR-139-3p","","",""
"HMGB1","0.615","0.623","0.921","1","hsa-miR-1307-3p","","",""
"MAPKAPK5","0.633","0.640","0.964","1","hsa-miR-6857-3p","","",""
"CYP20A1","0.637","0.644","0.975","1","hsa-miR-6722-3p","","",""
"RAB5B","0.639","0.646","0.980","1","hsa-miR-6722-3p","","",""
"MAPK1","0.641","0.648","0.986","1","hsa-miR-1307-3p","","",""
"PLAGL2","0.653","0.660","1.02","1","hsa-miR-3184-5p","","",""
"LRRC58","0.673","0.679","1.07","1","hsa-miR-6715b-5p","","",""
"MDM2","0.681","0.686","1.09","1","hsa-miR-6715b-5p","","",""
"LINC00598","0.692","0.697","1.13","1","hsa-miR-1307-3p","","",""
"YWHAZ","0.697","0.702","1.14","1","hsa-miR-1229-3p","","",""
"HDGF","0.701","0.705","1.15","1","hsa-miR-3184-5p","","",""
"TAOK1","0.723","0.726","1.22","1","hsa-miR-4511","","",""
"GDE1","0.729","0.732","1.24","1","hsa-miR-3184-5p","","",""
"ZNF264","0.736","0.738","1.27","1","hsa-miR-1229-3p","","",""
"IGF1R","0.751","0.753","1.32","1","hsa-miR-4511","","",""
"SOD2","0.768","0.770","1.38","1","hsa-miR-3130-3p","","",""
"SLC7A5","0.783","0.784","1.44","1","hsa-miR-4749-5p","","",""
"NACC1","0.788","0.789","1.47","1","hsa-miR-3184-5p","","",""
"NUFIP2","0.851","0.851","1.78","1","hsa-miR-6722-3p","","",""