"Gene Symbol","p-value","FDR","Odd ratio","Number of interactions","microRNA 1","microRNA 2","microRNA 3","microRNA 4","microRNA 5"
"AK3","0.000211","0.125","0.0417","3","hsa-miR-4685-3p","hsa-miR-504-3p","hsa-miR-5698","",""
"BRPF1","0.000635","0.125","0.0600","3","hsa-miR-4472","hsa-miR-5698","hsa-miR-6730-5p","",""
"ESF1","0.000111","0.125","0.0688","4","hsa-miR-4443","hsa-miR-5698","hsa-miR-504-3p","hsa-miR-6780a-5p",""
"FAM210B","0.000298","0.125","0.0467","3","hsa-miR-4685-3p","hsa-miR-504-3p","hsa-miR-5698","",""
"GK5","0.000437","0.125","0.144","5","hsa-miR-5572","hsa-miR-6076","hsa-miR-4685-3p","hsa-miR-5698","hsa-miR-504-3p"
"LRP3","0.000446","0.125","0.0534","3","hsa-miR-4472","hsa-miR-5698","hsa-miR-504-3p","",""
"MEAF6","0.000482","0.125","0.100","4","hsa-miR-5698","hsa-miR-504-3p","hsa-miR-5572","hsa-miR-1202",""
"MRPS23","0.000530","0.125","0.103","4","hsa-miR-1202","hsa-miR-504-3p","hsa-miR-5698","hsa-miR-6780a-5p",""
"PTPN2","0.000298","0.125","0.0467","3","hsa-miR-1202","hsa-miR-504-3p","hsa-miR-5698","",""
"ZNF281","0.000581","0.125","0.105","4","hsa-miR-6730-5p","hsa-miR-5698","hsa-miR-504-3p","hsa-miR-5572",""
"GATAD2A","0.00126","0.139","0.129","4","hsa-miR-4472","hsa-miR-5698","hsa-miR-4443","hsa-miR-6730-5p",""
"KRI1","0.00148","0.139","0.0300","2","hsa-miR-504-3p","hsa-miR-5698","","",""
"LRRC3C","0.00113","0.139","0.125","4","hsa-miR-5698","hsa-miR-504-3p","hsa-miR-4685-3p","hsa-miR-6780a-5p",""
"MAGT1","0.00108","0.139","0.0717","3","hsa-miR-1202","hsa-miR-504-3p","hsa-miR-5698","",""
"MFSD13A","0.00102","0.139","0.0250","2","hsa-miR-5698","hsa-miR-504-3p","","",""
"MYH11","0.00131","0.139","0.0767","3","hsa-miR-6780a-5p","hsa-miR-4472","hsa-miR-504-3p","",""
"POLD4","0.00148","0.139","0.0300","2","hsa-miR-504-3p","hsa-miR-5698","","",""
"RAB15","0.000858","0.139","0.116","4","hsa-miR-4472","hsa-miR-5698","hsa-miR-6730-5p","hsa-miR-6743-3p",""
"TIGD6","0.00148","0.139","0.0300","2","hsa-miR-5698","hsa-miR-504-3p","","",""
"TMEM40","0.00102","0.139","0.0250","2","hsa-miR-5698","hsa-miR-504-3p","","",""
"VWC2","0.00124","0.139","0.0275","2","hsa-miR-504-3p","hsa-miR-5698","","",""
"ACTR5","0.00377","0.147","0.0475","2","hsa-miR-5698","hsa-miR-504-3p","","",""
"AKR7L","0.00301","0.147","0.0425","2","hsa-miR-5698","hsa-miR-504-3p","","",""
"ARHGEF5","0.00377","0.147","0.0475","2","hsa-miR-5698","hsa-miR-504-3p","","",""
"BROX","0.00326","0.147","0.105","3","hsa-miR-5698","hsa-miR-504-3p","hsa-miR-6076","",""
"C4orf19","0.00417","0.147","0.0500","2","hsa-miR-504-3p","hsa-miR-5698","","",""
"CHDH","0.00417","0.147","0.0500","2","hsa-miR-5698","hsa-miR-504-3p","","",""
"CSTF2","0.00389","0.147","0.112","3","hsa-miR-5572","hsa-miR-4472","hsa-miR-5698","",""
"DNAJC8","0.00342","0.147","0.107","3","hsa-miR-6730-5p","hsa-miR-5572","hsa-miR-6780a-5p","",""
"EEF2K","0.00342","0.147","0.107","3","hsa-miR-504-3p","hsa-miR-5698","hsa-miR-6780a-5p","",""
"FBXO27","0.00301","0.147","0.0425","2","hsa-miR-5698","hsa-miR-504-3p","","",""
"FFAR1","0.00203","0.147","0.0350","2","hsa-miR-504-3p","hsa-miR-5698","","",""
"GTF2F1","0.00312","0.147","0.103","3","hsa-miR-6076","hsa-miR-5698","hsa-miR-504-3p","",""
"IL2RA","0.00167","0.147","0.0834","3","hsa-miR-5698","hsa-miR-504-3p","hsa-miR-4685-3p","",""
"KAT7","0.00423","0.147","0.115","3","hsa-miR-6780a-5p","hsa-miR-5698","hsa-miR-504-3p","",""
"KCMF1","0.00377","0.147","0.0475","2","hsa-miR-5698","hsa-miR-504-3p","","",""
"MAFF","0.00301","0.147","0.0425","2","hsa-miR-5698","hsa-miR-504-3p","","",""
"MED7","0.00270","0.147","0.0984","3","hsa-miR-5698","hsa-miR-504-3p","hsa-miR-6076","",""
"MGAT1","0.00377","0.147","0.0475","2","hsa-miR-504-3p","hsa-miR-5698","","",""
"MOGAT3","0.00338","0.147","0.0450","2","hsa-miR-504-3p","hsa-miR-5698","","",""
"NFX1","0.00377","0.147","0.0475","2","hsa-miR-5698","hsa-miR-504-3p","","",""
"ONECUT3","0.00404","0.147","0.176","4","hsa-miR-5698","hsa-miR-6780a-5p","hsa-miR-4685-3p","hsa-miR-4472",""
"PGBD5","0.00266","0.147","0.0400","2","hsa-miR-5698","hsa-miR-504-3p","","",""
"PIEZO1","0.00301","0.147","0.0425","2","hsa-miR-4472","hsa-miR-5698","","",""
"PIGX","0.00417","0.147","0.0500","2","hsa-miR-504-3p","hsa-miR-5698","","",""
"POM121L7P","0.00417","0.147","0.0500","2","hsa-miR-5698","hsa-miR-504-3p","","",""
"SIGLEC6","0.00234","0.147","0.0375","2","hsa-miR-504-3p","hsa-miR-5698","","",""
"SLC10A3","0.00233","0.147","0.0934","3","hsa-miR-4472","hsa-miR-504-3p","hsa-miR-6076","",""
"SSBP2","0.00260","0.147","0.156","4","hsa-miR-6076","hsa-miR-6780a-5p","hsa-miR-4443","hsa-miR-6776-5p",""
"SUMO1","0.00260","0.147","0.156","4","hsa-miR-504-3p","hsa-miR-4472","hsa-miR-5698","hsa-miR-6076",""
"TDRD1","0.00338","0.147","0.0450","2","hsa-miR-5698","hsa-miR-504-3p","","",""
"TMEM56","0.00203","0.147","0.0350","2","hsa-miR-5698","hsa-miR-504-3p","","",""
"TOMM70","0.00338","0.147","0.0450","2","hsa-miR-5698","hsa-miR-504-3p","","",""
"XKR4","0.00384","0.147","0.174","4","hsa-miR-6780a-5p","hsa-miR-4685-3p","hsa-miR-5698","hsa-miR-504-3p",""
"ZC3H15","0.00234","0.147","0.0375","2","hsa-miR-504-3p","hsa-miR-5698","","",""
"ZNF841","0.00338","0.147","0.0450","2","hsa-miR-5698","hsa-miR-504-3p","","",""
"ZSCAN29","0.00357","0.147","0.108","3","hsa-miR-4443","hsa-miR-6780a-5p","hsa-miR-6776-5p","",""
"ADCY2","0.00504","0.147","0.0550","2","hsa-miR-5698","hsa-miR-504-3p","","",""
"ARIH2OS","0.00460","0.147","0.0525","2","hsa-miR-5698","hsa-miR-504-3p","","",""
"FLG2","0.00551","0.147","0.0575","2","hsa-miR-5698","hsa-miR-504-3p","","",""
"GRWD1","0.00536","0.147","0.125","3","hsa-miR-5698","hsa-miR-6730-5p","hsa-miR-4443","",""
"HACD4","0.00459","0.147","0.118","3","hsa-miR-5698","hsa-miR-504-3p","hsa-miR-4443","",""
"HAND2","0.00504","0.147","0.0550","2","hsa-miR-4443","hsa-miR-5698","","",""
"ISPD","0.00536","0.147","0.125","3","hsa-miR-6780a-5p","hsa-miR-504-3p","hsa-miR-5698","",""
"KRBA2","0.00504","0.147","0.0550","2","hsa-miR-5698","hsa-miR-504-3p","","",""
"OSBPL10","0.00516","0.147","0.123","3","hsa-miR-5698","hsa-miR-504-3p","hsa-miR-6780a-5p","",""
"PADI1","0.00551","0.147","0.0575","2","hsa-miR-4472","hsa-miR-5698","","",""
"SPECC1","0.00504","0.147","0.0550","2","hsa-miR-5698","hsa-miR-504-3p","","",""
"ST3GAL2","0.00504","0.147","0.0550","2","hsa-miR-5698","hsa-miR-504-3p","","",""
"TJAP1","0.00536","0.147","0.125","3","hsa-miR-4472","hsa-miR-6780a-5p","hsa-miR-6730-5p","",""
"UROS","0.00551","0.147","0.0575","2","hsa-miR-504-3p","hsa-miR-5698","","",""
"VPS37D","0.00551","0.147","0.0575","2","hsa-miR-4472","hsa-miR-5698","","",""
"YME1L1","0.00536","0.147","0.125","3","hsa-miR-5698","hsa-miR-504-3p","hsa-miR-6780a-5p","",""
"BMS1","0.00599","0.148","0.0600","2","hsa-miR-5698","hsa-miR-504-3p","","",""
"COMMD9","0.00599","0.148","0.0600","2","hsa-miR-5698","hsa-miR-504-3p","","",""
"NRF1","0.00599","0.148","0.130","3","hsa-miR-6780a-5p","hsa-miR-6776-5p","hsa-miR-504-3p","",""
"RHBDL2","0.00599","0.148","0.0600","2","hsa-miR-5698","hsa-miR-504-3p","","",""
"RPTN","0.00599","0.148","0.0600","2","hsa-miR-5572","hsa-miR-6776-5p","","",""
"VSIG1","0.00599","0.148","0.0600","2","hsa-miR-5698","hsa-miR-504-3p","","",""
"NEURL4","0.00649","0.153","0.0625","2","hsa-miR-4443","hsa-miR-6076","","",""
"PIK3R2","0.00649","0.153","0.0625","2","hsa-miR-504-3p","hsa-miR-5698","","",""
"PKM","0.00638","0.153","0.200","4","hsa-miR-6730-5p","hsa-miR-4472","hsa-miR-5698","hsa-miR-504-3p",""
"TCF23","0.00643","0.153","0.133","3","hsa-miR-5698","hsa-miR-504-3p","hsa-miR-6780a-5p","",""
"AGAP9","0.00762","0.154","0.142","3","hsa-miR-6780a-5p","hsa-miR-5698","hsa-miR-504-3p","",""
"ATPAF1","0.00811","0.154","0.0700","2","hsa-miR-4472","hsa-miR-5698","","",""
"CASTOR2","0.00697","0.154","0.205","4","hsa-miR-4443","hsa-miR-4472","hsa-miR-5698","hsa-miR-6730-5p",""
"FAM151B","0.00787","0.154","0.143","3","hsa-miR-5572","hsa-miR-6776-5p","hsa-miR-6780a-5p","",""
"FGFR4","0.00811","0.154","0.0700","2","hsa-miR-4472","hsa-miR-5698","","",""
"MFSD14C","0.00756","0.154","0.0675","2","hsa-miR-6743-3p","hsa-miR-6776-5p","","",""
"MSRB1","0.00756","0.154","0.0675","2","hsa-miR-504-3p","hsa-miR-5698","","",""
"NCBP3","0.00813","0.154","0.145","3","hsa-miR-5698","hsa-miR-504-3p","hsa-miR-4443","",""
"NKPD1","0.00811","0.154","0.0700","2","hsa-miR-5698","hsa-miR-504-3p","","",""
"OPTN","0.00756","0.154","0.0675","2","hsa-miR-5698","hsa-miR-504-3p","","",""
"PGBD4","0.00737","0.154","0.140","3","hsa-miR-5698","hsa-miR-504-3p","hsa-miR-6780a-5p","",""
"PHC1","0.00811","0.154","0.0700","2","hsa-miR-6780a-5p","hsa-miR-5698","","",""
"PRMT3","0.00702","0.154","0.0650","2","hsa-miR-5698","hsa-miR-504-3p","","",""
"RNF170","0.00702","0.154","0.0650","2","hsa-miR-5698","hsa-miR-504-3p","","",""
"SLFN12","0.00811","0.154","0.0700","2","hsa-miR-4472","hsa-miR-5698","","",""
"SYAP1","0.00737","0.154","0.140","3","hsa-miR-5698","hsa-miR-504-3p","hsa-miR-4685-3p","",""
"TIMM10B","0.00811","0.154","0.0700","2","hsa-miR-4443","hsa-miR-6776-5p","","",""
"TMEM250","0.00756","0.154","0.0675","2","hsa-miR-5698","hsa-miR-504-3p","","",""
"TMEM54","0.00702","0.154","0.0650","2","hsa-miR-4472","hsa-miR-5698","","",""
"XPO5","0.00702","0.154","0.0650","2","hsa-miR-5698","hsa-miR-504-3p","","",""
"CAMK2A","0.00869","0.159","0.0725","2","hsa-miR-4472","hsa-miR-5698","","",""
"FADS6","0.00866","0.159","0.148","3","hsa-miR-6780a-5p","hsa-miR-5698","hsa-miR-504-3p","",""
"LUC7L","0.00869","0.159","0.0725","2","hsa-miR-504-3p","hsa-miR-5698","","",""
"ST3GAL1","0.00869","0.159","0.0725","2","hsa-miR-5698","hsa-miR-504-3p","","",""
"DDA1","0.00893","0.160","0.150","3","hsa-miR-4472","hsa-miR-5698","hsa-miR-6776-5p","",""
"LYRM4","0.00893","0.160","0.150","3","hsa-miR-6776-5p","hsa-miR-5698","hsa-miR-504-3p","",""
"CLK4","0.00929","0.161","0.0750","2","hsa-miR-5698","hsa-miR-504-3p","","",""
"ODF4","0.00929","0.161","0.0750","2","hsa-miR-4685-3p","hsa-miR-504-3p","","",""
"SLC35C2","0.00921","0.161","0.152","3","hsa-miR-4472","hsa-miR-5698","hsa-miR-6776-5p","",""
"ZNF655","0.00929","0.161","0.0750","2","hsa-miR-5698","hsa-miR-504-3p","","",""
"ACAA2","0.0118","0.164","0.0850","2","hsa-miR-6776-5p","hsa-miR-6780a-5p","","",""
"ALOX5AP","0.0105","0.164","0.0800","2","hsa-miR-504-3p","hsa-miR-5698","","",""
"BORCS7","0.0112","0.164","0.0825","2","hsa-miR-504-3p","hsa-miR-5698","","",""
"CCDC115","0.0118","0.164","0.0850","2","hsa-miR-6776-5p","hsa-miR-6730-5p","","",""
"DNPEP","0.0105","0.164","0.0800","2","hsa-miR-5698","hsa-miR-504-3p","","",""
"E2F4","0.0112","0.164","0.0825","2","hsa-miR-4472","hsa-miR-5698","","",""
"EFNA3","0.0105","0.164","0.0800","2","hsa-miR-4472","hsa-miR-5698","","",""
"FMN1","0.0105","0.164","0.0800","2","hsa-miR-5698","hsa-miR-504-3p","","",""
"GPSM2","0.0112","0.164","0.0825","2","hsa-miR-504-3p","hsa-miR-5698","","",""
"LINS1","0.0112","0.164","0.0825","2","hsa-miR-4685-3p","hsa-miR-6730-5p","","",""
"MCAM","0.0118","0.164","0.0850","2","hsa-miR-5698","hsa-miR-504-3p","","",""
"MEX3A","0.0104","0.164","0.158","3","hsa-miR-4472","hsa-miR-5698","hsa-miR-4685-3p","",""
"P3H2","0.0112","0.164","0.0825","2","hsa-miR-5572","hsa-miR-5698","","",""
"PATZ1","0.0105","0.164","0.0800","2","hsa-miR-4443","hsa-miR-504-3p","","",""
"RAB11FIP4","0.0119","0.164","0.167","3","hsa-miR-5698","hsa-miR-504-3p","hsa-miR-4685-3p","",""
"RAB5B","0.0101","0.164","0.228","4","hsa-miR-4685-3p","hsa-miR-4443","hsa-miR-6776-5p","hsa-miR-6780a-5p",""
"RAP2B","0.0116","0.164","0.165","3","hsa-miR-6780a-5p","hsa-miR-4685-3p","hsa-miR-6776-5p","",""
"RNF157","0.0119","0.164","0.167","3","hsa-miR-5698","hsa-miR-6730-5p","hsa-miR-504-3p","",""
"SMTN","0.0118","0.164","0.0850","2","hsa-miR-4472","hsa-miR-5698","","",""
"SPIB","0.00978","0.164","0.155","3","hsa-miR-4685-3p","hsa-miR-5698","hsa-miR-504-3p","",""
"STOML3","0.0112","0.164","0.0825","2","hsa-miR-4472","hsa-miR-5698","","",""
"SUV39H1","0.0105","0.164","0.0800","2","hsa-miR-4472","hsa-miR-5698","","",""
"TIMM29","0.0107","0.164","0.160","3","hsa-miR-5698","hsa-miR-504-3p","hsa-miR-6776-5p","",""
"TLN1","0.0104","0.164","0.158","3","hsa-miR-6780a-5p","hsa-miR-4472","hsa-miR-5698","",""
"TMEM184B","0.0119","0.164","0.167","3","hsa-miR-1202","hsa-miR-4472","hsa-miR-5698","",""
"TSHZ2","0.0118","0.164","0.0850","2","hsa-miR-5698","hsa-miR-504-3p","","",""
"WSB1","0.0107","0.164","0.160","3","hsa-miR-5698","hsa-miR-504-3p","hsa-miR-6780a-5p","",""
"ZNF317","0.0116","0.164","0.165","3","hsa-miR-6076","hsa-miR-6780a-5p","hsa-miR-6776-5p","",""
"ZNF398","0.0112","0.164","0.0825","2","hsa-miR-6743-3p","hsa-miR-4685-3p","","",""
"INO80","0.0125","0.168","0.0875","2","hsa-miR-5698","hsa-miR-504-3p","","",""
"NDOR1","0.0125","0.168","0.0875","2","hsa-miR-4472","hsa-miR-5698","","",""
"PKNOX2","0.0125","0.168","0.0875","2","hsa-miR-4472","hsa-miR-5698","","",""
"FAM9B","0.0132","0.173","0.0900","2","hsa-miR-504-3p","hsa-miR-5698","","",""
"PLD6","0.0132","0.173","0.0900","2","hsa-miR-4685-3p","hsa-miR-6780a-5p","","",""
"TAS2R5","0.0132","0.173","0.0900","2","hsa-miR-5698","hsa-miR-504-3p","","",""
"TEP1","0.0132","0.173","0.0900","2","hsa-miR-5698","hsa-miR-504-3p","","",""
"TNKS1BP1","0.0139","0.181","0.0925","2","hsa-miR-4472","hsa-miR-5698","","",""
"C8orf58","0.0147","0.183","0.0950","2","hsa-miR-5572","hsa-miR-6730-5p","","",""
"METTL27","0.0147","0.183","0.0950","2","hsa-miR-5698","hsa-miR-504-3p","","",""
"MFSD4B","0.0147","0.183","0.0950","2","hsa-miR-5698","hsa-miR-504-3p","","",""
"QPRT","0.0147","0.183","0.0950","2","hsa-miR-5698","hsa-miR-504-3p","","",""
"SLC16A5","0.0147","0.183","0.0950","2","hsa-miR-5698","hsa-miR-504-3p","","",""
"TGFBR3L","0.0147","0.183","0.0950","2","hsa-miR-5698","hsa-miR-6780a-5p","","",""
"HEBP2","0.0154","0.183","0.0975","2","hsa-miR-5698","hsa-miR-504-3p","","",""
"MTHFR","0.0154","0.183","0.0975","2","hsa-miR-4472","hsa-miR-5698","","",""
"PPP1R3G","0.0154","0.183","0.0975","2","hsa-miR-4685-3p","hsa-miR-6780a-5p","","",""
"PRELP","0.0154","0.183","0.0975","2","hsa-miR-4472","hsa-miR-5698","","",""
"PSAP","0.0154","0.183","0.0975","2","hsa-miR-4472","hsa-miR-5698","","",""
"SNX22","0.0154","0.183","0.0975","2","hsa-miR-5698","hsa-miR-504-3p","","",""
"ZNF226","0.0154","0.183","0.0975","2","hsa-miR-504-3p","hsa-miR-5698","","",""
"ZNF74","0.0154","0.183","0.0975","2","hsa-miR-5698","hsa-miR-504-3p","","",""
"DMKN","0.0162","0.187","0.100","2","hsa-miR-6776-5p","hsa-miR-6780a-5p","","",""
"IBA57","0.0159","0.187","0.185","3","hsa-miR-5698","hsa-miR-504-3p","hsa-miR-6780a-5p","",""
"KDELC2","0.0162","0.187","0.100","2","hsa-miR-5698","hsa-miR-504-3p","","",""
"TSPAN31","0.0162","0.187","0.100","2","hsa-miR-504-3p","hsa-miR-5698","","",""
"TSPYL4","0.0162","0.187","0.100","2","hsa-miR-6780a-5p","hsa-miR-5698","","",""
"FANCC","0.0170","0.195","0.103","2","hsa-miR-5698","hsa-miR-504-3p","","",""
"AKAP5","0.0178","0.199","0.105","2","hsa-miR-504-3p","hsa-miR-5698","","",""
"ANKRD13B","0.0178","0.199","0.105","2","hsa-miR-4472","hsa-miR-5698","","",""
"MYCBP","0.0178","0.199","0.105","2","hsa-miR-5698","hsa-miR-504-3p","","",""
"STMN3","0.0178","0.199","0.105","2","hsa-miR-4472","hsa-miR-5698","","",""
"C3","0.0187","0.199","0.197","3","hsa-miR-5698","hsa-miR-504-3p","hsa-miR-6780a-5p","",""
"C3orf62","0.0186","0.199","0.108","2","hsa-miR-5698","hsa-miR-504-3p","","",""
"CHAC1","0.0187","0.199","0.197","3","hsa-miR-4472","hsa-miR-6776-5p","hsa-miR-1202","",""
"CISD2","0.0186","0.199","0.108","2","hsa-miR-504-3p","hsa-miR-5698","","",""
"DYRK2","0.0187","0.199","0.197","3","hsa-miR-6780a-5p","hsa-miR-4472","hsa-miR-5698","",""
"PHLDA3","0.0187","0.199","0.197","3","hsa-miR-5698","hsa-miR-504-3p","hsa-miR-4472","",""
"SRARP","0.0186","0.199","0.108","2","hsa-miR-6730-5p","hsa-miR-4685-3p","","",""
"UBE2G2","0.0186","0.199","0.108","2","hsa-miR-504-3p","hsa-miR-5698","","",""
"VEZT","0.0186","0.199","0.108","2","hsa-miR-5698","hsa-miR-504-3p","","",""
"BAHD1","0.0194","0.204","0.110","2","hsa-miR-6730-5p","hsa-miR-4685-3p","","",""
"CDKL1","0.0194","0.204","0.110","2","hsa-miR-5698","hsa-miR-504-3p","","",""
"DOCK11","0.0194","0.204","0.110","2","hsa-miR-504-3p","hsa-miR-5698","","",""
"ANG","0.0203","0.205","0.113","2","hsa-miR-5698","hsa-miR-504-3p","","",""
"ARSK","0.0200","0.205","0.202","3","hsa-miR-6780a-5p","hsa-miR-4443","hsa-miR-6776-5p","",""
"MTAP","0.0203","0.205","0.113","2","hsa-miR-5698","hsa-miR-504-3p","","",""
"SIK2","0.0203","0.205","0.113","2","hsa-miR-5698","hsa-miR-504-3p","","",""
"TIAL1","0.0200","0.205","0.202","3","hsa-miR-504-3p","hsa-miR-5698","hsa-miR-6780a-5p","",""
"UBL5","0.0203","0.205","0.113","2","hsa-miR-4472","hsa-miR-5698","","",""
"ZNF573","0.0200","0.205","0.202","3","hsa-miR-5698","hsa-miR-504-3p","hsa-miR-6780a-5p","",""
"C11orf58","0.0211","0.207","0.115","2","hsa-miR-6730-5p","hsa-miR-6780a-5p","","",""
"DOT1L","0.0211","0.207","0.115","2","hsa-miR-4443","hsa-miR-4472","","",""
"GRINA","0.0211","0.207","0.115","2","hsa-miR-4472","hsa-miR-5698","","",""
"RAB2B","0.0211","0.207","0.115","2","hsa-miR-6780a-5p","hsa-miR-6730-5p","","",""
"TNFSF14","0.0211","0.207","0.115","2","hsa-miR-5698","hsa-miR-504-3p","","",""
"ZNF485","0.0211","0.207","0.115","2","hsa-miR-5698","hsa-miR-504-3p","","",""
"LRAT","0.0220","0.212","0.118","2","hsa-miR-5698","hsa-miR-504-3p","","",""
"MAP4K2","0.0220","0.212","0.118","2","hsa-miR-5698","hsa-miR-504-3p","","",""
"STXBP2","0.0220","0.212","0.118","2","hsa-miR-5698","hsa-miR-504-3p","","",""
"ZNF638","0.0220","0.212","0.118","2","hsa-miR-6743-3p","hsa-miR-4685-3p","","",""
"GDE1","0.0229","0.217","0.289","4","hsa-miR-4685-3p","hsa-miR-5698","hsa-miR-504-3p","hsa-miR-5572",""
"IDS","0.0229","0.217","0.120","2","hsa-miR-5698","hsa-miR-504-3p","","",""
"WDR17","0.0229","0.217","0.120","2","hsa-miR-5698","hsa-miR-504-3p","","",""
"CNDP1","0.0238","0.222","0.123","2","hsa-miR-5698","hsa-miR-504-3p","","",""
"MPLKIP","0.0237","0.222","0.215","3","hsa-miR-6780a-5p","hsa-miR-5698","hsa-miR-504-3p","",""
"SPATA6","0.0238","0.222","0.123","2","hsa-miR-4472","hsa-miR-5698","","",""
"UBE2S","0.0238","0.222","0.123","2","hsa-miR-5572","hsa-miR-4443","","",""
"BTN3A2","0.0247","0.225","0.125","2","hsa-miR-5698","hsa-miR-504-3p","","",""
"PTCD3","0.0247","0.225","0.125","2","hsa-miR-5698","hsa-miR-504-3p","","",""
"SLC4A2","0.0247","0.225","0.125","2","hsa-miR-4472","hsa-miR-5698","","",""
"CEP89","0.0257","0.227","0.128","2","hsa-miR-5698","hsa-miR-504-3p","","",""
"IYD","0.0257","0.227","0.128","2","hsa-miR-5698","hsa-miR-504-3p","","",""
"KIAA1210","0.0257","0.227","0.128","2","hsa-miR-6780a-5p","hsa-miR-6776-5p","","",""
"NAA50","0.0252","0.227","0.220","3","hsa-miR-5572","hsa-miR-4472","hsa-miR-504-3p","",""
"OLA1","0.0257","0.227","0.128","2","hsa-miR-5698","hsa-miR-504-3p","","",""
"RNF216","0.0257","0.227","0.128","2","hsa-miR-5698","hsa-miR-504-3p","","",""
"ABCC6","0.0266","0.228","0.130","2","hsa-miR-4472","hsa-miR-5698","","",""
"DLGAP3","0.0266","0.228","0.130","2","hsa-miR-4472","hsa-miR-5698","","",""
"GALNT6","0.0266","0.228","0.130","2","hsa-miR-504-3p","hsa-miR-5698","","",""
"JPH2","0.0266","0.228","0.130","2","hsa-miR-5698","hsa-miR-504-3p","","",""
"KLHL7","0.0266","0.228","0.130","2","hsa-miR-504-3p","hsa-miR-5698","","",""
"LYN","0.0266","0.228","0.130","2","hsa-miR-504-3p","hsa-miR-5698","","",""
"MEF2D","0.0267","0.228","0.225","3","hsa-miR-4472","hsa-miR-4685-3p","hsa-miR-5572","",""
"RICTOR","0.0266","0.228","0.130","2","hsa-miR-4472","hsa-miR-5698","","",""
"DUSP4","0.0276","0.230","0.133","2","hsa-miR-4685-3p","hsa-miR-6780a-5p","","",""
"KCNA7","0.0276","0.230","0.133","2","hsa-miR-5698","hsa-miR-504-3p","","",""
"LIN52","0.0276","0.230","0.133","2","hsa-miR-5698","hsa-miR-504-3p","","",""
"LRCH3","0.0276","0.230","0.133","2","hsa-miR-5698","hsa-miR-504-3p","","",""
"MAPK8IP3","0.0276","0.230","0.133","2","hsa-miR-504-3p","hsa-miR-5698","","",""
"ZFP36","0.0276","0.230","0.133","2","hsa-miR-4472","hsa-miR-5698","","",""
"AP1S1","0.0285","0.231","0.135","2","hsa-miR-5698","hsa-miR-504-3p","","",""
"BACH2","0.0285","0.231","0.135","2","hsa-miR-6076","hsa-miR-4685-3p","","",""
"ELK1","0.0285","0.231","0.135","2","hsa-miR-5698","hsa-miR-504-3p","","",""
"GP5","0.0285","0.231","0.135","2","hsa-miR-5698","hsa-miR-6780a-5p","","",""
"SEC23B","0.0285","0.231","0.135","2","hsa-miR-5698","hsa-miR-504-3p","","",""
"SUPT7L","0.0285","0.231","0.135","2","hsa-miR-6730-5p","hsa-miR-6780a-5p","","",""
"TECPR1","0.0285","0.231","0.135","2","hsa-miR-5698","hsa-miR-504-3p","","",""
"PGPEP1","0.0288","0.232","0.232","3","hsa-miR-5572","hsa-miR-5698","hsa-miR-6780a-5p","",""
"GEN1","0.0295","0.235","0.138","2","hsa-miR-6780a-5p","hsa-miR-6076","","",""
"RBL1","0.0295","0.235","0.138","2","hsa-miR-5698","hsa-miR-504-3p","","",""
"RPP25","0.0295","0.235","0.138","2","hsa-miR-4472","hsa-miR-5698","","",""
"CYP2W1","0.0306","0.236","0.140","2","hsa-miR-6780a-5p","hsa-miR-4472","","",""
"KLHL12","0.0306","0.236","0.140","2","hsa-miR-4685-3p","hsa-miR-4472","","",""
"PIN1","0.0306","0.236","0.140","2","hsa-miR-4472","hsa-miR-5698","","",""
"PRRC2B","0.0305","0.236","0.237","3","hsa-miR-5572","hsa-miR-4472","hsa-miR-5698","",""
"RUNDC1","0.0306","0.236","0.140","2","hsa-miR-4685-3p","hsa-miR-504-3p","","",""
"SIT1","0.0306","0.236","0.140","2","hsa-miR-1202","hsa-miR-6780a-5p","","",""
"THSD4","0.0306","0.236","0.140","2","hsa-miR-4472","hsa-miR-5698","","",""
"AKT1S1","0.0316","0.240","0.143","2","hsa-miR-4440","hsa-miR-6730-5p","","",""
"HEATR5A","0.0316","0.240","0.143","2","hsa-miR-504-3p","hsa-miR-5698","","",""
"MOCS3","0.0316","0.240","0.143","2","hsa-miR-6780a-5p","hsa-miR-6743-3p","","",""
"SIX3","0.0316","0.240","0.143","2","hsa-miR-4472","hsa-miR-5698","","",""
"SSTR2","0.0316","0.240","0.143","2","hsa-miR-504-3p","hsa-miR-6776-5p","","",""
"SAR1A","0.0322","0.243","0.242","3","hsa-miR-6780a-5p","hsa-miR-5698","hsa-miR-504-3p","",""
"ANAPC16","0.0326","0.244","0.145","2","hsa-miR-6730-5p","hsa-miR-4443","","",""
"NTSR1","0.0326","0.244","0.145","2","hsa-miR-6776-5p","hsa-miR-6780a-5p","","",""
"PLXDC2","0.0326","0.244","0.145","2","hsa-miR-5698","hsa-miR-504-3p","","",""
"GDI1","0.0337","0.250","0.148","2","hsa-miR-4472","hsa-miR-5698","","",""
"MOGAT1","0.0337","0.250","0.148","2","hsa-miR-5698","hsa-miR-504-3p","","",""
"DUSP28","0.0347","0.253","0.150","2","hsa-miR-6780a-5p","hsa-miR-4685-3p","","",""
"LRRC47","0.0347","0.253","0.150","2","hsa-miR-4685-3p","hsa-miR-6780a-5p","","",""
"MTO1","0.0347","0.253","0.150","2","hsa-miR-5698","hsa-miR-504-3p","","",""
"DNAJB13","0.0358","0.254","0.153","2","hsa-miR-5698","hsa-miR-504-3p","","",""
"PARVB","0.0358","0.254","0.153","2","hsa-miR-5698","hsa-miR-504-3p","","",""
"POLD3","0.0358","0.254","0.153","2","hsa-miR-4472","hsa-miR-5698","","",""
"SEC14L4","0.0358","0.254","0.153","2","hsa-miR-504-3p","hsa-miR-5698","","",""
"SLC16A10","0.0358","0.254","0.153","2","hsa-miR-5698","hsa-miR-504-3p","","",""
"SLC4A1","0.0358","0.254","0.153","2","hsa-miR-5698","hsa-miR-504-3p","","",""
"TFPI","0.0358","0.254","0.153","2","hsa-miR-4443","hsa-miR-6776-5p","","",""
"ANKRD36","0.0369","0.258","0.155","2","hsa-miR-5698","hsa-miR-504-3p","","",""
"CTNND1","0.0369","0.258","0.155","2","hsa-miR-1202","hsa-miR-6780a-5p","","",""
"F2","0.0369","0.258","0.155","2","hsa-miR-5698","hsa-miR-504-3p","","",""
"NAGK","0.0369","0.258","0.155","2","hsa-miR-5698","hsa-miR-504-3p","","",""
"SLC7A5","0.0373","0.260","0.335","4","hsa-miR-504-3p","hsa-miR-6780a-5p","hsa-miR-4443","hsa-miR-5698",""
"CENPM","0.0380","0.260","0.158","2","hsa-miR-5698","hsa-miR-504-3p","","",""
"INMT","0.0380","0.260","0.158","2","hsa-miR-6776-5p","hsa-miR-6780a-5p","","",""
"SGO1","0.0380","0.260","0.158","2","hsa-miR-5698","hsa-miR-504-3p","","",""
"UTP4","0.0380","0.260","0.158","2","hsa-miR-5698","hsa-miR-504-3p","","",""
"WWC1","0.0380","0.260","0.158","2","hsa-miR-5698","hsa-miR-504-3p","","",""
"BICDL1","0.0391","0.262","0.160","2","hsa-miR-6776-5p","hsa-miR-6780a-5p","","",""
"NACC1","0.0392","0.262","0.340","4","hsa-miR-4472","hsa-miR-6743-3p","hsa-miR-5698","hsa-miR-6780a-5p",""
"NCOR2","0.0391","0.262","0.160","2","hsa-miR-6780a-5p","hsa-miR-4443","","",""
"PLEC","0.0391","0.262","0.160","2","hsa-miR-4472","hsa-miR-4443","","",""
"WHAMM","0.0391","0.262","0.160","2","hsa-miR-6780a-5p","hsa-miR-6776-5p","","",""
"LIMS1","0.0402","0.264","0.163","2","hsa-miR-5698","hsa-miR-504-3p","","",""
"QSOX2","0.0402","0.264","0.163","2","hsa-miR-4472","hsa-miR-5698","","",""
"RGS9BP","0.0402","0.264","0.163","2","hsa-miR-5698","hsa-miR-504-3p","","",""
"ZNF619","0.0402","0.264","0.163","2","hsa-miR-4685-3p","hsa-miR-4443","","",""
"ESYT2","0.0414","0.267","0.165","2","hsa-miR-5698","hsa-miR-504-3p","","",""
"PKNOX1","0.0414","0.267","0.165","2","hsa-miR-5698","hsa-miR-504-3p","","",""
"PROSER2","0.0414","0.267","0.165","2","hsa-miR-5698","hsa-miR-504-3p","","",""
"PTGR2","0.0414","0.267","0.165","2","hsa-miR-504-3p","hsa-miR-6743-3p","","",""
"STK38","0.0414","0.267","0.165","2","hsa-miR-5698","hsa-miR-6780a-5p","","",""
"YWHAB","0.0425","0.273","0.168","2","hsa-miR-504-3p","hsa-miR-6780a-5p","","",""
"STK4","0.0428","0.274","0.270","3","hsa-miR-6780a-5p","hsa-miR-5698","hsa-miR-6730-5p","",""
"B3GALNT2","0.0437","0.276","0.170","2","hsa-miR-4472","hsa-miR-5698","","",""
"CALCOCO2","0.0437","0.276","0.170","2","hsa-miR-504-3p","hsa-miR-5698","","",""
"PHF7","0.0437","0.276","0.170","2","hsa-miR-4440","hsa-miR-5572","","",""
"SF3B3","0.0435","0.276","0.272","3","hsa-miR-4472","hsa-miR-5698","hsa-miR-6780a-5p","",""
"AP2M1","0.0449","0.279","0.173","2","hsa-miR-4472","hsa-miR-5698","","",""
"ERC1","0.0449","0.279","0.173","2","hsa-miR-5698","hsa-miR-504-3p","","",""
"FOLR1","0.0449","0.279","0.173","2","hsa-miR-6780a-5p","hsa-miR-4472","","",""
"PNPLA6","0.0449","0.279","0.173","2","hsa-miR-5698","hsa-miR-6780a-5p","","",""
"CREB3L2","0.0461","0.281","0.175","2","hsa-miR-4472","hsa-miR-5698","","",""
"FURIN","0.0461","0.281","0.175","2","hsa-miR-6076","hsa-miR-6780a-5p","","",""
"PLEKHM3","0.0461","0.281","0.175","2","hsa-miR-5698","hsa-miR-504-3p","","",""
"RAB4A","0.0461","0.281","0.175","2","hsa-miR-6730-5p","hsa-miR-6780a-5p","","",""
"SENP2","0.0461","0.281","0.175","2","hsa-miR-4472","hsa-miR-5698","","",""
"ZNF799","0.0461","0.281","0.175","2","hsa-miR-4472","hsa-miR-6076","","",""
"CCL22","0.0473","0.284","0.178","2","hsa-miR-5698","hsa-miR-6780a-5p","","",""
"EMC3","0.0473","0.284","0.178","2","hsa-miR-504-3p","hsa-miR-5698","","",""
"KMT2D","0.0469","0.284","0.280","3","hsa-miR-4472","hsa-miR-4685-3p","hsa-miR-5698","",""
"PRRT2","0.0473","0.284","0.178","2","hsa-miR-6776-5p","hsa-miR-5698","","",""
"ATL3","0.0485","0.285","0.180","2","hsa-miR-6780a-5p","hsa-miR-5698","","",""
"KIAA1143","0.0485","0.285","0.180","2","hsa-miR-5698","hsa-miR-504-3p","","",""
"NRIP3","0.0485","0.285","0.180","2","hsa-miR-6730-5p","hsa-miR-6780a-5p","","",""
"PTK6","0.0485","0.285","0.180","2","hsa-miR-6776-5p","hsa-miR-6780a-5p","","",""
"RFT1","0.0485","0.285","0.180","2","hsa-miR-6780a-5p","hsa-miR-6076","","",""
"ZNF695","0.0485","0.285","0.180","2","hsa-miR-6776-5p","hsa-miR-6780a-5p","","",""
"CDC73","0.0497","0.289","0.183","2","hsa-miR-6076","hsa-miR-6776-5p","","",""
"ACAP2","0.0509","0.292","0.185","2","hsa-miR-6776-5p","hsa-miR-6780a-5p","","",""
"ALG1","0.0509","0.292","0.185","2","hsa-miR-5698","hsa-miR-504-3p","","",""
"RPS6KA4","0.0509","0.292","0.185","2","hsa-miR-4472","hsa-miR-5698","","",""
"SFN","0.0509","0.292","0.185","2","hsa-miR-4472","hsa-miR-5698","","",""
"DCAF7","0.0513","0.293","0.290","3","hsa-miR-5698","hsa-miR-4685-3p","hsa-miR-504-3p","",""
"SLC1A5","0.0513","0.293","0.290","3","hsa-miR-5698","hsa-miR-504-3p","hsa-miR-6780a-5p","",""
"MINOS1","0.0522","0.297","0.188","2","hsa-miR-6776-5p","hsa-miR-6780a-5p","","",""
"BAMBI","0.0534","0.299","0.190","2","hsa-miR-5698","hsa-miR-504-3p","","",""
"PSMB5","0.0534","0.299","0.190","2","hsa-miR-504-3p","hsa-miR-4685-3p","","",""
"RPH3AL","0.0534","0.299","0.190","2","hsa-miR-6780a-5p","hsa-miR-5572","","",""
"TFAP4","0.0534","0.299","0.190","2","hsa-miR-4443","hsa-miR-4472","","",""
"TMEM184C","0.0534","0.299","0.190","2","hsa-miR-6780a-5p","hsa-miR-6776-5p","","",""
"ZNF106","0.0534","0.299","0.190","2","hsa-miR-5698","hsa-miR-504-3p","","",""
"C6orf132","0.0547","0.302","0.193","2","hsa-miR-4685-3p","hsa-miR-6780a-5p","","",""
"MRI1","0.0547","0.302","0.193","2","hsa-miR-5698","hsa-miR-504-3p","","",""
"ZBTB3","0.0547","0.302","0.193","2","hsa-miR-6776-5p","hsa-miR-6780a-5p","","",""
"COX18","0.0560","0.306","0.195","2","hsa-miR-6776-5p","hsa-miR-6780a-5p","","",""
"GRK2","0.0560","0.306","0.195","2","hsa-miR-4443","hsa-miR-6776-5p","","",""
"MOB1B","0.0560","0.306","0.195","2","hsa-miR-6730-5p","hsa-miR-6780a-5p","","",""
"ANGPT4","0.0573","0.308","0.198","2","hsa-miR-6776-5p","hsa-miR-6780a-5p","","",""
"CCDC77","0.0573","0.308","0.198","2","hsa-miR-5698","hsa-miR-6780a-5p","","",""
"CCS","0.0573","0.308","0.198","2","hsa-miR-5698","hsa-miR-504-3p","","",""
"CTDNEP1","0.0586","0.308","0.200","2","hsa-miR-6780a-5p","hsa-miR-6730-5p","","",""
"GRSF1","0.0586","0.308","0.200","2","hsa-miR-4685-3p","hsa-miR-504-3p","","",""
"MAPK1","0.0581","0.308","0.305","3","hsa-miR-5698","hsa-miR-504-3p","hsa-miR-4685-3p","",""
"MCM8","0.0586","0.308","0.200","2","hsa-miR-5698","hsa-miR-504-3p","","",""
"MPRIP","0.0586","0.308","0.200","2","hsa-miR-504-3p","hsa-miR-5698","","",""
"RDH10","0.0586","0.308","0.200","2","hsa-miR-6776-5p","hsa-miR-6780a-5p","","",""
"SF3A1","0.0586","0.308","0.200","2","hsa-miR-504-3p","hsa-miR-5698","","",""
"UBE2Z","0.0573","0.308","0.198","2","hsa-miR-4472","hsa-miR-5698","","",""
"YIPF4","0.0581","0.308","0.305","3","hsa-miR-5572","hsa-miR-5698","hsa-miR-504-3p","",""
"ZBTB8A","0.0586","0.308","0.200","2","hsa-miR-504-3p","hsa-miR-5698","","",""
"GMEB1","0.0599","0.309","0.203","2","hsa-miR-5698","hsa-miR-504-3p","","",""
"MRPL17","0.0599","0.309","0.203","2","hsa-miR-5698","hsa-miR-504-3p","","",""
"RGP1","0.0599","0.309","0.203","2","hsa-miR-4472","hsa-miR-5698","","",""
"SYNPO2L","0.0599","0.309","0.203","2","hsa-miR-5698","hsa-miR-504-3p","","",""
"TUBD1","0.0599","0.309","0.203","2","hsa-miR-504-3p","hsa-miR-5698","","",""
"ZNF284","0.0599","0.309","0.203","2","hsa-miR-6730-5p","hsa-miR-6780a-5p","","",""
"ZNF786","0.0599","0.309","0.203","2","hsa-miR-5698","hsa-miR-1202","","",""
"ABCF1","0.0639","0.309","0.210","2","hsa-miR-5698","hsa-miR-504-3p","","",""
"ALDOA","0.0638","0.309","0.317","3","hsa-miR-4443","hsa-miR-6780a-5p","hsa-miR-6776-5p","",""
"DBT","0.0612","0.309","0.205","2","hsa-miR-504-3p","hsa-miR-5698","","",""
"FOXK2","0.0639","0.309","0.210","2","hsa-miR-504-3p","hsa-miR-4685-3p","","",""
"HEYL","0.0626","0.309","0.208","2","hsa-miR-5698","hsa-miR-504-3p","","",""
"KIF6","0.0639","0.309","0.210","2","hsa-miR-4443","hsa-miR-504-3p","","",""
"MCF2L2","0.0612","0.309","0.205","2","hsa-miR-6780a-5p","hsa-miR-6776-5p","","",""
"METTL14","0.0626","0.309","0.208","2","hsa-miR-6780a-5p","hsa-miR-4443","","",""
"RBBP4","0.0639","0.309","0.210","2","hsa-miR-6780a-5p","hsa-miR-1202","","",""
"TANGO2","0.0612","0.309","0.205","2","hsa-miR-6780a-5p","hsa-miR-6776-5p","","",""
"TBXA2R","0.0612","0.309","0.205","2","hsa-miR-6780a-5p","hsa-miR-5698","","",""
"TNRC6A","0.0621","0.309","0.313","3","hsa-miR-6780a-5p","hsa-miR-5572","hsa-miR-6076","",""
"ZNF641","0.0639","0.309","0.210","2","hsa-miR-6780a-5p","hsa-miR-6776-5p","","",""
"PSME3","0.0653","0.314","0.213","2","hsa-miR-5698","hsa-miR-6780a-5p","","",""
"RPL18A","0.0653","0.314","0.213","2","hsa-miR-5572","hsa-miR-6780a-5p","","",""
"ATXN7L3","0.0666","0.314","0.215","2","hsa-miR-5698","hsa-miR-4685-3p","","",""
"ECE1","0.0666","0.314","0.215","2","hsa-miR-5698","hsa-miR-504-3p","","",""
"FHL2","0.0680","0.314","0.218","2","hsa-miR-5698","hsa-miR-504-3p","","",""
"FKBP5","0.0694","0.318","0.220","2","hsa-miR-4443","hsa-miR-6776-5p","","",""
"FOSL1","0.0694","0.318","0.220","2","hsa-miR-4472","hsa-miR-5698","","",""
"TERF2","0.0694","0.318","0.220","2","hsa-miR-504-3p","hsa-miR-6776-5p","","",""
"ZYG11B","0.0694","0.318","0.220","2","hsa-miR-5698","hsa-miR-504-3p","","",""
"CNBP","0.0697","0.318","0.328","3","hsa-miR-5572","hsa-miR-4472","hsa-miR-6780a-5p","",""
"FYTTD1","0.0722","0.318","0.225","2","hsa-miR-6730-5p","hsa-miR-6780a-5p","","",""
"MIER3","0.0708","0.318","0.223","2","hsa-miR-4685-3p","hsa-miR-6780a-5p","","",""
"PTPRF","0.0722","0.318","0.225","2","hsa-miR-4472","hsa-miR-5698","","",""
"TLCD2","0.0708","0.318","0.223","2","hsa-miR-6780a-5p","hsa-miR-6776-5p","","",""
"ZNF701","0.0708","0.318","0.223","2","hsa-miR-6780a-5p","hsa-miR-4472","","",""
"ERGIC1","0.0736","0.321","0.228","2","hsa-miR-5698","hsa-miR-504-3p","","",""
"RBM43","0.0736","0.321","0.228","2","hsa-miR-504-3p","hsa-miR-6780a-5p","","",""
"ALG14","0.0750","0.325","0.230","2","hsa-miR-5698","hsa-miR-504-3p","","",""
"MLF2","0.0750","0.325","0.230","2","hsa-miR-504-3p","hsa-miR-6730-5p","","",""
"SRF","0.0750","0.325","0.230","2","hsa-miR-4443","hsa-miR-5698","","",""
"TMEM239","0.0765","0.327","0.233","2","hsa-miR-6780a-5p","hsa-miR-4685-3p","","",""
"AR","0.0823","0.328","0.243","2","hsa-miR-4443","hsa-miR-5698","","",""
"DFFA","0.0808","0.328","0.240","2","hsa-miR-6780a-5p","hsa-miR-4472","","",""
"ETV3","0.0794","0.328","0.238","2","hsa-miR-6780a-5p","hsa-miR-5698","","",""
"FOSL2","0.0779","0.328","0.235","2","hsa-miR-6743-3p","hsa-miR-6780a-5p","","",""
"GPR155","0.0779","0.328","0.235","2","hsa-miR-5698","hsa-miR-504-3p","","",""
"KCNK5","0.0794","0.328","0.238","2","hsa-miR-504-3p","hsa-miR-6780a-5p","","",""
"MKLN1","0.0823","0.328","0.243","2","hsa-miR-5698","hsa-miR-504-3p","","",""
"PLEKHA3","0.0823","0.328","0.243","2","hsa-miR-4472","hsa-miR-5698","","",""
"PPIC","0.0794","0.328","0.238","2","hsa-miR-5698","hsa-miR-504-3p","","",""
"RNF40","0.0794","0.328","0.238","2","hsa-miR-4472","hsa-miR-6076","","",""
"RPS6KA5","0.0794","0.328","0.238","2","hsa-miR-5698","hsa-miR-504-3p","","",""
"SPTLC2","0.0794","0.328","0.238","2","hsa-miR-6780a-5p","hsa-miR-4685-3p","","",""
"TIMM50","0.0808","0.328","0.240","2","hsa-miR-6780a-5p","hsa-miR-504-3p","","",""
"HDGF","0.0851","0.333","0.357","3","hsa-miR-6776-5p","hsa-miR-5572","hsa-miR-4472","",""
"RAB5C","0.0868","0.333","0.250","2","hsa-miR-6730-5p","hsa-miR-5572","","",""
"RNF19B","0.0853","0.333","0.248","2","hsa-miR-5698","hsa-miR-504-3p","","",""
"TRIM66","0.0853","0.333","0.248","2","hsa-miR-4685-3p","hsa-miR-6780a-5p","","",""
"ZSCAN22","0.0868","0.333","0.250","2","hsa-miR-4685-3p","hsa-miR-6780a-5p","","",""
"ABL2","0.0944","0.336","0.263","2","hsa-miR-5698","hsa-miR-504-3p","","",""
"CCNF","0.0898","0.336","0.255","2","hsa-miR-5698","hsa-miR-6780a-5p","","",""
"ITGA3","0.0883","0.336","0.253","2","hsa-miR-6780a-5p","hsa-miR-5698","","",""
"MTMR10","0.0898","0.336","0.255","2","hsa-miR-4685-3p","hsa-miR-6780a-5p","","",""
"NFE2L1","0.0944","0.336","0.263","2","hsa-miR-4685-3p","hsa-miR-504-3p","","",""
"PIGO","0.0929","0.336","0.260","2","hsa-miR-5698","hsa-miR-504-3p","","",""
"PLEKHM1","0.0913","0.336","0.258","2","hsa-miR-4472","hsa-miR-5698","","",""
"PRKAR2A","0.0959","0.336","0.265","2","hsa-miR-6780a-5p","hsa-miR-4685-3p","","",""
"PTBP1","0.0883","0.336","0.253","2","hsa-miR-4440","hsa-miR-6076","","",""
"RAB10","0.0959","0.336","0.265","2","hsa-miR-5698","hsa-miR-504-3p","","",""
"SLC25A33","0.0944","0.336","0.263","2","hsa-miR-5698","hsa-miR-504-3p","","",""
"SZRD1","0.0883","0.336","0.253","2","hsa-miR-4685-3p","hsa-miR-5698","","",""
"TMED10","0.0944","0.336","0.263","2","hsa-miR-5572","hsa-miR-6780a-5p","","",""
"TTLL12","0.0883","0.336","0.253","2","hsa-miR-504-3p","hsa-miR-5698","","",""
"ZFP14","0.0944","0.336","0.263","2","hsa-miR-5698","hsa-miR-504-3p","","",""
"ACTB","0.0975","0.339","0.268","2","hsa-miR-5572","hsa-miR-5698","","",""
"C16orf58","0.113","0.339","0.293","2","hsa-miR-4472","hsa-miR-6776-5p","","",""
"CALR","0.107","0.339","0.283","2","hsa-miR-4472","hsa-miR-5698","","",""
"CAPN15","0.0975","0.339","0.268","2","hsa-miR-4472","hsa-miR-4685-3p","","",""
"CRY2","0.101","0.339","0.273","2","hsa-miR-6730-5p","hsa-miR-6780a-5p","","",""
"DDX6","0.112","0.339","0.290","2","hsa-miR-4472","hsa-miR-5698","","",""
"GINM1","0.107","0.339","0.283","2","hsa-miR-5698","hsa-miR-6780a-5p","","",""
"IFNAR2","0.101","0.339","0.273","2","hsa-miR-6730-5p","hsa-miR-504-3p","","",""
"LRIG2","0.107","0.339","0.283","2","hsa-miR-6780a-5p","hsa-miR-5698","","",""
"MAFK","0.107","0.339","0.283","2","hsa-miR-504-3p","hsa-miR-6776-5p","","",""
"MLXIP","0.107","0.339","0.283","2","hsa-miR-504-3p","hsa-miR-5698","","",""
"MNT","0.0975","0.339","0.268","2","hsa-miR-6776-5p","hsa-miR-5698","","",""
"NKAP","0.101","0.339","0.273","2","hsa-miR-6780a-5p","hsa-miR-504-3p","","",""
"PTPN14","0.112","0.339","0.290","2","hsa-miR-4685-3p","hsa-miR-4443","","",""
"RACGAP1","0.105","0.339","0.280","2","hsa-miR-504-3p","hsa-miR-5698","","",""
"RRP36","0.101","0.339","0.273","2","hsa-miR-5698","hsa-miR-504-3p","","",""
"SCO1","0.0990","0.339","0.270","2","hsa-miR-5698","hsa-miR-6780a-5p","","",""
"TRAPPC2","0.110","0.339","0.288","2","hsa-miR-4443","hsa-miR-6780a-5p","","",""
"TRIM65","0.110","0.339","0.288","2","hsa-miR-6780a-5p","hsa-miR-4443","","",""
"TSKU","0.0975","0.339","0.268","2","hsa-miR-4685-3p","hsa-miR-6780a-5p","","",""
"TXNDC16","0.105","0.339","0.280","2","hsa-miR-6776-5p","hsa-miR-6780a-5p","","",""
"UGGT1","0.112","0.339","0.290","2","hsa-miR-5698","hsa-miR-6780a-5p","","",""
"VPS53","0.102","0.339","0.275","2","hsa-miR-6776-5p","hsa-miR-6780a-5p","","",""
"XIAP","0.109","0.339","0.397","3","hsa-miR-6780a-5p","hsa-miR-504-3p","hsa-miR-6776-5p","",""
"ZNF154","0.101","0.339","0.273","2","hsa-miR-504-3p","hsa-miR-5698","","",""
"ZNF703","0.110","0.339","0.288","2","hsa-miR-6780a-5p","hsa-miR-6776-5p","","",""
"ACOT9","0.123","0.342","0.308","2","hsa-miR-5698","hsa-miR-504-3p","","",""
"CEP97","0.118","0.342","0.300","2","hsa-miR-6780a-5p","hsa-miR-6776-5p","","",""
"DHODH","0.117","0.342","0.298","2","hsa-miR-6776-5p","hsa-miR-6780a-5p","","",""
"HS3ST1","0.120","0.342","0.303","2","hsa-miR-5698","hsa-miR-504-3p","","",""
"LAX1","0.117","0.342","0.298","2","hsa-miR-6780a-5p","hsa-miR-6776-5p","","",""
"MAZ","0.122","0.342","0.305","2","hsa-miR-6780a-5p","hsa-miR-4472","","",""
"MRNIP","0.125","0.342","0.310","2","hsa-miR-6780a-5p","hsa-miR-4472","","",""
"POTEG","0.127","0.342","0.313","2","hsa-miR-5698","hsa-miR-6780a-5p","","",""
"POTEM","0.125","0.342","0.310","2","hsa-miR-5698","hsa-miR-6780a-5p","","",""
"SERBP1","0.122","0.342","0.305","2","hsa-miR-4443","hsa-miR-5698","","",""
"TFDP2","0.120","0.342","0.303","2","hsa-miR-504-3p","hsa-miR-5698","","",""
"TMEM167A","0.122","0.342","0.305","2","hsa-miR-6730-5p","hsa-miR-6780a-5p","","",""
"ZNF394","0.122","0.342","0.305","2","hsa-miR-6780a-5p","hsa-miR-6776-5p","","",""
"APOL6","0.130","0.344","0.318","2","hsa-miR-5572","hsa-miR-1202","","",""
"GLUL","0.128","0.344","0.315","2","hsa-miR-504-3p","hsa-miR-6780a-5p","","",""
"HSD17B12","0.128","0.344","0.315","2","hsa-miR-5698","hsa-miR-6780a-5p","","",""
"OCIAD2","0.128","0.344","0.315","2","hsa-miR-6776-5p","hsa-miR-6780a-5p","","",""
"SLC16A1","0.132","0.344","0.320","2","hsa-miR-6730-5p","hsa-miR-1202","","",""
"SPATA2","0.130","0.344","0.318","2","hsa-miR-4685-3p","hsa-miR-6780a-5p","","",""
"FBXL18","0.133","0.347","0.323","2","hsa-miR-6780a-5p","hsa-miR-4472","","",""
"ZNF347","0.133","0.347","0.323","2","hsa-miR-504-3p","hsa-miR-5698","","",""
"ARL5B","0.135","0.349","0.325","2","hsa-miR-504-3p","hsa-miR-6780a-5p","","",""
"SETD5","0.135","0.349","0.325","2","hsa-miR-4443","hsa-miR-5698","","",""
"CNKSR3","0.151","0.351","0.348","2","hsa-miR-5572","hsa-miR-5698","","",""
"EXOSC2","0.144","0.351","0.338","2","hsa-miR-6780a-5p","hsa-miR-6776-5p","","",""
"GAN","0.144","0.351","0.338","2","hsa-miR-4685-3p","hsa-miR-6776-5p","","",""
"HSPA4L","0.154","0.351","0.353","2","hsa-miR-5698","hsa-miR-504-3p","","",""
"KIAA1456","0.144","0.351","0.338","2","hsa-miR-4472","hsa-miR-6780a-5p","","",""
"NFAT5","0.149","0.351","0.345","2","hsa-miR-4443","hsa-miR-6780a-5p","","",""
"PEG10","0.149","0.351","0.345","2","hsa-miR-4472","hsa-miR-4443","","",""
"RBM28","0.139","0.351","0.330","2","hsa-miR-1202","hsa-miR-4685-3p","","",""
"RBMS2","0.139","0.351","0.330","2","hsa-miR-6776-5p","hsa-miR-6780a-5p","","",""
"RREB1","0.151","0.351","0.348","2","hsa-miR-4472","hsa-miR-5698","","",""
"SMG1","0.149","0.351","0.345","2","hsa-miR-5698","hsa-miR-504-3p","","",""
"FAM71F2","0.161","0.354","0.363","2","hsa-miR-504-3p","hsa-miR-6780a-5p","","",""
"TMEM189-UBE2V1","0.161","0.354","0.363","2","hsa-miR-4472","hsa-miR-5698","","",""
"UBE2V1","0.160","0.354","0.360","2","hsa-miR-4472","hsa-miR-5698","","",""
"HIC2","0.163","0.356","0.365","2","hsa-miR-6776-5p","hsa-miR-504-3p","","",""
"SBNO1","0.163","0.356","0.365","2","hsa-miR-5698","hsa-miR-504-3p","","",""
"TMEM189","0.163","0.356","0.365","2","hsa-miR-4472","hsa-miR-5698","","",""
"TRIM72","0.170","0.358","0.375","2","hsa-miR-4443","hsa-miR-6780a-5p","","",""
"CRISPLD2","0.200","0.360","0.415","2","hsa-miR-6780a-5p","hsa-miR-504-3p","","",""
"LCOR","0.183","0.360","0.393","2","hsa-miR-5572","hsa-miR-4685-3p","","",""
"MLLT1","0.202","0.360","0.418","2","hsa-miR-6730-5p","hsa-miR-6780a-5p","","",""
"PRRG4","0.183","0.360","0.393","2","hsa-miR-6780a-5p","hsa-miR-6776-5p","","",""
"RBM23","0.179","0.360","0.388","2","hsa-miR-5698","hsa-miR-504-3p","","",""
"RPRD2","0.192","0.360","0.405","2","hsa-miR-6780a-5p","hsa-miR-5698","","",""
"TPM3","0.202","0.360","0.418","2","hsa-miR-6730-5p","hsa-miR-6776-5p","","",""
"VAV3","0.198","0.360","0.413","2","hsa-miR-6743-3p","hsa-miR-4685-3p","","",""
"ZBTB7A","0.178","0.360","0.385","2","hsa-miR-5698","hsa-miR-4443","","",""
"ZNF417","0.189","0.360","0.400","2","hsa-miR-6780a-5p","hsa-miR-6776-5p","","",""
"FAM241A","0.215","0.360","0.435","2","hsa-miR-6776-5p","hsa-miR-6780a-5p","","",""
"SHOC2","0.217","0.361","0.438","2","hsa-miR-4472","hsa-miR-6776-5p","","",""
"MAPKAPK5","0.224","0.363","0.448","2","hsa-miR-504-3p","hsa-miR-6780a-5p","","",""
"ARPP19","0.232","0.365","0.458","2","hsa-miR-6730-5p","hsa-miR-5698","","",""
"CYP20A1","0.228","0.365","0.453","2","hsa-miR-6780a-5p","hsa-miR-504-3p","","",""
"UBXN2A","0.230","0.365","0.455","2","hsa-miR-6780a-5p","hsa-miR-6776-5p","","",""
"COX6B1","0.234","0.367","0.460","2","hsa-miR-6780a-5p","hsa-miR-6776-5p","","",""
"KHSRP","0.239","0.367","0.468","2","hsa-miR-5698","hsa-miR-6780a-5p","","",""
"NUDT3","0.237","0.367","0.465","2","hsa-miR-504-3p","hsa-miR-5698","","",""
"MED28","0.270","0.377","0.508","2","hsa-miR-6780a-5p","hsa-miR-6776-5p","","",""
"GATA6","0.278","0.379","0.518","2","hsa-miR-5698","hsa-miR-6076","","",""
"SFT2D2","0.276","0.379","0.515","2","hsa-miR-6076","hsa-miR-6780a-5p","","",""
"LINC00598","0.281","0.380","0.523","2","hsa-miR-4685-3p","hsa-miR-6780a-5p","","",""
"ORAI2","0.291","0.385","0.535","2","hsa-miR-5698","hsa-miR-504-3p","","",""
"MIDN","0.299","0.388","0.545","2","hsa-miR-4472","hsa-miR-6730-5p","","",""
"TXNIP","0.318","0.396","0.570","2","hsa-miR-4443","hsa-miR-1202","","",""
"FEM1A","0.320","0.398","0.573","2","hsa-miR-4472","hsa-miR-6780a-5p","","",""
"IGF1R","0.351","0.414","0.613","2","hsa-miR-5572","hsa-miR-5698","","",""
"FOXK1","0.377","0.430","0.648","2","hsa-miR-6776-5p","hsa-miR-6780a-5p","","",""
"KLHL15","0.431","0.465","0.720","2","hsa-miR-1202","hsa-miR-6076","","",""
"CDKN1A","0.507","0.524","0.828","2","hsa-miR-5572","hsa-miR-6780a-5p","","",""