"Category","Subcategory","Enrichment","P-value","P-adjusted","Q-value","Observed","miRNAs/precursors"
"Annotations derived over miRTarBase (Gene Ontology)","transcription corepressor binding GO0001222","depleted","3.33e-4","3.33e-4","0.488152","5","hsa-miR-4472; hsa-miR-139-3p; hsa-miR-4647; hsa-miR-4749-5p; hsa-miR-3155b"
"Annotations derived over miRTarBase (Gene Ontology)","alpha-tubulin binding GO0043014","depleted","0.002997","0.002997","0.488152","6","hsa-miR-6769b-5p; hsa-miR-4472; hsa-miR-139-3p; hsa-miR-4647; hsa-miR-4749-5p; hsa-miR-3155b"
"Annotations derived over miRTarBase (Gene Ontology)","beta-tubulin binding GO0048487","depleted","0.002997","0.002997","0.488152","6","hsa-miR-6769b-5p; hsa-miR-4472; hsa-miR-139-3p; hsa-miR-4647; hsa-miR-4749-5p; hsa-miR-3155b"
"Annotations derived over miRTarBase (Gene Ontology)","positive regulation of GTPase activity GO0043547","depleted","0.002997","0.002997","0.488152","6","hsa-miR-6895-3p; hsa-miR-4472; hsa-miR-139-3p; hsa-miR-4647; hsa-miR-4749-5p; hsa-miR-3155b"
"Pathways (KEGG)","Glioma","depleted","0.0065268","0.0065268","0.515387","8","hsa-miR-548h-5p; hsa-miR-937-5p; hsa-miR-4439; hsa-miR-4472; hsa-miR-139-3p; hsa-miR-4647; hsa-miR-4749-5p; hsa-miR-3155b"
"Pathways (KEGG)","Parkinson disease","depleted","0.0065268","0.0065268","0.515387","8","hsa-miR-548h-5p; hsa-miR-937-5p; hsa-miR-4439; hsa-miR-4472; hsa-miR-139-3p; hsa-miR-4647; hsa-miR-4749-5p; hsa-miR-3155b"
"Annotations derived over miRTarBase (Gene Ontology)","extracellular matrix structural constituent GO0005201","depleted","0.006993","0.006993","0.488152","6","hsa-miR-6895-3p; hsa-miR-3178; hsa-miR-4472; hsa-miR-139-3p; hsa-miR-4749-5p; hsa-miR-3155b"
"Annotations derived over miRTarBase (Gene Ontology)","G-protein beta-subunit binding GO0031681","depleted","0.0087912","0.0087912","0.488152","3","hsa-miR-139-3p; hsa-miR-4647; hsa-miR-4749-5p"
"Annotations derived over miRTarBase (Gene Ontology)","L-amino acid transmembrane transporter activity GO0015179","depleted","0.0087912","0.0087912","0.488152","3","hsa-miR-139-3p; hsa-miR-4749-5p; hsa-miR-3155b"
"Annotations derived over miRTarBase (Gene Ontology)","L-leucine transmembrane transporter activity GO0015190","depleted","0.0087912","0.0087912","0.488152","3","hsa-miR-139-3p; hsa-miR-4749-5p; hsa-miR-3155b"
"Annotations derived over miRTarBase (Gene Ontology)","branching morphogenesis of an epithelial tube GO0048754","enriched","0.0087912","0.0087912","0.488152","3","hsa-miR-4462; hsa-miR-6769b-5p; hsa-miR-548h-5p"
"Annotations derived over miRTarBase (Gene Ontology)","cytoplasmic sequestering of transcription factor GO0042994","enriched","0.0087912","0.0087912","0.488152","3","hsa-miR-4462; hsa-miR-6769b-5p; hsa-miR-548h-5p"
"Annotations derived over miRTarBase (Gene Ontology)","embryonic placenta development GO0001892","enriched","0.0087912","0.0087912","0.488152","3","hsa-miR-4462; hsa-miR-6769b-5p; hsa-miR-548h-5p"
"Annotations derived over miRTarBase (Gene Ontology)","epidermal growth factor receptor signaling pathway GO0007173","depleted","0.0087912","0.0087912","0.488152","3","hsa-miR-139-3p; hsa-miR-4749-5p; hsa-miR-3155b"
"Annotations derived over miRTarBase (Gene Ontology)","isoleucine transport GO0015818","depleted","0.0087912","0.0087912","0.488152","3","hsa-miR-139-3p; hsa-miR-4749-5p; hsa-miR-3155b"
"Annotations derived over miRTarBase (Gene Ontology)","leucine transport GO0015820","depleted","0.0087912","0.0087912","0.488152","3","hsa-miR-139-3p; hsa-miR-4749-5p; hsa-miR-3155b"
"Annotations derived over miRTarBase (Gene Ontology)","methionine transport GO0015821","depleted","0.0087912","0.0087912","0.488152","3","hsa-miR-139-3p; hsa-miR-4749-5p; hsa-miR-3155b"
"Annotations derived over miRTarBase (Gene Ontology)","neutral L-amino acid transmembrane transporter activity GO0015175","depleted","0.0087912","0.0087912","0.488152","3","hsa-miR-139-3p; hsa-miR-4749-5p; hsa-miR-3155b"
"Annotations derived over miRTarBase (Gene Ontology)","phenylalanine transport GO0015823","depleted","0.0087912","0.0087912","0.488152","3","hsa-miR-139-3p; hsa-miR-4749-5p; hsa-miR-3155b"
"Annotations derived over miRTarBase (Gene Ontology)","response to UV-C GO0010225","depleted","0.0087912","0.0087912","0.488152","3","hsa-miR-139-3p; hsa-miR-4647; hsa-miR-3155b"
"Annotations derived over miRTarBase (Gene Ontology)","G protein-coupled receptor internalization GO0002031","enriched","0.0095238","0.0095238","0.488152","2","hsa-miR-4462; hsa-miR-6769b-5p"
"Annotations derived over miRTarBase (Gene Ontology)","Grb2-EGFR complex GO0070436","depleted","0.0095238","0.0095238","0.488152","2","hsa-miR-4749-5p; hsa-miR-3155b"
"Annotations derived over miRTarBase (Gene Ontology)","I-kappaB phosphorylation GO0007252","enriched","0.0095238","0.0095238","0.488152","2","hsa-miR-4462; hsa-miR-6769b-5p"
"Annotations derived over miRTarBase (Gene Ontology)","L-histidine transport GO1902024","depleted","0.0095238","0.0095238","0.488152","2","hsa-miR-4749-5p; hsa-miR-3155b"
"Annotations derived over miRTarBase (Gene Ontology)","L-leucine import across plasma membrane GO1903801","depleted","0.0095238","0.0095238","0.488152","2","hsa-miR-4749-5p; hsa-miR-3155b"
"Annotations derived over miRTarBase (Gene Ontology)","L-tryptophan transmembrane transport GO1904556","depleted","0.0095238","0.0095238","0.488152","2","hsa-miR-4749-5p; hsa-miR-3155b"
"Annotations derived over miRTarBase (Gene Ontology)","L-tryptophan transmembrane transporter activity GO0015196","depleted","0.0095238","0.0095238","0.488152","2","hsa-miR-4749-5p; hsa-miR-3155b"
"Annotations derived over miRTarBase (Gene Ontology)","adrenomedullin receptor binding GO0031700","enriched","0.0095238","0.0095238","0.488152","2","hsa-miR-4462; hsa-miR-6769b-5p"
"Annotations derived over miRTarBase (Gene Ontology)","adrenomedullin receptor signaling pathway GO1990410","enriched","0.0095238","0.0095238","0.488152","2","hsa-miR-4462; hsa-miR-6769b-5p"
"Annotations derived over miRTarBase (Gene Ontology)","amino acid transport complex GO1990184","depleted","0.0095238","0.0095238","0.488152","2","hsa-miR-4749-5p; hsa-miR-3155b"
"Annotations derived over miRTarBase (Gene Ontology)","amylin receptor signaling pathway GO0097647","enriched","0.0095238","0.0095238","0.488152","2","hsa-miR-4462; hsa-miR-6769b-5p"
"Annotations derived over miRTarBase (Gene Ontology)","aromatic amino acid transmembrane transporter activity GO0015173","depleted","0.0095238","0.0095238","0.488152","2","hsa-miR-4749-5p; hsa-miR-3155b"
"Annotations derived over miRTarBase (Gene Ontology)","cellular response to exogenous dsRNA GO0071360","depleted","0.0095238","0.0095238","0.488152","2","hsa-miR-4749-5p; hsa-miR-3155b"
"Annotations derived over miRTarBase (Gene Ontology)","external side of apical plasma membrane GO0098591","depleted","0.0095238","0.0095238","0.488152","2","hsa-miR-4749-5p; hsa-miR-3155b"
"Annotations derived over miRTarBase (Gene Ontology)","insulin receptor substrate binding GO0043560","depleted","0.0095238","0.0095238","0.488152","2","hsa-miR-4749-5p; hsa-miR-3155b"
"Annotations derived over miRTarBase (Gene Ontology)","leucine import across plasma membrane GO0098713","depleted","0.0095238","0.0095238","0.488152","2","hsa-miR-4749-5p; hsa-miR-3155b"
"Annotations derived over miRTarBase (Gene Ontology)","negative regulation of vasoconstriction GO0045906","enriched","0.0095238","0.0095238","0.488152","2","hsa-miR-4462; hsa-miR-6769b-5p"
"Annotations derived over miRTarBase (Gene Ontology)","neural crest cell migration GO0001755","depleted","0.0095238","0.0095238","0.488152","2","hsa-miR-4749-5p; hsa-miR-3155b"
"Annotations derived over miRTarBase (Gene Ontology)","phosphatase activity GO0016791","depleted","0.0095238","0.0095238","0.488152","2","hsa-miR-4749-5p; hsa-miR-3155b"
"Annotations derived over miRTarBase (Gene Ontology)","positive regulation of cytokine production involved in immune response GO0002720","depleted","0.0095238","0.0095238","0.488152","2","hsa-miR-4749-5p; hsa-miR-3155b"
"Annotations derived over miRTarBase (Gene Ontology)","positive regulation of heart rate GO0010460","enriched","0.0095238","0.0095238","0.488152","2","hsa-miR-4462; hsa-miR-6769b-5p"
"Annotations derived over miRTarBase (Gene Ontology)","positive regulation of interleukin-4 production GO0032753","depleted","0.0095238","0.0095238","0.488152","2","hsa-miR-4749-5p; hsa-miR-3155b"
"Annotations derived over miRTarBase (Gene Ontology)","positive regulation of progesterone biosynthetic process GO2000184","enriched","0.0095238","0.0095238","0.488152","2","hsa-miR-4462; hsa-miR-6769b-5p"
"Annotations derived over miRTarBase (Gene Ontology)","positive regulation of tumor necrosis factor production GO0032760","depleted","0.0095238","0.0095238","0.488152","2","hsa-miR-4749-5p; hsa-miR-3155b"
"Annotations derived over miRTarBase (Gene Ontology)","positive regulation of vasoconstriction GO0045907","depleted","0.0095238","0.0095238","0.488152","2","hsa-miR-4749-5p; hsa-miR-3155b"
"Annotations derived over miRTarBase (Gene Ontology)","regulation of systemic arterial blood pressure GO0003073","enriched","0.0095238","0.0095238","0.488152","2","hsa-miR-4462; hsa-miR-6769b-5p"
"Annotations derived over miRTarBase (Gene Ontology)","regulation of urine volume GO0035809","enriched","0.0095238","0.0095238","0.488152","2","hsa-miR-4462; hsa-miR-6769b-5p"
"Annotations derived over miRTarBase (Gene Ontology)","thyroid hormone transmembrane transporter activity GO0015349","depleted","0.0095238","0.0095238","0.488152","2","hsa-miR-4749-5p; hsa-miR-3155b"
"Annotations derived over miRTarBase (Gene Ontology)","thyroid hormone transport GO0070327","depleted","0.0095238","0.0095238","0.488152","2","hsa-miR-4749-5p; hsa-miR-3155b"
"Annotations derived over miRTarBase (Gene Ontology)","tryptophan transport GO0015827","depleted","0.0095238","0.0095238","0.488152","2","hsa-miR-4749-5p; hsa-miR-3155b"
"Annotations derived over miRTarBase (Gene Ontology)","tyrosine transport GO0015828","depleted","0.0095238","0.0095238","0.488152","2","hsa-miR-4749-5p; hsa-miR-3155b"
"Annotations derived over miRTarBase (Gene Ontology)","valine transport GO0015829","depleted","0.0095238","0.0095238","0.488152","2","hsa-miR-4749-5p; hsa-miR-3155b"
"Annotations derived over miRTarBase (Gene Ontology)","xenobiotic transport GO0042908","depleted","0.0095238","0.0095238","0.488152","2","hsa-miR-4749-5p; hsa-miR-3155b"
"Pathways (KEGG)","Mineral absorption","depleted","0.0095238","0.0095238","0.515387","2","hsa-miR-4749-5p; hsa-miR-3155b"
"Pathways (KEGG)","Proximal tubule bicarbonate reclamation","depleted","0.0095238","0.0095238","0.515387","2","hsa-miR-4749-5p; hsa-miR-3155b"
"Target genes (miRTarBase)","ADM","enriched","0.0095238","0.0095238","0.475442","2","hsa-miR-4462; hsa-miR-6769b-5p"
"Target genes (miRTarBase)","C12orf49","depleted","0.0095238","0.0095238","0.475442","2","hsa-miR-4749-5p; hsa-miR-3155b"
"Target genes (miRTarBase)","GRB2","depleted","0.0095238","0.0095238","0.475442","2","hsa-miR-4749-5p; hsa-miR-3155b"
"Target genes (miRTarBase)","SLC7A5","depleted","0.0095238","0.0095238","0.475442","2","hsa-miR-4749-5p; hsa-miR-3155b"
"Annotations derived over miRTarBase (Gene Ontology)","phosphatidylinositol biosynthetic process GO0006661","enriched","0.009657","0.009657","0.488152","5","hsa-miR-4462; hsa-miR-6769b-5p; hsa-miR-6857-3p; hsa-miR-548h-5p; hsa-miR-4439"
"Annotations derived over miRTarBase (Gene Ontology)","response to lipopolysaccharide GO0032496","depleted","0.009657","0.009657","0.488152","5","hsa-miR-3178; hsa-miR-4472; hsa-miR-4647; hsa-miR-4749-5p; hsa-miR-3155b"
"Pathways (KEGG)","Inositol phosphate metabolism","enriched","0.009657","0.009657","0.515387","5","hsa-miR-4462; hsa-miR-6769b-5p; hsa-miR-6857-3p; hsa-miR-548h-5p; hsa-miR-4439"
"Annotations derived over miRTarBase (Gene Ontology)","protein-folding chaperone binding GO0051087","depleted","0.010989","0.010989","0.488152","11","hsa-miR-6769b-5p; hsa-miR-6857-3p; hsa-miR-937-5p; hsa-miR-6895-3p; hsa-miR-3178; hsa-miR-4439; hsa-miR-4472; hsa-miR-139-3p; hsa-miR-4647; hsa-miR-4749-5p; hsa-miR-3155b"
"Annotations derived over miRTarBase (Gene Ontology)","protein sumoylation GO0016925","depleted","0.013986","0.013986","0.488152","6","hsa-miR-548h-5p; hsa-miR-4439; hsa-miR-4472; hsa-miR-139-3p; hsa-miR-4647; hsa-miR-4749-5p"
"Pathways (KEGG)","Phagosome","depleted","0.013986","0.013986","0.515387","9","hsa-miR-6769b-5p; hsa-miR-937-5p; hsa-miR-6895-3p; hsa-miR-3178; hsa-miR-4472; hsa-miR-139-3p; hsa-miR-4647; hsa-miR-4749-5p; hsa-miR-3155b"
"Annotations derived over miRTarBase (Gene Ontology)","negative regulation of protein kinase activity GO0006469","depleted","0.016317","0.016317","0.488152","7","hsa-miR-7846-3p; hsa-miR-937-5p; hsa-miR-4472; hsa-miR-139-3p; hsa-miR-4647; hsa-miR-4749-5p; hsa-miR-3155b"
"Pathways (KEGG)","Hepatocellular carcinoma","depleted","0.016317","0.016317","0.515387","7","hsa-miR-548h-5p; hsa-miR-937-5p; hsa-miR-4472; hsa-miR-139-3p; hsa-miR-4647; hsa-miR-4749-5p; hsa-miR-3155b"
"Expressed in tissue (Tissue Atlas)","adipocyte","depleted","0.016317","0.016317","0.0180653","7","hsa-miR-4462; hsa-miR-937-5p; hsa-miR-4472; hsa-miR-139-3p; hsa-miR-4647; hsa-miR-4749-5p; hsa-miR-3155b"
"Expressed in tissue (Tissue Atlas)","arachnoid mater","depleted","0.016317","0.016317","0.0180653","7","hsa-miR-4462; hsa-miR-937-5p; hsa-miR-4472; hsa-miR-139-3p; hsa-miR-4647; hsa-miR-4749-5p; hsa-miR-3155b"
"Expressed in tissue (Tissue Atlas)","artery","depleted","0.016317","0.016317","0.0180653","7","hsa-miR-4462; hsa-miR-937-5p; hsa-miR-4472; hsa-miR-139-3p; hsa-miR-4647; hsa-miR-4749-5p; hsa-miR-3155b"
"Expressed in tissue (Tissue Atlas)","bladder","depleted","0.016317","0.016317","0.0180653","7","hsa-miR-4462; hsa-miR-937-5p; hsa-miR-4472; hsa-miR-139-3p; hsa-miR-4647; hsa-miR-4749-5p; hsa-miR-3155b"
"Expressed in tissue (Tissue Atlas)","bone","depleted","0.016317","0.016317","0.0180653","7","hsa-miR-4462; hsa-miR-937-5p; hsa-miR-4472; hsa-miR-139-3p; hsa-miR-4647; hsa-miR-4749-5p; hsa-miR-3155b"
"Expressed in tissue (Tissue Atlas)","brain","depleted","0.016317","0.016317","0.0180653","7","hsa-miR-4462; hsa-miR-937-5p; hsa-miR-4472; hsa-miR-139-3p; hsa-miR-4647; hsa-miR-4749-5p; hsa-miR-3155b"
"Expressed in tissue (Tissue Atlas)","colon","depleted","0.016317","0.016317","0.0180653","7","hsa-miR-4462; hsa-miR-937-5p; hsa-miR-4472; hsa-miR-139-3p; hsa-miR-4647; hsa-miR-4749-5p; hsa-miR-3155b"
"Expressed in tissue (Tissue Atlas)","dura mater","depleted","0.016317","0.016317","0.0180653","7","hsa-miR-4462; hsa-miR-937-5p; hsa-miR-4472; hsa-miR-139-3p; hsa-miR-4647; hsa-miR-4749-5p; hsa-miR-3155b"
"Expressed in tissue (Tissue Atlas)","epididymis","depleted","0.016317","0.016317","0.0180653","7","hsa-miR-4462; hsa-miR-937-5p; hsa-miR-4472; hsa-miR-139-3p; hsa-miR-4647; hsa-miR-4749-5p; hsa-miR-3155b"
"Expressed in tissue (Tissue Atlas)","esophagus","depleted","0.016317","0.016317","0.0180653","7","hsa-miR-4462; hsa-miR-937-5p; hsa-miR-4472; hsa-miR-139-3p; hsa-miR-4647; hsa-miR-4749-5p; hsa-miR-3155b"
"Expressed in tissue (Tissue Atlas)","fascia","depleted","0.016317","0.016317","0.0180653","7","hsa-miR-4462; hsa-miR-937-5p; hsa-miR-4472; hsa-miR-139-3p; hsa-miR-4647; hsa-miR-4749-5p; hsa-miR-3155b"
"Expressed in tissue (Tissue Atlas)","gallbladder","depleted","0.016317","0.016317","0.0180653","7","hsa-miR-4462; hsa-miR-937-5p; hsa-miR-4472; hsa-miR-139-3p; hsa-miR-4647; hsa-miR-4749-5p; hsa-miR-3155b"
"Expressed in tissue (Tissue Atlas)","liver","depleted","0.016317","0.016317","0.0180653","7","hsa-miR-4462; hsa-miR-937-5p; hsa-miR-4472; hsa-miR-139-3p; hsa-miR-4647; hsa-miR-4749-5p; hsa-miR-3155b"
"Expressed in tissue (Tissue Atlas)","lung","depleted","0.016317","0.016317","0.0180653","7","hsa-miR-4462; hsa-miR-937-5p; hsa-miR-4472; hsa-miR-139-3p; hsa-miR-4647; hsa-miR-4749-5p; hsa-miR-3155b"
"Expressed in tissue (Tissue Atlas)","lymph node","depleted","0.016317","0.016317","0.0180653","7","hsa-miR-4462; hsa-miR-937-5p; hsa-miR-4472; hsa-miR-139-3p; hsa-miR-4647; hsa-miR-4749-5p; hsa-miR-3155b"
"Expressed in tissue (Tissue Atlas)","muscle","depleted","0.016317","0.016317","0.0180653","7","hsa-miR-4462; hsa-miR-937-5p; hsa-miR-4472; hsa-miR-139-3p; hsa-miR-4647; hsa-miR-4749-5p; hsa-miR-3155b"
"Expressed in tissue (Tissue Atlas)","myocardium","depleted","0.016317","0.016317","0.0180653","7","hsa-miR-4462; hsa-miR-937-5p; hsa-miR-4472; hsa-miR-139-3p; hsa-miR-4647; hsa-miR-4749-5p; hsa-miR-3155b"
"Expressed in tissue (Tissue Atlas)","nerve","depleted","0.016317","0.016317","0.0180653","7","hsa-miR-4462; hsa-miR-937-5p; hsa-miR-4472; hsa-miR-139-3p; hsa-miR-4647; hsa-miR-4749-5p; hsa-miR-3155b"
"Expressed in tissue (Tissue Atlas)","pancreas","depleted","0.016317","0.016317","0.0180653","7","hsa-miR-4462; hsa-miR-937-5p; hsa-miR-4472; hsa-miR-139-3p; hsa-miR-4647; hsa-miR-4749-5p; hsa-miR-3155b"
"Expressed in tissue (Tissue Atlas)","pleura","depleted","0.016317","0.016317","0.0180653","7","hsa-miR-4462; hsa-miR-937-5p; hsa-miR-4472; hsa-miR-139-3p; hsa-miR-4647; hsa-miR-4749-5p; hsa-miR-3155b"
"Expressed in tissue (Tissue Atlas)","prostate","depleted","0.016317","0.016317","0.0180653","7","hsa-miR-4462; hsa-miR-937-5p; hsa-miR-4472; hsa-miR-139-3p; hsa-miR-4647; hsa-miR-4749-5p; hsa-miR-3155b"
"Expressed in tissue (Tissue Atlas)","skin","depleted","0.016317","0.016317","0.0180653","7","hsa-miR-4462; hsa-miR-937-5p; hsa-miR-4472; hsa-miR-139-3p; hsa-miR-4647; hsa-miR-4749-5p; hsa-miR-3155b"
"Expressed in tissue (Tissue Atlas)","spinal cord","depleted","0.016317","0.016317","0.0180653","7","hsa-miR-4462; hsa-miR-937-5p; hsa-miR-4472; hsa-miR-139-3p; hsa-miR-4647; hsa-miR-4749-5p; hsa-miR-3155b"
"Expressed in tissue (Tissue Atlas)","spleen","depleted","0.016317","0.016317","0.0180653","7","hsa-miR-4462; hsa-miR-937-5p; hsa-miR-4472; hsa-miR-139-3p; hsa-miR-4647; hsa-miR-4749-5p; hsa-miR-3155b"
"Expressed in tissue (Tissue Atlas)","testis","depleted","0.016317","0.016317","0.0180653","7","hsa-miR-4462; hsa-miR-937-5p; hsa-miR-4472; hsa-miR-139-3p; hsa-miR-4647; hsa-miR-4749-5p; hsa-miR-3155b"
"Expressed in tissue (Tissue Atlas)","thyroid","depleted","0.016317","0.016317","0.0180653","7","hsa-miR-4462; hsa-miR-937-5p; hsa-miR-4472; hsa-miR-139-3p; hsa-miR-4647; hsa-miR-4749-5p; hsa-miR-3155b"
"Expressed in tissue (Tissue Atlas)","tunica albuginea","depleted","0.016317","0.016317","0.0180653","7","hsa-miR-4462; hsa-miR-937-5p; hsa-miR-4472; hsa-miR-139-3p; hsa-miR-4647; hsa-miR-4749-5p; hsa-miR-3155b"
"Expressed in tissue (Tissue Atlas)","vein","depleted","0.016317","0.016317","0.0180653","7","hsa-miR-4462; hsa-miR-937-5p; hsa-miR-4472; hsa-miR-139-3p; hsa-miR-4647; hsa-miR-4749-5p; hsa-miR-3155b"
"Annotations derived over miRTarBase (Gene Ontology)","intrinsic apoptotic signaling pathway in response to endoplasmic reticulum stress GO0070059","enriched","0.0175824","0.0175824","0.488152","4","hsa-miR-4462; hsa-miR-6769b-5p; hsa-miR-6857-3p; hsa-miR-4472"
"Annotations derived over miRTarBase (Gene Ontology)","MHC class I peptide loading complex GO0042824","depleted","0.021978","0.021978","0.488152","3","hsa-miR-4472; hsa-miR-139-3p; hsa-miR-4749-5p"
"Annotations derived over miRTarBase (Gene Ontology)","U4U6 x U5 tri-snRNP complex GO0046540","depleted","0.021978","0.021978","0.488152","3","hsa-miR-4472; hsa-miR-139-3p; hsa-miR-3155b"
"Annotations derived over miRTarBase (Gene Ontology)","U4 snRNP GO0005687","depleted","0.021978","0.021978","0.488152","3","hsa-miR-4472; hsa-miR-4647; hsa-miR-3155b"
"Annotations derived over miRTarBase (Gene Ontology)","negative regulation of amyloid-beta formation GO1902430","depleted","0.021978","0.021978","0.488152","3","hsa-miR-4472; hsa-miR-4647; hsa-miR-4749-5p"
"Annotations derived over miRTarBase (Gene Ontology)","negative regulation of trophoblast cell migration GO1901164","depleted","0.021978","0.021978","0.488152","3","hsa-miR-4472; hsa-miR-4647; hsa-miR-4749-5p"
"Annotations derived over miRTarBase (Gene Ontology)","nuclear androgen receptor binding GO0050681","depleted","0.021978","0.021978","0.488152","3","hsa-miR-4472; hsa-miR-139-3p; hsa-miR-4749-5p"
"Annotations derived over miRTarBase (Gene Ontology)","signal complex assembly GO0007172","depleted","0.021978","0.021978","0.488152","3","hsa-miR-4472; hsa-miR-139-3p; hsa-miR-3155b"
"Annotations derived over miRTarBase (Gene Ontology)","spermatid nucleus differentiation GO0007289","depleted","0.021978","0.021978","0.488152","3","hsa-miR-4472; hsa-miR-4647; hsa-miR-3155b"
"Annotations derived over miRTarBase (Gene Ontology)","structural constituent of muscle GO0008307","depleted","0.021978","0.021978","0.488152","3","hsa-miR-4472; hsa-miR-139-3p; hsa-miR-4647"
"Pathways (KEGG)","Mucin type O-glycan biosynthesis","depleted","0.021978","0.021978","0.515387","3","hsa-miR-4472; hsa-miR-139-3p; hsa-miR-3155b"
"GO Molecular function (miRPathDB)","organic cyclic compound binding","enriched","0.021978","0.021978","0.376344","3","hsa-miR-6769b-5p; hsa-miR-548h-5p; hsa-miR-7846-3p"
"Pathways (KEGG)","Central carbon metabolism in cancer","depleted","0.027972","0.027972","0.515387","8","hsa-miR-6769b-5p; hsa-miR-548h-5p; hsa-miR-937-5p; hsa-miR-4472; hsa-miR-139-3p; hsa-miR-4647; hsa-miR-4749-5p; hsa-miR-3155b"
"Pathways (KEGG)","Signaling pathways regulating pluripotency of stem cells","depleted","0.027972","0.027972","0.515387","8","hsa-miR-6769b-5p; hsa-miR-548h-5p; hsa-miR-937-5p; hsa-miR-4472; hsa-miR-139-3p; hsa-miR-4647; hsa-miR-4749-5p; hsa-miR-3155b"
"Expressed in tissue (Tissue Atlas)","kidney","depleted","0.027972","0.027972","0.027972","8","hsa-miR-4462; hsa-miR-937-5p; hsa-miR-3178; hsa-miR-4472; hsa-miR-139-3p; hsa-miR-4647; hsa-miR-4749-5p; hsa-miR-3155b"
"Expressed in tissue (Tissue Atlas)","small intestine","depleted","0.027972","0.027972","0.027972","8","hsa-miR-4462; hsa-miR-937-5p; hsa-miR-3178; hsa-miR-4472; hsa-miR-139-3p; hsa-miR-4647; hsa-miR-4749-5p; hsa-miR-3155b"
"Expressed in tissue (Tissue Atlas)","stomach","depleted","0.027972","0.027972","0.027972","8","hsa-miR-4462; hsa-miR-937-5p; hsa-miR-3178; hsa-miR-4472; hsa-miR-139-3p; hsa-miR-4647; hsa-miR-4749-5p; hsa-miR-3155b"
"Annotations derived over miRTarBase (Gene Ontology)","ESCEZ complex GO0035098","depleted","0.0285714","0.0285714","0.488152","2","hsa-miR-4647; hsa-miR-3155b"
"Annotations derived over miRTarBase (Gene Ontology)","L-glutamine transmembrane transporter activity GO0015186","enriched","0.0285714","0.0285714","0.488152","2","hsa-miR-6769b-5p; hsa-miR-6857-3p"
"Annotations derived over miRTarBase (Gene Ontology)","acetyl-CoA carboxylase activity GO0003989","enriched","0.0285714","0.0285714","0.488152","2","hsa-miR-6769b-5p; hsa-miR-6857-3p"
"Annotations derived over miRTarBase (Gene Ontology)","acetyl-CoA metabolic process GO0006084","enriched","0.0285714","0.0285714","0.488152","2","hsa-miR-6769b-5p; hsa-miR-6857-3p"
"Annotations derived over miRTarBase (Gene Ontology)","adipose tissue development GO0060612","depleted","0.0285714","0.0285714","0.488152","2","hsa-miR-4647; hsa-miR-4749-5p"
"Annotations derived over miRTarBase (Gene Ontology)","branching involved in ureteric bud morphogenesis GO0001658","depleted","0.0285714","0.0285714","0.488152","2","hsa-miR-4647; hsa-miR-4749-5p"
"Annotations derived over miRTarBase (Gene Ontology)","chromosome organization GO0051276","depleted","0.0285714","0.0285714","0.488152","2","hsa-miR-4647; hsa-miR-3155b"
"Annotations derived over miRTarBase (Gene Ontology)","fatty-acyl-CoA biosynthetic process GO0046949","enriched","0.0285714","0.0285714","0.488152","2","hsa-miR-6769b-5p; hsa-miR-6857-3p"
"Annotations derived over miRTarBase (Gene Ontology)","glutamine transport GO0006868","enriched","0.0285714","0.0285714","0.488152","2","hsa-miR-6769b-5p; hsa-miR-6857-3p"
"Annotations derived over miRTarBase (Gene Ontology)","membrane repolarization GO0086009","depleted","0.0285714","0.0285714","0.488152","2","hsa-miR-4647; hsa-miR-3155b"
"Annotations derived over miRTarBase (Gene Ontology)","mitochondrial translational elongation GO0070125","depleted","0.0285714","0.0285714","0.488152","2","hsa-miR-4647; hsa-miR-4749-5p"
"Annotations derived over miRTarBase (Gene Ontology)","nuclear steroid receptor activity GO0003707","depleted","0.0285714","0.0285714","0.488152","2","hsa-miR-4647; hsa-miR-3155b"
"Annotations derived over miRTarBase (Gene Ontology)","positive regulation of cell-matrix adhesion GO0001954","depleted","0.0285714","0.0285714","0.488152","2","hsa-miR-4647; hsa-miR-3155b"
"Annotations derived over miRTarBase (Gene Ontology)","positive regulation of chemokine C-X-C motif ligand 1 production GO2000340","depleted","0.0285714","0.0285714","0.488152","2","hsa-miR-4647; hsa-miR-3155b"
"Annotations derived over miRTarBase (Gene Ontology)","pre-miRNA binding GO0070883","depleted","0.0285714","0.0285714","0.488152","2","hsa-miR-4647; hsa-miR-3155b"
"Annotations derived over miRTarBase (Gene Ontology)","protein localization to basolateral plasma membrane GO1903361","depleted","0.0285714","0.0285714","0.488152","2","hsa-miR-4647; hsa-miR-3155b"
"Annotations derived over miRTarBase (Gene Ontology)","regulation of cellular response to stress GO0080135","enriched","0.0285714","0.0285714","0.488152","2","hsa-miR-6769b-5p; hsa-miR-6857-3p"
"Annotations derived over miRTarBase (Gene Ontology)","regulation of defense response to virus by host GO0050691","depleted","0.0285714","0.0285714","0.488152","2","hsa-miR-4647; hsa-miR-3155b"
"Annotations derived over miRTarBase (Gene Ontology)","translation factor activity, RNA binding GO0008135","depleted","0.0285714","0.0285714","0.488152","2","hsa-miR-4647; hsa-miR-3155b"
"Pathways (KEGG)","Fatty acid biosynthesis","enriched","0.0285714","0.0285714","0.515387","2","hsa-miR-6769b-5p; hsa-miR-6857-3p"
"Target genes (miRTarBase)","ACACA","enriched","0.0285714","0.0285714","0.475442","2","hsa-miR-6769b-5p; hsa-miR-6857-3p"
"Target genes (miRTarBase)","NUCB1","enriched","0.0285714","0.0285714","0.475442","2","hsa-miR-6769b-5p; hsa-miR-6857-3p"
"Target genes (miRTarBase)","ZNF347","depleted","0.0285714","0.0285714","0.475442","2","hsa-miR-4647; hsa-miR-3155b"
"Annotations derived over miRTarBase (Gene Ontology)","basal plasma membrane GO0009925","depleted","0.030303","0.030303","0.488152","5","hsa-miR-6769b-5p; hsa-miR-4472; hsa-miR-139-3p; hsa-miR-4749-5p; hsa-miR-3155b"
"Annotations derived over miRTarBase (Gene Ontology)","cyclin-dependent protein kinase holoenzyme complex GO0000307","depleted","0.030303","0.030303","0.488152","5","hsa-miR-548h-5p; hsa-miR-4472; hsa-miR-139-3p; hsa-miR-4647; hsa-miR-3155b"
"Annotations derived over miRTarBase (Gene Ontology)","fat cell differentiation GO0045444","depleted","0.030303","0.030303","0.488152","5","hsa-miR-6895-3p; hsa-miR-4472; hsa-miR-139-3p; hsa-miR-4749-5p; hsa-miR-3155b"
"Annotations derived over miRTarBase (Gene Ontology)","filopodium GO0030175","depleted","0.030303","0.030303","0.488152","5","hsa-miR-6895-3p; hsa-miR-4472; hsa-miR-139-3p; hsa-miR-4749-5p; hsa-miR-3155b"
"Annotations derived over miRTarBase (Gene Ontology)","peptide antigen binding GO0042605","depleted","0.030303","0.030303","0.488152","5","hsa-miR-6895-3p; hsa-miR-4472; hsa-miR-139-3p; hsa-miR-4749-5p; hsa-miR-3155b"
"Annotations derived over miRTarBase (Gene Ontology)","phagocytic vesicle membrane GO0030670","depleted","0.030303","0.030303","0.488152","5","hsa-miR-6895-3p; hsa-miR-3178; hsa-miR-4472; hsa-miR-139-3p; hsa-miR-4749-5p"
"Annotations derived over miRTarBase (Gene Ontology)","phosphotyrosine residue binding GO0001784","depleted","0.030303","0.030303","0.488152","5","hsa-miR-6895-3p; hsa-miR-3178; hsa-miR-4472; hsa-miR-4749-5p; hsa-miR-3155b"
"Annotations derived over miRTarBase (Gene Ontology)","response to virus GO0009615","depleted","0.030303","0.030303","0.488152","5","hsa-miR-6895-3p; hsa-miR-3178; hsa-miR-4472; hsa-miR-4647; hsa-miR-4749-5p"
"Annotations derived over miRTarBase (Gene Ontology)","unfolded protein binding GO0051082","depleted","0.030303","0.030303","0.488152","10","hsa-miR-6857-3p; hsa-miR-548h-5p; hsa-miR-937-5p; hsa-miR-3178; hsa-miR-4439; hsa-miR-4472; hsa-miR-139-3p; hsa-miR-4647; hsa-miR-4749-5p; hsa-miR-3155b"
"Pathways (KEGG)","Retrograde endocannabinoid signaling","depleted","0.030303","0.030303","0.515387","5","hsa-miR-548h-5p; hsa-miR-4472; hsa-miR-4647; hsa-miR-4749-5p; hsa-miR-3155b"
"Annotations derived over miRTarBase (Gene Ontology)","p53 binding GO0002039","enriched","0.0305694","0.0305694","0.488152","9","hsa-miR-6769b-5p; hsa-miR-6857-3p; hsa-miR-548h-5p; hsa-miR-7846-3p; hsa-miR-937-5p; hsa-miR-6895-3p; hsa-miR-3178; hsa-miR-4439; hsa-miR-4472"
"Annotations derived over miRTarBase (Gene Ontology)","site of double-strand break GO0035861","depleted","0.0305694","0.0305694","0.488152","6","hsa-miR-6769b-5p; hsa-miR-548h-5p; hsa-miR-139-3p; hsa-miR-4647; hsa-miR-4749-5p; hsa-miR-3155b"
"Annotations derived over miRTarBase (Gene Ontology)","small GTPase binding GO0031267","enriched","0.0305694","0.0305694","0.488152","9","hsa-miR-4462; hsa-miR-6769b-5p; hsa-miR-6857-3p; hsa-miR-548h-5p; hsa-miR-7846-3p; hsa-miR-6869-3p; hsa-miR-6895-3p; hsa-miR-4439; hsa-miR-4472"
"Pathways (KEGG)","JAK-STAT signaling pathway","depleted","0.0305694","0.0305694","0.515387","9","hsa-miR-6857-3p; hsa-miR-548h-5p; hsa-miR-6895-3p; hsa-miR-4439; hsa-miR-4472; hsa-miR-139-3p; hsa-miR-4647; hsa-miR-4749-5p; hsa-miR-3155b"
"Pathways (KEGG)","Neuroactive ligand-receptor interaction","enriched","0.0305694","0.0305694","0.515387","6","hsa-miR-4462; hsa-miR-6769b-5p; hsa-miR-6857-3p; hsa-miR-548h-5p; hsa-miR-6895-3p; hsa-miR-4749-5p"
"Pathways (KEGG)","Phospholipase D signaling pathway","depleted","0.0305694","0.0305694","0.515387","6","hsa-miR-6769b-5p; hsa-miR-548h-5p; hsa-miR-139-3p; hsa-miR-4647; hsa-miR-4749-5p; hsa-miR-3155b"
"Annotations derived over miRTarBase (Gene Ontology)","DNA-binding transcription activator activity GO0001216","depleted","0.0315018","0.0315018","0.488152","4","hsa-miR-3178; hsa-miR-4472; hsa-miR-139-3p; hsa-miR-4647"
"Annotations derived over miRTarBase (Gene Ontology)","RNA polymerase II transcription regulatory region sequence-specific DNA binding GO0000977","depleted","0.0315018","0.0315018","0.488152","11","hsa-miR-6769b-5p; hsa-miR-6857-3p; hsa-miR-548h-5p; hsa-miR-6895-3p; hsa-miR-3178; hsa-miR-4439; hsa-miR-4472; hsa-miR-139-3p; hsa-miR-4647; hsa-miR-4749-5p; hsa-miR-3155b"
"Annotations derived over miRTarBase (Gene Ontology)","cilium GO0005929","depleted","0.0315018","0.0315018","0.488152","11","hsa-miR-4462; hsa-miR-6769b-5p; hsa-miR-548h-5p; hsa-miR-6895-3p; hsa-miR-3178; hsa-miR-4439; hsa-miR-4472; hsa-miR-139-3p; hsa-miR-4647; hsa-miR-4749-5p; hsa-miR-3155b"
"Annotations derived over miRTarBase (Gene Ontology)","positive regulation of peptidyl-tyrosine phosphorylation GO0050731","enriched","0.0315018","0.0315018","0.488152","4","hsa-miR-6769b-5p; hsa-miR-548h-5p; hsa-miR-7846-3p; hsa-miR-937-5p"
"Annotations derived over miRTarBase (Gene Ontology)","cytoplasmic vesicle GO0031410","depleted","0.043512","0.043512","0.488152","7","hsa-miR-6769b-5p; hsa-miR-6895-3p; hsa-miR-3178; hsa-miR-4472; hsa-miR-4647; hsa-miR-4749-5p; hsa-miR-3155b"
"Annotations derived over miRTarBase (Gene Ontology)","endocytic recycling GO0032456","depleted","0.043512","0.043512","0.488152","8","hsa-miR-6857-3p; hsa-miR-7846-3p; hsa-miR-3178; hsa-miR-4439; hsa-miR-4472; hsa-miR-139-3p; hsa-miR-4647; hsa-miR-4749-5p"
"Annotations derived over miRTarBase (Gene Ontology)","growth cone GO0030426","depleted","0.043512","0.043512","0.488152","7","hsa-miR-6857-3p; hsa-miR-6895-3p; hsa-miR-4439; hsa-miR-4472; hsa-miR-139-3p; hsa-miR-4749-5p; hsa-miR-3155b"
"Annotations derived over miRTarBase (Gene Ontology)","multicellular organism development GO0007275","depleted","0.043512","0.043512","0.488152","7","hsa-miR-6857-3p; hsa-miR-6895-3p; hsa-miR-3178; hsa-miR-4439; hsa-miR-4472; hsa-miR-139-3p; hsa-miR-4647"
"Annotations derived over miRTarBase (Gene Ontology)","peptidyl-threonine phosphorylation GO0018107","depleted","0.043512","0.043512","0.488152","7","hsa-miR-6769b-5p; hsa-miR-6895-3p; hsa-miR-3178; hsa-miR-4472; hsa-miR-139-3p; hsa-miR-4647; hsa-miR-4749-5p"
"Annotations derived over miRTarBase (Gene Ontology)","substrate adhesion-dependent cell spreading GO0034446","depleted","0.043512","0.043512","0.488152","7","hsa-miR-6769b-5p; hsa-miR-6895-3p; hsa-miR-3178; hsa-miR-4472; hsa-miR-139-3p; hsa-miR-4749-5p; hsa-miR-3155b"
"Pathways (KEGG)","Adrenergic signaling in cardiomyocytes","depleted","0.043512","0.043512","0.515387","7","hsa-miR-6769b-5p; hsa-miR-6895-3p; hsa-miR-3178; hsa-miR-4439; hsa-miR-4472; hsa-miR-4749-5p; hsa-miR-3155b"
"Annotations derived over miRTarBase (Gene Ontology)","ATP binding GO0005524","depleted","0.043956","0.043956","0.488152","12","hsa-miR-6769b-5p; hsa-miR-6857-3p; hsa-miR-548h-5p; hsa-miR-937-5p; hsa-miR-6895-3p; hsa-miR-3178; hsa-miR-4439; hsa-miR-4472; hsa-miR-139-3p; hsa-miR-4647; hsa-miR-4749-5p; hsa-miR-3155b"
"Annotations derived over miRTarBase (Gene Ontology)","DNA damage response GO0006974","depleted","0.043956","0.043956","0.488152","12","hsa-miR-6769b-5p; hsa-miR-6857-3p; hsa-miR-548h-5p; hsa-miR-937-5p; hsa-miR-6895-3p; hsa-miR-3178; hsa-miR-4439; hsa-miR-4472; hsa-miR-139-3p; hsa-miR-4647; hsa-miR-4749-5p; hsa-miR-3155b"
"Annotations derived over miRTarBase (Gene Ontology)","bone development GO0060348","depleted","0.043956","0.043956","0.488152","3","hsa-miR-4439; hsa-miR-4749-5p; hsa-miR-3155b"
"Annotations derived over miRTarBase (Gene Ontology)","calcium ion import across plasma membrane GO0098703","depleted","0.043956","0.043956","0.488152","3","hsa-miR-4439; hsa-miR-4647; hsa-miR-4749-5p"
"Annotations derived over miRTarBase (Gene Ontology)","cell surface GO0009986","depleted","0.043956","0.043956","0.488152","12","hsa-miR-6769b-5p; hsa-miR-6857-3p; hsa-miR-548h-5p; hsa-miR-937-5p; hsa-miR-6895-3p; hsa-miR-3178; hsa-miR-4439; hsa-miR-4472; hsa-miR-139-3p; hsa-miR-4647; hsa-miR-4749-5p; hsa-miR-3155b"
"Annotations derived over miRTarBase (Gene Ontology)","intracellular signal transduction GO0035556","depleted","0.043956","0.043956","0.488152","12","hsa-miR-6857-3p; hsa-miR-548h-5p; hsa-miR-7846-3p; hsa-miR-937-5p; hsa-miR-6895-3p; hsa-miR-3178; hsa-miR-4439; hsa-miR-4472; hsa-miR-139-3p; hsa-miR-4647; hsa-miR-4749-5p; hsa-miR-3155b"
"Annotations derived over miRTarBase (Gene Ontology)","nuclear speck GO0016607","depleted","0.043956","0.043956","0.488152","12","hsa-miR-6857-3p; hsa-miR-548h-5p; hsa-miR-7846-3p; hsa-miR-937-5p; hsa-miR-6895-3p; hsa-miR-3178; hsa-miR-4439; hsa-miR-4472; hsa-miR-139-3p; hsa-miR-4647; hsa-miR-4749-5p; hsa-miR-3155b"
"Annotations derived over miRTarBase (Gene Ontology)","peptidyl-prolyl cis-trans isomerase activity GO0003755","depleted","0.043956","0.043956","0.488152","3","hsa-miR-4439; hsa-miR-4472; hsa-miR-4647"
"Annotations derived over miRTarBase (Gene Ontology)","positive regulation of cell migration GO0030335","depleted","0.043956","0.043956","0.488152","12","hsa-miR-6769b-5p; hsa-miR-6857-3p; hsa-miR-548h-5p; hsa-miR-937-5p; hsa-miR-6895-3p; hsa-miR-3178; hsa-miR-4439; hsa-miR-4472; hsa-miR-139-3p; hsa-miR-4647; hsa-miR-4749-5p; hsa-miR-3155b"
"Annotations derived over miRTarBase (Gene Ontology)","positive regulation of gene expression GO0010628","depleted","0.043956","0.043956","0.488152","12","hsa-miR-6769b-5p; hsa-miR-6857-3p; hsa-miR-548h-5p; hsa-miR-937-5p; hsa-miR-6895-3p; hsa-miR-3178; hsa-miR-4439; hsa-miR-4472; hsa-miR-139-3p; hsa-miR-4647; hsa-miR-4749-5p; hsa-miR-3155b"
"Annotations derived over miRTarBase (Gene Ontology)","protein stabilization GO0050821","depleted","0.043956","0.043956","0.488152","12","hsa-miR-6769b-5p; hsa-miR-6857-3p; hsa-miR-548h-5p; hsa-miR-937-5p; hsa-miR-6895-3p; hsa-miR-3178; hsa-miR-4439; hsa-miR-4472; hsa-miR-139-3p; hsa-miR-4647; hsa-miR-4749-5p; hsa-miR-3155b"
"Annotations derived over miRTarBase (Gene Ontology)","regulation of cytokinesis GO0032465","depleted","0.043956","0.043956","0.488152","3","hsa-miR-4439; hsa-miR-4472; hsa-miR-139-3p"
"Annotations derived over miRTarBase (Gene Ontology)","regulation of filopodium assembly GO0051489","depleted","0.043956","0.043956","0.488152","3","hsa-miR-4439; hsa-miR-139-3p; hsa-miR-4749-5p"
"Pathways (KEGG)","Breast cancer","depleted","0.043956","0.043956","0.515387","12","hsa-miR-6769b-5p; hsa-miR-6857-3p; hsa-miR-548h-5p; hsa-miR-937-5p; hsa-miR-6895-3p; hsa-miR-3178; hsa-miR-4439; hsa-miR-4472; hsa-miR-139-3p; hsa-miR-4647; hsa-miR-4749-5p; hsa-miR-3155b"
"Pathways (KEGG)","Human T-cell leukemia virus 1 infection","depleted","0.043956","0.043956","0.515387","12","hsa-miR-6769b-5p; hsa-miR-6857-3p; hsa-miR-548h-5p; hsa-miR-937-5p; hsa-miR-6895-3p; hsa-miR-3178; hsa-miR-4439; hsa-miR-4472; hsa-miR-139-3p; hsa-miR-4647; hsa-miR-4749-5p; hsa-miR-3155b"
"Pathways (KEGG)","PI3K-Akt signaling pathway","depleted","0.043956","0.043956","0.515387","12","hsa-miR-6769b-5p; hsa-miR-6857-3p; hsa-miR-548h-5p; hsa-miR-937-5p; hsa-miR-6895-3p; hsa-miR-3178; hsa-miR-4439; hsa-miR-4472; hsa-miR-139-3p; hsa-miR-4647; hsa-miR-4749-5p; hsa-miR-3155b"
"Pathways (KEGG)","Shigellosis","depleted","0.043956","0.043956","0.515387","12","hsa-miR-6769b-5p; hsa-miR-6857-3p; hsa-miR-548h-5p; hsa-miR-937-5p; hsa-miR-6895-3p; hsa-miR-3178; hsa-miR-4439; hsa-miR-4472; hsa-miR-139-3p; hsa-miR-4647; hsa-miR-4749-5p; hsa-miR-3155b"
"Annotations derived over miRTarBase (Gene Ontology)","MLL34 complex GO0044666","depleted","0.0473526","0.0473526","0.488152","6","hsa-miR-6857-3p; hsa-miR-3178; hsa-miR-4439; hsa-miR-4472; hsa-miR-4749-5p; hsa-miR-3155b"
"Annotations derived over miRTarBase (Gene Ontology)","cell projection GO0042995","depleted","0.0473526","0.0473526","0.488152","6","hsa-miR-548h-5p; hsa-miR-3178; hsa-miR-4472; hsa-miR-4647; hsa-miR-4749-5p; hsa-miR-3155b"
"Annotations derived over miRTarBase (Gene Ontology)","chromosome, telomeric region GO0000781","depleted","0.0473526","0.0473526","0.488152","9","hsa-miR-6769b-5p; hsa-miR-548h-5p; hsa-miR-6895-3p; hsa-miR-3178; hsa-miR-4472; hsa-miR-139-3p; hsa-miR-4647; hsa-miR-4749-5p; hsa-miR-3155b"
"Annotations derived over miRTarBase (Gene Ontology)","phosphatidylinositol-4,5-bisphosphate binding GO0005546","depleted","0.0473526","0.0473526","0.488152","6","hsa-miR-6769b-5p; hsa-miR-3178; hsa-miR-4472; hsa-miR-139-3p; hsa-miR-4749-5p; hsa-miR-3155b"
"Pathways (KEGG)","Chemokine signaling pathway","depleted","0.0473526","0.0473526","0.515387","9","hsa-miR-6769b-5p; hsa-miR-548h-5p; hsa-miR-6895-3p; hsa-miR-3178; hsa-miR-4472; hsa-miR-139-3p; hsa-miR-4647; hsa-miR-4749-5p; hsa-miR-3155b"
"Annotations derived over miRTarBase (Gene Ontology)","amino acid transmembrane transporter activity GO0015171","depleted","0.0490842","0.0490842","0.488152","4","hsa-miR-6857-3p; hsa-miR-139-3p; hsa-miR-4749-5p; hsa-miR-3155b"
"Annotations derived over miRTarBase (Gene Ontology)","cytosolic large ribosomal subunit GO0022625","enriched","0.0490842","0.0490842","0.488152","4","hsa-miR-6769b-5p; hsa-miR-6857-3p; hsa-miR-548h-5p; hsa-miR-3178"
"Annotations derived over miRTarBase (Gene Ontology)","four-way junction DNA binding GO0000400","depleted","0.0490842","0.0490842","0.488152","4","hsa-miR-6769b-5p; hsa-miR-139-3p; hsa-miR-4647; hsa-miR-3155b"
"Annotations derived over miRTarBase (Gene Ontology)","in utero embryonic development GO0001701","enriched","0.0490842","0.0490842","0.488152","4","hsa-miR-4462; hsa-miR-6769b-5p; hsa-miR-548h-5p; hsa-miR-3178"
"Annotations derived over miRTarBase (Gene Ontology)","microvillus membrane GO0031528","depleted","0.0490842","0.0490842","0.488152","4","hsa-miR-6857-3p; hsa-miR-139-3p; hsa-miR-4749-5p; hsa-miR-3155b"
"Annotations derived over miRTarBase (Gene Ontology)","mitotic spindle assembly GO0090307","enriched","0.0490842","0.0490842","0.488152","4","hsa-miR-6769b-5p; hsa-miR-6857-3p; hsa-miR-548h-5p; hsa-miR-4439"
"Annotations derived over miRTarBase (Gene Ontology)","negative regulation of vascular endothelial growth factor receptor signaling pathway GO0030948","enriched","0.0490842","0.0490842","0.488152","4","hsa-miR-6769b-5p; hsa-miR-6857-3p; hsa-miR-548h-5p; hsa-miR-4439"
"Annotations derived over miRTarBase (Gene Ontology)","neutral amino acid transport GO0015804","depleted","0.0490842","0.0490842","0.488152","4","hsa-miR-6857-3p; hsa-miR-139-3p; hsa-miR-4749-5p; hsa-miR-3155b"
"Annotations derived over miRTarBase (Gene Ontology)","phosphatidylinositol dephosphorylation GO0046856","enriched","0.0490842","0.0490842","0.488152","4","hsa-miR-4462; hsa-miR-6857-3p; hsa-miR-548h-5p; hsa-miR-4439"
"Annotations derived over miRTarBase (Gene Ontology)","plasma membrane repair GO0001778","depleted","0.0490842","0.0490842","0.488152","4","hsa-miR-6895-3p; hsa-miR-139-3p; hsa-miR-4647; hsa-miR-3155b"
"Annotations derived over miRTarBase (Gene Ontology)","positive regulation of neutrophil chemotaxis GO0090023","depleted","0.0490842","0.0490842","0.488152","4","hsa-miR-6769b-5p; hsa-miR-139-3p; hsa-miR-4647; hsa-miR-3155b"
"Annotations derived over miRTarBase (Gene Ontology)","positive regulation of stress fiber assembly GO0051496","enriched","0.0490842","0.0490842","0.488152","4","hsa-miR-4462; hsa-miR-6769b-5p; hsa-miR-548h-5p; hsa-miR-139-3p"
"Annotations derived over miRTarBase (Gene Ontology)","regulation of cell growth GO0001558","depleted","0.0490842","0.0490842","0.488152","4","hsa-miR-6895-3p; hsa-miR-139-3p; hsa-miR-4749-5p; hsa-miR-3155b"
"Annotations derived over miRTarBase (Gene Ontology)","regulation of endocytosis GO0030100","enriched","0.0490842","0.0490842","0.488152","4","hsa-miR-6769b-5p; hsa-miR-6857-3p; hsa-miR-548h-5p; hsa-miR-4749-5p"
"Annotations derived over miRTarBase (Gene Ontology)","signal transduction in response to DNA damage GO0042770","depleted","0.0490842","0.0490842","0.488152","4","hsa-miR-548h-5p; hsa-miR-139-3p; hsa-miR-4749-5p; hsa-miR-3155b"
"Annotations derived over miRTarBase (Gene Ontology)","spindle assembly GO0051225","enriched","0.0490842","0.0490842","0.488152","4","hsa-miR-6769b-5p; hsa-miR-6857-3p; hsa-miR-548h-5p; hsa-miR-4439"
"Annotations derived over miRTarBase (Gene Ontology)","vasculogenesis GO0001570","enriched","0.0490842","0.0490842","0.488152","4","hsa-miR-4462; hsa-miR-6769b-5p; hsa-miR-548h-5p; hsa-miR-139-3p"
"Pathways (KEGG)","Phosphatidylinositol signaling system","enriched","0.0490842","0.0490842","0.515387","4","hsa-miR-4462; hsa-miR-6857-3p; hsa-miR-548h-5p; hsa-miR-4439"