"Gene Symbol","p-value","FDR","Odd ratio","Number of interactions","microRNA 1","microRNA 2","microRNA 3","microRNA 4","microRNA 5","microRNA 6","microRNA 7"
"OTUD7B","0.000970","0.539","0.201","6","hsa-miR-1229-3p","hsa-miR-371b-5p","hsa-miR-4282","hsa-miR-7703","hsa-miR-6847-3p","hsa-miR-7854-3p",""
"P2RY2","0.000571","0.539","0.0575","3","hsa-miR-1229-3p","hsa-miR-6802-3p","hsa-miR-412-3p","","","",""
"PIGO","0.000653","0.539","0.187","6","hsa-miR-371b-5p","hsa-miR-6829-3p","hsa-miR-4722-3p","hsa-miR-1227-5p","hsa-miR-6802-3p","hsa-miR-412-3p",""
"SLC4A4","0.000967","0.539","0.0682","3","hsa-miR-5585-3p","hsa-miR-4722-3p","hsa-miR-6829-3p","","","",""
"SRARP","0.000997","0.539","0.116","4","hsa-miR-5587-5p","hsa-miR-6802-3p","hsa-miR-412-3p","hsa-miR-1253","","",""
"ZNF445","0.000911","0.539","0.113","4","hsa-miR-7703","hsa-miR-6802-3p","hsa-miR-371b-5p","hsa-miR-1253","","",""
"CFHR3","0.00301","0.585","0.0431","2","hsa-miR-5585-3p","hsa-miR-7151-5p","","","","",""
"EBF4","0.00301","0.585","0.0431","2","hsa-miR-3130-3p","hsa-miR-7151-5p","","","","",""
"KCNJ12","0.00306","0.585","0.101","3","hsa-miR-6802-3p","hsa-miR-412-3p","hsa-miR-4722-3p","","","",""
"KDELR1","0.00166","0.585","0.223","6","hsa-miR-1227-5p","hsa-miR-3130-3p","hsa-miR-5585-3p","hsa-miR-6829-3p","hsa-miR-4722-3p","hsa-miR-6802-3p",""
"KLHL36","0.00154","0.585","0.177","5","hsa-miR-218-2-3p","hsa-miR-5587-5p","hsa-miR-371b-5p","hsa-miR-7854-3p","hsa-miR-4722-3p","",""
"MAPK8","0.00307","0.585","0.156","4","hsa-miR-4524b-5p","hsa-miR-7703","hsa-miR-371b-5p","hsa-miR-4282","","",""
"MAPKAPK2","0.00177","0.585","0.135","4","hsa-miR-1229-3p","hsa-miR-1253","hsa-miR-5591-5p","hsa-miR-6722-3p","","",""
"MARCH7","0.00301","0.585","0.0431","2","hsa-miR-6829-3p","hsa-miR-4722-3p","","","","",""
"PAK4","0.00307","0.585","0.156","4","hsa-miR-1229-3p","hsa-miR-371b-5p","hsa-miR-6829-3p","hsa-miR-4749-5p","","",""
"SCOC","0.00190","0.585","0.137","4","hsa-miR-1253","hsa-miR-134-3p","hsa-miR-371b-5p","hsa-miR-4282","","",""
"ZSCAN21","0.00227","0.585","0.0377","2","hsa-miR-5585-3p","hsa-miR-4282","","","","",""
"AAED1","0.224","0.592","0.447","2","hsa-miR-371b-5p","hsa-miR-7703","","","","",""
"ABCC5","0.107","0.592","0.280","2","hsa-miR-1229-3p","hsa-miR-4741","","","","",""
"ABCF3","0.169","0.592","0.372","2","hsa-miR-7703","hsa-miR-1229-3p","","","","",""
"ABCG8","0.178","0.592","0.488","3","hsa-miR-4722-3p","hsa-miR-4741","hsa-miR-6829-3p","","","",""
"ABL1","0.150","0.592","0.345","2","hsa-miR-7854-3p","hsa-miR-5591-5p","","","","",""
"ABL2","0.314","0.592","0.566","2","hsa-miR-6829-3p","hsa-miR-4722-3p","","","","",""
"ACAD8","0.0380","0.592","0.156","2","hsa-miR-7703","hsa-miR-4722-3p","","","","",""
"ACBD7","0.0192","0.592","0.194","3","hsa-miR-3130-3p","hsa-miR-7151-5p","hsa-miR-4722-3p","","","",""
"ACIN1","0.0310","0.592","0.140","2","hsa-miR-1227-5p","hsa-miR-134-3p","","","","",""
"ACO1","0.0189","0.592","0.108","2","hsa-miR-6829-3p","hsa-miR-4722-3p","","","","",""
"ACTB","0.322","0.592","0.576","2","hsa-miR-4282","hsa-miR-412-3p","","","","",""
"ACVR2B","0.0668","0.592","0.316","3","hsa-miR-134-3p","hsa-miR-7854-3p","hsa-miR-4282","","","",""
"ADH5","0.169","0.592","0.372","2","hsa-miR-371b-5p","hsa-miR-4282","","","","",""
"ADM","0.200","0.592","0.415","2","hsa-miR-6769b-5p","hsa-miR-660-5p","","","","",""
"ADM2","0.0965","0.592","0.264","2","hsa-miR-134-3p","hsa-miR-4741","","","","",""
"AEN","0.132","0.592","0.318","2","hsa-miR-6829-3p","hsa-miR-7703","","","","",""
"AGMO","0.0246","0.592","0.124","2","hsa-miR-6829-3p","hsa-miR-4722-3p","","","","",""
"AGTPBP1","0.165","0.592","0.366","2","hsa-miR-6829-3p","hsa-miR-4722-3p","","","","",""
"AKAP11","0.124","0.592","0.413","3","hsa-miR-5585-3p","hsa-miR-6722-3p","hsa-miR-548h-5p","","","",""
"AKAP2","0.143","0.592","0.334","2","hsa-miR-4741","hsa-miR-6829-3p","","","","",""
"AKAP5","0.0740","0.592","0.226","2","hsa-miR-6847-3p","hsa-miR-1253","","","","",""
"AKIRIN1","0.208","0.592","0.426","2","hsa-miR-7854-3p","hsa-miR-4722-3p","","","","",""
"AKT1S1","0.124","0.592","0.307","2","hsa-miR-4741","hsa-miR-4749-5p","","","","",""
"AKT3","0.0999","0.592","0.269","2","hsa-miR-4524b-5p","hsa-miR-7854-3p","","","","",""
"ALDH5A1","0.0771","0.592","0.232","2","hsa-miR-4722-3p","hsa-miR-6847-3p","","","","",""
"ALDH6A1","0.0192","0.592","0.194","3","hsa-miR-6829-3p","hsa-miR-4282","hsa-miR-6847-3p","","","",""
"ALDH7A1","0.00811","0.592","0.0700","2","hsa-miR-5585-3p","hsa-miR-4722-3p","","","","",""
"ALG14","0.0743","0.592","0.330","3","hsa-miR-1253","hsa-miR-7703","hsa-miR-7854-3p","","","",""
"ALG9","0.322","0.592","0.576","2","hsa-miR-548h-5p","hsa-miR-7703","","","","",""
"AMOTL1","0.169","0.592","0.372","2","hsa-miR-371b-5p","hsa-miR-7151-5p","","","","",""
"ANAPC16","0.128","0.592","0.312","2","hsa-miR-371b-5p","hsa-miR-6847-3p","","","","",""
"ANGPT4","0.0513","0.592","0.284","3","hsa-miR-7703","hsa-miR-371b-5p","hsa-miR-5587-5p","","","",""
"ANGPTL3","0.173","0.592","0.377","2","hsa-miR-548h-5p","hsa-miR-6829-3p","","","","",""
"ANKFY1","0.285","0.592","0.528","2","hsa-miR-7703","hsa-miR-5591-5p","","","","",""
"ANKRD42","0.0932","0.592","0.259","2","hsa-miR-7703","hsa-miR-3130-3p","","","","",""
"ANP32B","0.200","0.592","0.415","2","hsa-miR-548h-5p","hsa-miR-6769b-5p","","","","",""
"AP1G1","0.0899","0.592","0.253","2","hsa-miR-7151-5p","hsa-miR-5591-5p","","","","",""
"AP1S3","0.132","0.592","0.318","2","hsa-miR-6829-3p","hsa-miR-4722-3p","","","","",""
"AP2B1","0.0591","0.592","0.199","2","hsa-miR-7703","hsa-miR-4524b-5p","","","","",""
"AP2M1","0.169","0.592","0.372","2","hsa-miR-1229-3p","hsa-miR-6769b-5p","","","","",""
"APH1A","0.0899","0.592","0.253","2","hsa-miR-7854-3p","hsa-miR-6769b-5p","","","","",""
"APTX","0.0649","0.592","0.210","2","hsa-miR-6829-3p","hsa-miR-4722-3p","","","","",""
"ARFGEF1","0.0333","0.592","0.145","2","hsa-miR-4722-3p","hsa-miR-7703","","","","",""
"ARHGEF39","0.158","0.592","0.356","2","hsa-miR-4722-3p","hsa-miR-371b-5p","","","","",""
"ARID5B","0.204","0.592","0.420","2","hsa-miR-371b-5p","hsa-miR-218-2-3p","","","","",""
"ARIH2","0.0429","0.592","0.167","2","hsa-miR-6769b-5p","hsa-miR-7854-3p","","","","",""
"ARL10","0.165","0.592","0.470","3","hsa-miR-6829-3p","hsa-miR-4722-3p","hsa-miR-7703","","","",""
"ARL8A","0.224","0.592","0.447","2","hsa-miR-4749-5p","hsa-miR-5591-5p","","","","",""
"ARMCX6","0.0246","0.592","0.124","2","hsa-miR-5585-3p","hsa-miR-7151-5p","","","","",""
"ASB16","0.306","0.592","0.646","3","hsa-miR-6769b-5p","hsa-miR-6829-3p","hsa-miR-4722-3p","","","",""
"ASH2L","0.0189","0.592","0.108","2","hsa-miR-371b-5p","hsa-miR-1253","","","","",""
"ATL2","0.0740","0.592","0.226","2","hsa-miR-7703","hsa-miR-6769b-5p","","","","",""
"ATP13A4","0.0834","0.592","0.242","2","hsa-miR-7703","hsa-miR-660-5p","","","","",""
"ATP5A1","0.0614","0.592","0.305","3","hsa-miR-1229-3p","hsa-miR-371b-5p","hsa-miR-134-3p","","","",""
"ATP5G3","0.273","0.592","0.512","2","hsa-miR-4524b-5p","hsa-miR-548h-5p","","","","",""
"ATXN2","0.124","0.592","0.307","2","hsa-miR-4524b-5p","hsa-miR-6769b-5p","","","","",""
"ATXN7L3","0.237","0.592","0.463","2","hsa-miR-412-3p","hsa-miR-6722-3p","","","","",""
"AVL9","0.112","0.592","0.395","3","hsa-miR-7703","hsa-miR-5591-5p","hsa-miR-6847-3p","","","",""
"BACE2","0.281","0.592","0.523","2","hsa-miR-4722-3p","hsa-miR-371b-5p","","","","",""
"BAIAP2L1","0.0171","0.592","0.102","2","hsa-miR-4722-3p","hsa-miR-6829-3p","","","","",""
"BAK1","0.169","0.592","0.372","2","hsa-miR-5591-5p","hsa-miR-412-3p","","","","",""
"BAP1","0.0481","0.592","0.178","2","hsa-miR-1229-3p","hsa-miR-1227-5p","","","","",""
"BARHL1","0.0899","0.592","0.253","2","hsa-miR-4741","hsa-miR-4749-5p","","","","",""
"BCL2L1","0.0801","0.592","0.415","4","hsa-miR-7854-3p","hsa-miR-4722-3p","hsa-miR-371b-5p","hsa-miR-6722-3p","","",""
"BCL7B","0.0183","0.592","0.190","3","hsa-miR-4741","hsa-miR-6722-3p","hsa-miR-7854-3p","","","",""
"BMPR1A","0.00581","0.592","0.239","5","hsa-miR-5585-3p","hsa-miR-1253","hsa-miR-6829-3p","hsa-miR-4722-3p","hsa-miR-6802-3p","",""
"BRIX1","0.277","0.592","0.517","2","hsa-miR-548h-5p","hsa-miR-5585-3p","","","","",""
"BUB1","0.162","0.592","0.361","2","hsa-miR-4282","hsa-miR-6847-3p","","","","",""
"C11orf54","0.146","0.592","0.445","3","hsa-miR-4282","hsa-miR-4722-3p","hsa-miR-371b-5p","","","",""
"C12orf49","0.0375","0.592","0.323","4","hsa-miR-7854-3p","hsa-miR-5587-5p","hsa-miR-4749-5p","hsa-miR-1229-3p","","",""
"C14orf119","0.0740","0.592","0.226","2","hsa-miR-5591-5p","hsa-miR-6829-3p","","","","",""
"C16orf72","0.114","0.592","0.291","2","hsa-miR-6769b-5p","hsa-miR-371b-5p","","","","",""
"C17orf105","0.281","0.592","0.523","2","hsa-miR-371b-5p","hsa-miR-7703","","","","",""
"C1orf229","0.00811","0.592","0.0700","2","hsa-miR-6722-3p","hsa-miR-134-3p","","","","",""
"C1orf56","0.0246","0.592","0.124","2","hsa-miR-7151-5p","hsa-miR-660-5p","","","","",""
"C3orf36","0.158","0.592","0.356","2","hsa-miR-4282","hsa-miR-4749-5p","","","","",""
"C3orf62","0.0771","0.592","0.232","2","hsa-miR-6829-3p","hsa-miR-4722-3p","","","","",""
"C5AR2","0.0899","0.592","0.253","2","hsa-miR-7703","hsa-miR-371b-5p","","","","",""
"C8orf37","0.114","0.592","0.291","2","hsa-miR-371b-5p","hsa-miR-4282","","","","",""
"C9orf3","0.128","0.592","0.312","2","hsa-miR-6722-3p","hsa-miR-4722-3p","","","","",""
"CABP4","0.257","0.592","0.490","2","hsa-miR-6829-3p","hsa-miR-4722-3p","","","","",""
"CACNA1A","0.132","0.592","0.318","2","hsa-miR-4749-5p","hsa-miR-6829-3p","","","","",""
"CACUL1","0.132","0.592","0.318","2","hsa-miR-4524b-5p","hsa-miR-4282","","","","",""
"CALCOCO2","0.165","0.592","0.366","2","hsa-miR-1229-3p","hsa-miR-6802-3p","","","","",""
"CALM3","0.334","0.592","0.593","2","hsa-miR-1253","hsa-miR-6722-3p","","","","",""
"CALR","0.0310","0.592","0.304","4","hsa-miR-412-3p","hsa-miR-6722-3p","hsa-miR-1253","hsa-miR-4749-5p","","",""
"CANX","0.0862","0.592","0.352","3","hsa-miR-4524b-5p","hsa-miR-6722-3p","hsa-miR-1253","","","",""
"CAPZA1","0.141","0.592","0.438","3","hsa-miR-548h-5p","hsa-miR-4722-3p","hsa-miR-6722-3p","","","",""
"CAPZA2","0.112","0.592","0.395","3","hsa-miR-4524b-5p","hsa-miR-7151-5p","hsa-miR-4722-3p","","","",""
"CASP16P","0.224","0.592","0.447","2","hsa-miR-4282","hsa-miR-7151-5p","","","","",""
"CBX3","0.212","0.592","0.431","2","hsa-miR-548h-5p","hsa-miR-4282","","","","",""
"CC2D1B","0.0709","0.592","0.221","2","hsa-miR-4749-5p","hsa-miR-6722-3p","","","","",""
"CCDC171","0.0310","0.592","0.140","2","hsa-miR-4282","hsa-miR-3130-3p","","","","",""
"CCNB1","0.228","0.592","0.452","2","hsa-miR-548h-5p","hsa-miR-7703","","","","",""
"CCPG1","0.00412","0.592","0.111","3","hsa-miR-6847-3p","hsa-miR-4282","hsa-miR-6774-3p","","","",""
"CCS","0.0513","0.592","0.284","3","hsa-miR-6802-3p","hsa-miR-371b-5p","hsa-miR-4282","","","",""
"CDC14B","0.318","0.592","0.571","2","hsa-miR-7703","hsa-miR-4722-3p","","","","",""
"CDC25A","0.0999","0.592","0.269","2","hsa-miR-4524b-5p","hsa-miR-6829-3p","","","","",""
"CDC27","0.0192","0.592","0.194","3","hsa-miR-4282","hsa-miR-1253","hsa-miR-218-2-3p","","","",""
"CDC37L1","0.0380","0.592","0.156","2","hsa-miR-4524b-5p","hsa-miR-4282","","","","",""
"CDC42EP4","0.143","0.592","0.334","2","hsa-miR-1229-3p","hsa-miR-1227-5p","","","","",""
"CDCA4","0.338","0.592","0.598","2","hsa-miR-7854-3p","hsa-miR-4524b-5p","","","","",""
"CDK5R1","0.0288","0.592","0.135","2","hsa-miR-7703","hsa-miR-5587-5p","","","","",""
"CDT1","0.0932","0.592","0.259","2","hsa-miR-4722-3p","hsa-miR-6829-3p","","","","",""
"CELF1","0.00526","0.592","0.320","7","hsa-miR-1229-3p","hsa-miR-412-3p","hsa-miR-6847-3p","hsa-miR-5587-5p","hsa-miR-4741","hsa-miR-6722-3p","hsa-miR-7854-3p"
"CELSR3","0.177","0.592","0.382","2","hsa-miR-548h-5p","hsa-miR-6769b-5p","","","","",""
"CENPI","0.0267","0.592","0.129","2","hsa-miR-4722-3p","hsa-miR-6829-3p","","","","",""
"CENPL","0.0535","0.592","0.189","2","hsa-miR-412-3p","hsa-miR-371b-5p","","","","",""
"CENPM","0.146","0.592","0.339","2","hsa-miR-6829-3p","hsa-miR-4722-3p","","","","",""
"CERS4","0.281","0.592","0.523","2","hsa-miR-4722-3p","hsa-miR-660-5p","","","","",""
"CES2","0.0301","0.592","0.230","3","hsa-miR-7854-3p","hsa-miR-6829-3p","hsa-miR-4722-3p","","","",""
"CHAF1B","0.208","0.592","0.426","2","hsa-miR-371b-5p","hsa-miR-7703","","","","",""
"CHEK1","0.107","0.592","0.280","2","hsa-miR-4524b-5p","hsa-miR-7703","","","","",""
"CHERP","0.0762","0.592","0.334","3","hsa-miR-4749-5p","hsa-miR-5591-5p","hsa-miR-6769b-5p","","","",""
"CHMP3","0.0802","0.592","0.237","2","hsa-miR-5587-5p","hsa-miR-371b-5p","","","","",""
"CHST6","0.216","0.592","0.436","2","hsa-miR-371b-5p","hsa-miR-7703","","","","",""
"CLASP1","0.150","0.592","0.345","2","hsa-miR-6722-3p","hsa-miR-6769b-5p","","","","",""
"CLDN16","0.0899","0.592","0.253","2","hsa-miR-548h-5p","hsa-miR-4722-3p","","","","",""
"CLIC5","0.0192","0.592","0.194","3","hsa-miR-4282","hsa-miR-6802-3p","hsa-miR-412-3p","","","",""
"CLPB","0.162","0.592","0.467","3","hsa-miR-371b-5p","hsa-miR-4722-3p","hsa-miR-6769b-5p","","","",""
"CLUAP1","0.0822","0.592","0.345","3","hsa-miR-7151-5p","hsa-miR-6829-3p","hsa-miR-4722-3p","","","",""
"CNDP1","0.0965","0.592","0.264","2","hsa-miR-6829-3p","hsa-miR-4722-3p","","","","",""
"CNNM1","0.0108","0.592","0.0808","2","hsa-miR-4722-3p","hsa-miR-6829-3p","","","","",""
"COL1A1","0.0842","0.592","0.348","3","hsa-miR-412-3p","hsa-miR-1253","hsa-miR-4741","","","",""
"COL4A3BP","0.237","0.592","0.463","2","hsa-miR-660-5p","hsa-miR-6769b-5p","","","","",""
"COMMD2","0.0834","0.592","0.242","2","hsa-miR-6829-3p","hsa-miR-4722-3p","","","","",""
"COPS8","0.0679","0.592","0.215","2","hsa-miR-4282","hsa-miR-7703","","","","",""
"COX6B1","0.132","0.592","0.496","4","hsa-miR-4524b-5p","hsa-miR-4741","hsa-miR-6847-3p","hsa-miR-7703","","",""
"CPE","0.285","0.592","0.528","2","hsa-miR-7703","hsa-miR-6847-3p","","","","",""
"CPM","0.338","0.592","0.598","2","hsa-miR-4722-3p","hsa-miR-371b-5p","","","","",""
"CRISPLD2","0.264","0.592","0.596","3","hsa-miR-7854-3p","hsa-miR-6829-3p","hsa-miR-4722-3p","","","",""
"CRTAP","0.162","0.592","0.361","2","hsa-miR-7854-3p","hsa-miR-134-3p","","","","",""
"CSDE1","0.158","0.592","0.356","2","hsa-miR-1229-3p","hsa-miR-412-3p","","","","",""
"CSE1L","0.0379","0.592","0.251","3","hsa-miR-548h-5p","hsa-miR-371b-5p","hsa-miR-7703","","","",""
"CTC1","0.273","0.592","0.512","2","hsa-miR-4749-5p","hsa-miR-5585-3p","","","","",""
"CTNS","0.0649","0.592","0.210","2","hsa-miR-6829-3p","hsa-miR-4722-3p","","","","",""
"CTTN","0.0508","0.592","0.183","2","hsa-miR-6847-3p","hsa-miR-4749-5p","","","","",""
"CYP20A1","0.126","0.592","0.487","4","hsa-miR-6722-3p","hsa-miR-548h-5p","hsa-miR-371b-5p","hsa-miR-6847-3p","","",""
"DARS2","0.216","0.592","0.436","2","hsa-miR-6829-3p","hsa-miR-4722-3p","","","","",""
"DCAF10","0.0455","0.592","0.172","2","hsa-miR-1253","hsa-miR-6829-3p","","","","",""
"DCAF17","0.0771","0.592","0.232","2","hsa-miR-371b-5p","hsa-miR-4524b-5p","","","","",""
"DCAF7","0.113","0.592","0.469","4","hsa-miR-1229-3p","hsa-miR-4282","hsa-miR-1253","hsa-miR-6769b-5p","","",""
"DCP1A","0.0591","0.592","0.199","2","hsa-miR-6829-3p","hsa-miR-4722-3p","","","","",""
"DCTN4","0.00908","0.592","0.147","3","hsa-miR-4282","hsa-miR-218-2-3p","hsa-miR-6774-3p","","","",""
"DDX19B","0.0990","0.592","0.373","3","hsa-miR-3130-3p","hsa-miR-6829-3p","hsa-miR-371b-5p","","","",""
"DDX3X","0.131","0.592","0.424","3","hsa-miR-4524b-5p","hsa-miR-7703","hsa-miR-4282","","","",""
"DEFB105A","0.0104","0.592","0.154","3","hsa-miR-6847-3p","hsa-miR-7703","hsa-miR-371b-5p","","","",""
"DEFB105B","0.0104","0.592","0.154","3","hsa-miR-6847-3p","hsa-miR-7703","hsa-miR-371b-5p","","","",""
"DENND5B","0.249","0.592","0.479","2","hsa-miR-6829-3p","hsa-miR-4722-3p","","","","",""
"DFFA","0.277","0.592","0.517","2","hsa-miR-371b-5p","hsa-miR-6829-3p","","","","",""
"DHTKD1","0.169","0.592","0.372","2","hsa-miR-5585-3p","hsa-miR-4722-3p","","","","",""
"DIO2","0.0207","0.592","0.113","2","hsa-miR-4282","hsa-miR-6829-3p","","","","",""
"DLC1","0.212","0.592","0.431","2","hsa-miR-6722-3p","hsa-miR-412-3p","","","","",""
"DMRT2","0.0932","0.592","0.259","2","hsa-miR-1253","hsa-miR-4741","","","","",""
"DNAL1","0.273","0.592","0.607","3","hsa-miR-7703","hsa-miR-6847-3p","hsa-miR-4722-3p","","","",""
"DNASE2","0.0679","0.592","0.215","2","hsa-miR-4722-3p","hsa-miR-6829-3p","","","","",""
"DNTTIP2","0.338","0.592","0.598","2","hsa-miR-5585-3p","hsa-miR-371b-5p","","","","",""
"DOCK7","0.146","0.592","0.339","2","hsa-miR-5585-3p","hsa-miR-7703","","","","",""
"DOT1L","0.0125","0.592","0.165","3","hsa-miR-412-3p","hsa-miR-1227-5p","hsa-miR-5585-3p","","","",""
"DPY19L1","0.110","0.592","0.285","2","hsa-miR-5585-3p","hsa-miR-1227-5p","","","","",""
"DSEL","0.232","0.592","0.458","2","hsa-miR-4282","hsa-miR-7703","","","","",""
"DTX3L","0.103","0.592","0.275","2","hsa-miR-7703","hsa-miR-4282","","","","",""
"DUSP3","0.0591","0.592","0.199","2","hsa-miR-6847-3p","hsa-miR-4282","","","","",""
"DYNLL2","0.245","0.592","0.474","2","hsa-miR-660-5p","hsa-miR-4524b-5p","","","","",""
"E2F2","0.0632","0.592","0.309","3","hsa-miR-4722-3p","hsa-miR-134-3p","hsa-miR-6829-3p","","","",""
"EDEM3","0.208","0.592","0.426","2","hsa-miR-412-3p","hsa-miR-4282","","","","",""
"EEF2","0.212","0.592","0.431","2","hsa-miR-1229-3p","hsa-miR-4282","","","","",""
"EFNA5","0.132","0.592","0.318","2","hsa-miR-548h-5p","hsa-miR-6829-3p","","","","",""
"EHD4","0.0679","0.592","0.215","2","hsa-miR-371b-5p","hsa-miR-7703","","","","",""
"EIF5A2","0.193","0.592","0.404","2","hsa-miR-412-3p","hsa-miR-7703","","","","",""
"EIF5AL1","0.124","0.592","0.413","3","hsa-miR-1253","hsa-miR-412-3p","hsa-miR-4741","","","",""
"ELFN2","0.281","0.592","0.523","2","hsa-miR-5591-5p","hsa-miR-6722-3p","","","","",""
"EMC7","0.146","0.592","0.339","2","hsa-miR-4282","hsa-miR-4722-3p","","","","",""
"ENAH","0.261","0.592","0.496","2","hsa-miR-4282","hsa-miR-412-3p","","","","",""
"ENPP5","0.122","0.592","0.409","3","hsa-miR-1253","hsa-miR-660-5p","hsa-miR-548h-5p","","","",""
"ENSA","0.0802","0.592","0.237","2","hsa-miR-6829-3p","hsa-miR-371b-5p","","","","",""
"ERC1","0.169","0.592","0.372","2","hsa-miR-1229-3p","hsa-miR-5591-5p","","","","",""
"ERCC6L2","0.107","0.592","0.280","2","hsa-miR-4722-3p","hsa-miR-6829-3p","","","","",""
"ETFDH","0.0429","0.592","0.167","2","hsa-miR-4722-3p","hsa-miR-6829-3p","","","","",""
"ETNK1","0.0686","0.592","0.320","3","hsa-miR-548h-5p","hsa-miR-4282","hsa-miR-6847-3p","","","",""
"EXT1","0.0740","0.592","0.226","2","hsa-miR-4524b-5p","hsa-miR-134-3p","","","","",""
"EXTL3","0.0243","0.592","0.212","3","hsa-miR-5591-5p","hsa-miR-6847-3p","hsa-miR-134-3p","","","",""
"FADS6","0.249","0.592","0.479","2","hsa-miR-4741","hsa-miR-134-3p","","","","",""
"FAM129B","0.261","0.592","0.496","2","hsa-miR-1227-5p","hsa-miR-7854-3p","","","","",""
"FAM136A","0.0679","0.592","0.215","2","hsa-miR-6769b-5p","hsa-miR-4722-3p","","","","",""
"FAM151B","0.0632","0.592","0.309","3","hsa-miR-1253","hsa-miR-6829-3p","hsa-miR-4722-3p","","","",""
"FAM153B","0.00582","0.592","0.126","3","hsa-miR-6829-3p","hsa-miR-5585-3p","hsa-miR-4722-3p","","","",""
"FAM199X","0.0333","0.592","0.145","2","hsa-miR-1253","hsa-miR-6802-3p","","","","",""
"FAM20B","0.0740","0.592","0.226","2","hsa-miR-449c-3p","hsa-miR-218-2-3p","","","","",""
"FAM229B","0.0421","0.592","0.262","3","hsa-miR-4524b-5p","hsa-miR-6829-3p","hsa-miR-1229-3p","","","",""
"FAM241A","0.288","0.592","0.625","3","hsa-miR-6829-3p","hsa-miR-4722-3p","hsa-miR-3130-3p","","","",""
"FBXL18","0.159","0.592","0.463","3","hsa-miR-5585-3p","hsa-miR-4524b-5p","hsa-miR-6722-3p","","","",""
"FBXO28","0.121","0.592","0.302","2","hsa-miR-660-5p","hsa-miR-371b-5p","","","","",""
"FBXO45","0.132","0.592","0.318","2","hsa-miR-6769b-5p","hsa-miR-7854-3p","","","","",""
"FBXO47","0.0436","0.592","0.266","3","hsa-miR-4722-3p","hsa-miR-371b-5p","hsa-miR-7703","","","",""
"FEM1A","0.229","0.592","0.617","4","hsa-miR-7854-3p","hsa-miR-6829-3p","hsa-miR-4722-3p","hsa-miR-6769b-5p","","",""
"FEN1","0.0649","0.592","0.210","2","hsa-miR-1229-3p","hsa-miR-1253","","","","",""
"FGF19","0.0277","0.592","0.223","3","hsa-miR-4741","hsa-miR-6769b-5p","hsa-miR-7854-3p","","","",""
"FHL2","0.0650","0.592","0.312","3","hsa-miR-412-3p","hsa-miR-7703","hsa-miR-4282","","","",""
"FIBCD1","0.0965","0.592","0.264","2","hsa-miR-412-3p","hsa-miR-5591-5p","","","","",""
"FIGN","0.154","0.592","0.350","2","hsa-miR-5585-3p","hsa-miR-1253","","","","",""
"FKBP14","0.326","0.592","0.582","2","hsa-miR-5587-5p","hsa-miR-4722-3p","","","","",""
"FKTN","0.110","0.592","0.285","2","hsa-miR-6829-3p","hsa-miR-4722-3p","","","","",""
"FLYWCH2","0.121","0.592","0.302","2","hsa-miR-371b-5p","hsa-miR-6829-3p","","","","",""
"FNDC3B","0.245","0.592","0.474","2","hsa-miR-371b-5p","hsa-miR-4749-5p","","","","",""
"FOLR1","0.169","0.592","0.372","2","hsa-miR-5591-5p","hsa-miR-134-3p","","","","",""
"FOSL2","0.0169","0.592","0.253","4","hsa-miR-7703","hsa-miR-6769b-5p","hsa-miR-6847-3p","hsa-miR-7151-5p","","",""
"FOXJ3","0.0393","0.592","0.255","3","hsa-miR-5585-3p","hsa-miR-6802-3p","hsa-miR-371b-5p","","","",""
"FOXK1","0.140","0.592","0.558","5","hsa-miR-1229-3p","hsa-miR-548h-5p","hsa-miR-4524b-5p","hsa-miR-134-3p","hsa-miR-4741","",""
"FOXO1","0.165","0.592","0.366","2","hsa-miR-1253","hsa-miR-4282","","","","",""
"FOXRED2","0.197","0.592","0.409","2","hsa-miR-6769b-5p","hsa-miR-1253","","","","",""
"FRMD8","0.0455","0.592","0.172","2","hsa-miR-7703","hsa-miR-4722-3p","","","","",""
"FSCN1","0.0883","0.592","0.356","3","hsa-miR-4749-5p","hsa-miR-6722-3p","hsa-miR-6802-3p","","","",""
"FUT11","0.318","0.592","0.571","2","hsa-miR-6829-3p","hsa-miR-371b-5p","","","","",""
"FUT9","0.0207","0.592","0.113","2","hsa-miR-7703","hsa-miR-3130-3p","","","","",""
"GABPB2","0.0333","0.592","0.145","2","hsa-miR-4722-3p","hsa-miR-1229-3p","","","","",""
"GALNT4","0.0508","0.592","0.183","2","hsa-miR-6847-3p","hsa-miR-4282","","","","",""
"GALNT7","0.0508","0.592","0.183","2","hsa-miR-660-5p","hsa-miR-4282","","","","",""
"GAPVD1","0.103","0.592","0.381","3","hsa-miR-371b-5p","hsa-miR-6802-3p","hsa-miR-412-3p","","","",""
"GATA6","0.179","0.592","0.558","4","hsa-miR-1229-3p","hsa-miR-7703","hsa-miR-1253","hsa-miR-6829-3p","","",""
"GCLM","0.0154","0.592","0.0970","2","hsa-miR-5587-5p","hsa-miR-371b-5p","","","","",""
"GFPT1","0.237","0.592","0.463","2","hsa-miR-4282","hsa-miR-1229-3p","","","","",""
"GGPS1","0.0288","0.592","0.135","2","hsa-miR-6829-3p","hsa-miR-4722-3p","","","","",""
"GIGYF1","0.283","0.592","0.676","4","hsa-miR-412-3p","hsa-miR-6769b-5p","hsa-miR-6802-3p","hsa-miR-6829-3p","","",""
"GIMAP4","0.0563","0.592","0.194","2","hsa-miR-548h-5p","hsa-miR-4282","","","","",""
"GIPC1","0.232","0.592","0.458","2","hsa-miR-4749-5p","hsa-miR-6774-3p","","","","",""
"GJC1","0.0965","0.592","0.264","2","hsa-miR-4722-3p","hsa-miR-7703","","","","",""
"GJD3","0.165","0.592","0.470","3","hsa-miR-371b-5p","hsa-miR-4722-3p","hsa-miR-6829-3p","","","",""
"GK5","0.200","0.592","0.517","3","hsa-miR-1227-5p","hsa-miR-7703","hsa-miR-4722-3p","","","",""
"GLG1","0.0686","0.592","0.320","3","hsa-miR-6722-3p","hsa-miR-5591-5p","hsa-miR-7703","","","",""
"GLRX2","0.0899","0.592","0.253","2","hsa-miR-371b-5p","hsa-miR-4282","","","","",""
"GMPR","0.0771","0.592","0.232","2","hsa-miR-7703","hsa-miR-4722-3p","","","","",""
"GOLGA2","0.124","0.592","0.307","2","hsa-miR-412-3p","hsa-miR-4722-3p","","","","",""
"GOLGA3","0.154","0.592","0.350","2","hsa-miR-4282","hsa-miR-371b-5p","","","","",""
"GOSR1","0.265","0.592","0.501","2","hsa-miR-3130-3p","hsa-miR-7703","","","","",""
"GPC4","0.0724","0.592","0.327","3","hsa-miR-7703","hsa-miR-548h-5p","hsa-miR-6847-3p","","","",""
"GPR137C","0.281","0.592","0.523","2","hsa-miR-3130-3p","hsa-miR-4282","","","","",""
"GPR173","0.0932","0.592","0.259","2","hsa-miR-6769b-5p","hsa-miR-1253","","","","",""
"GPR27","0.0932","0.592","0.259","2","hsa-miR-4524b-5p","hsa-miR-548h-5p","","","","",""
"GPRC5B","0.0740","0.592","0.226","2","hsa-miR-5591-5p","hsa-miR-7854-3p","","","","",""
"GRB2","0.0822","0.592","0.345","3","hsa-miR-4749-5p","hsa-miR-4282","hsa-miR-6829-3p","","","",""
"GREB1","0.0508","0.592","0.183","2","hsa-miR-7151-5p","hsa-miR-6847-3p","","","","",""
"GRK3","0.173","0.592","0.377","2","hsa-miR-6829-3p","hsa-miR-4722-3p","","","","",""
"GSR","0.0990","0.592","0.373","3","hsa-miR-4722-3p","hsa-miR-6802-3p","hsa-miR-6829-3p","","","",""
"GSTO2","0.0481","0.592","0.178","2","hsa-miR-6847-3p","hsa-miR-218-2-3p","","","","",""
"GTDC1","0.146","0.592","0.339","2","hsa-miR-4282","hsa-miR-4722-3p","","","","",""
"GTF2H5","0.0580","0.592","0.298","3","hsa-miR-548h-5p","hsa-miR-6829-3p","hsa-miR-4722-3p","","","",""
"GTF3C6","0.173","0.592","0.377","2","hsa-miR-4722-3p","hsa-miR-6829-3p","","","","",""
"HBP1","0.169","0.592","0.372","2","hsa-miR-4282","hsa-miR-7703","","","","",""
"HCFC1","0.124","0.592","0.307","2","hsa-miR-4749-5p","hsa-miR-4722-3p","","","","",""
"HEATR5A","0.124","0.592","0.307","2","hsa-miR-5587-5p","hsa-miR-371b-5p","","","","",""
"HIST1H2BK","0.110","0.592","0.285","2","hsa-miR-218-2-3p","hsa-miR-5587-5p","","","","",""
"HIST1H3E","0.0356","0.592","0.151","2","hsa-miR-1253","hsa-miR-371b-5p","","","","",""
"HMBOX1","0.216","0.592","0.436","2","hsa-miR-548h-5p","hsa-miR-371b-5p","","","","",""
"HMGA1","0.0894","0.592","0.431","4","hsa-miR-4741","hsa-miR-6802-3p","hsa-miR-5591-5p","hsa-miR-4722-3p","","",""
"HMGN2","0.0943","0.592","0.439","4","hsa-miR-548h-5p","hsa-miR-1253","hsa-miR-371b-5p","hsa-miR-5591-5p","","",""
"HNRNPA0","0.334","0.592","0.593","2","hsa-miR-4282","hsa-miR-1227-5p","","","","",""
"HNRNPA1","0.0152","0.592","0.302","5","hsa-miR-1229-3p","hsa-miR-412-3p","hsa-miR-660-5p","hsa-miR-4524b-5p","hsa-miR-4722-3p","",""
"HNRNPA1L2","0.220","0.592","0.442","2","hsa-miR-4524b-5p","hsa-miR-4722-3p","","","","",""
"HNRNPA3","0.169","0.592","0.372","2","hsa-miR-1229-3p","hsa-miR-6722-3p","","","","",""
"HNRNPUL1","0.0990","0.592","0.373","3","hsa-miR-1229-3p","hsa-miR-134-3p","hsa-miR-6722-3p","","","",""
"HOXA13","0.338","0.592","0.598","2","hsa-miR-412-3p","hsa-miR-548h-5p","","","","",""
"HOXA7","0.0802","0.592","0.237","2","hsa-miR-5591-5p","hsa-miR-6769b-5p","","","","",""
"HPRT1","0.0999","0.592","0.269","2","hsa-miR-548h-5p","hsa-miR-4282","","","","",""
"HPSE","0.146","0.592","0.339","2","hsa-miR-6829-3p","hsa-miR-4722-3p","","","","",""
"HRK","0.158","0.592","0.356","2","hsa-miR-1253","hsa-miR-412-3p","","","","",""
"HSP90AB1","0.189","0.592","0.399","2","hsa-miR-5591-5p","hsa-miR-6722-3p","","","","",""
"HSPE1-MOB4","0.0632","0.592","0.309","3","hsa-miR-4524b-5p","hsa-miR-4722-3p","hsa-miR-5587-5p","","","",""
"IKZF3","0.0529","0.592","0.361","4","hsa-miR-371b-5p","hsa-miR-6829-3p","hsa-miR-4722-3p","hsa-miR-7703","","",""
"IMP4","0.0686","0.592","0.320","3","hsa-miR-6829-3p","hsa-miR-4722-3p","hsa-miR-7703","","","",""
"INAFM1","0.0233","0.592","0.208","3","hsa-miR-134-3p","hsa-miR-4741","hsa-miR-7854-3p","","","",""
"INCENP","0.128","0.592","0.312","2","hsa-miR-4282","hsa-miR-6847-3p","","","","",""
"INO80","0.0535","0.592","0.189","2","hsa-miR-6829-3p","hsa-miR-4722-3p","","","","",""
"INSIG1","0.232","0.592","0.458","2","hsa-miR-7703","hsa-miR-134-3p","","","","",""
"INTS7","0.185","0.592","0.393","2","hsa-miR-371b-5p","hsa-miR-4722-3p","","","","",""
"INTU","0.241","0.592","0.469","2","hsa-miR-1253","hsa-miR-4282","","","","",""
"IPO7","0.110","0.592","0.285","2","hsa-miR-1229-3p","hsa-miR-449c-3p","","","","",""
"IPP","0.0244","0.592","0.283","4","hsa-miR-7703","hsa-miR-6829-3p","hsa-miR-4722-3p","hsa-miR-371b-5p","","",""
"ITGA2","0.106","0.592","0.384","3","hsa-miR-371b-5p","hsa-miR-4722-3p","hsa-miR-6829-3p","","","",""
"ITGB8","0.154","0.592","0.350","2","hsa-miR-548h-5p","hsa-miR-7703","","","","",""
"ITM2C","0.162","0.592","0.361","2","hsa-miR-6722-3p","hsa-miR-1253","","","","",""
"JMY","0.139","0.592","0.329","2","hsa-miR-1229-3p","hsa-miR-6802-3p","","","","",""
"JRKL","0.0122","0.592","0.0862","2","hsa-miR-5585-3p","hsa-miR-371b-5p","","","","",""
"KANSL1","0.326","0.592","0.582","2","hsa-miR-5585-3p","hsa-miR-4282","","","","",""
"KCNK5","0.0802","0.592","0.341","3","hsa-miR-371b-5p","hsa-miR-1253","hsa-miR-5591-5p","","","",""
"KCNMB1","0.0705","0.592","0.323","3","hsa-miR-3130-3p","hsa-miR-6829-3p","hsa-miR-4722-3p","","","",""
"KDSR","0.110","0.592","0.285","2","hsa-miR-4722-3p","hsa-miR-6829-3p","","","","",""
"KIAA0408","0.177","0.592","0.382","2","hsa-miR-4722-3p","hsa-miR-6829-3p","","","","",""
"KIAA1456","0.175","0.592","0.485","3","hsa-miR-4524b-5p","hsa-miR-134-3p","hsa-miR-5587-5p","","","",""
"KIAA1586","0.165","0.592","0.366","2","hsa-miR-548h-5p","hsa-miR-6829-3p","","","","",""
"KIF1C","0.338","0.592","0.598","2","hsa-miR-6847-3p","hsa-miR-412-3p","","","","",""
"KIF3A","0.0493","0.592","0.353","4","hsa-miR-548h-5p","hsa-miR-4282","hsa-miR-4722-3p","hsa-miR-7703","","",""
"KIF5B","0.0782","0.592","0.338","3","hsa-miR-4282","hsa-miR-7703","hsa-miR-4524b-5p","","","",""
"KLF2","0.106","0.592","0.384","3","hsa-miR-6802-3p","hsa-miR-412-3p","hsa-miR-371b-5p","","","",""
"KLF3","0.0709","0.592","0.221","2","hsa-miR-449c-3p","hsa-miR-218-2-3p","","","","",""
"KLHDC8A","0.181","0.592","0.388","2","hsa-miR-7703","hsa-miR-371b-5p","","","","",""
"KLHL11","0.0140","0.592","0.240","4","hsa-miR-548h-5p","hsa-miR-4282","hsa-miR-6829-3p","hsa-miR-7703","","",""
"KLLN","0.162","0.592","0.361","2","hsa-miR-7703","hsa-miR-6722-3p","","","","",""
"KMT2A","0.338","0.592","0.598","2","hsa-miR-4741","hsa-miR-6769b-5p","","","","",""
"KMT2D","0.0310","0.592","0.362","5","hsa-miR-1229-3p","hsa-miR-1227-5p","hsa-miR-4749-5p","hsa-miR-5591-5p","hsa-miR-7854-3p","",""
"KNSTRN","0.0326","0.592","0.237","3","hsa-miR-5587-5p","hsa-miR-4722-3p","hsa-miR-7703","","","",""
"LANCL3","0.158","0.592","0.356","2","hsa-miR-7703","hsa-miR-660-5p","","","","",""
"LARS","0.0535","0.592","0.189","2","hsa-miR-5587-5p","hsa-miR-371b-5p","","","","",""
"LAX1","0.134","0.592","0.427","3","hsa-miR-6829-3p","hsa-miR-4722-3p","hsa-miR-7703","","","",""
"LEPROT","0.181","0.592","0.388","2","hsa-miR-548h-5p","hsa-miR-4282","","","","",""
"LETM2","0.0404","0.592","0.162","2","hsa-miR-6829-3p","hsa-miR-4722-3p","","","","",""
"LETMD1","0.0834","0.592","0.242","2","hsa-miR-1253","hsa-miR-1229-3p","","","","",""
"LIMA1","0.189","0.592","0.399","2","hsa-miR-371b-5p","hsa-miR-6802-3p","","","","",""
"LINC00346","0.224","0.592","0.447","2","hsa-miR-5591-5p","hsa-miR-6847-3p","","","","",""
"LLGL1","0.0379","0.592","0.251","3","hsa-miR-6769b-5p","hsa-miR-6722-3p","hsa-miR-7854-3p","","","",""
"LMAN2L","0.0310","0.592","0.140","2","hsa-miR-4722-3p","hsa-miR-6829-3p","","","","",""
"LMNB1","0.200","0.592","0.415","2","hsa-miR-449c-3p","hsa-miR-4282","","","","",""
"LNPK","0.289","0.592","0.533","2","hsa-miR-6847-3p","hsa-miR-6722-3p","","","","",""
"LRIF1","0.237","0.592","0.463","2","hsa-miR-6829-3p","hsa-miR-4722-3p","","","","",""
"LRIG2","0.0310","0.592","0.304","4","hsa-miR-4282","hsa-miR-412-3p","hsa-miR-6829-3p","hsa-miR-1253","","",""
"LRP10","0.162","0.592","0.361","2","hsa-miR-6829-3p","hsa-miR-4722-3p","","","","",""
"LRPAP1","0.181","0.592","0.388","2","hsa-miR-371b-5p","hsa-miR-7703","","","","",""
"LRRC3C","0.0208","0.592","0.269","4","hsa-miR-1253","hsa-miR-134-3p","hsa-miR-7703","hsa-miR-4722-3p","","",""
"LRTOMT","0.132","0.592","0.318","2","hsa-miR-7703","hsa-miR-6769b-5p","","","","",""
"LSM14A","0.154","0.592","0.350","2","hsa-miR-371b-5p","hsa-miR-134-3p","","","","",""
"LURAP1L","0.0226","0.592","0.119","2","hsa-miR-1253","hsa-miR-4524b-5p","","","","",""
"LY6K","0.0508","0.592","0.183","2","hsa-miR-6802-3p","hsa-miR-412-3p","","","","",""
"LYRM2","0.150","0.592","0.345","2","hsa-miR-6829-3p","hsa-miR-548h-5p","","","","",""
"LYRM7","0.232","0.592","0.458","2","hsa-miR-5587-5p","hsa-miR-371b-5p","","","","",""
"LYZ","0.0620","0.592","0.205","2","hsa-miR-7703","hsa-miR-371b-5p","","","","",""
"MACC1","0.326","0.592","0.582","2","hsa-miR-6829-3p","hsa-miR-4722-3p","","","","",""
"MAFK","0.0310","0.592","0.304","4","hsa-miR-6829-3p","hsa-miR-134-3p","hsa-miR-4749-5p","hsa-miR-6722-3p","","",""
"MAGI3","0.139","0.592","0.329","2","hsa-miR-7703","hsa-miR-4282","","","","",""
"MAP2K3","0.0999","0.592","0.269","2","hsa-miR-1227-5p","hsa-miR-6769b-5p","","","","",""
"MAP2K4","0.128","0.592","0.312","2","hsa-miR-7703","hsa-miR-548h-5p","","","","",""
"MAP3K2","0.0822","0.592","0.345","3","hsa-miR-5587-5p","hsa-miR-5585-3p","hsa-miR-5591-5p","","","",""
"MARCH6","0.277","0.592","0.517","2","hsa-miR-5591-5p","hsa-miR-7703","","","","",""
"MARCKS","0.0709","0.592","0.221","2","hsa-miR-4282","hsa-miR-5585-3p","","","","",""
"MARK2","0.165","0.592","0.366","2","hsa-miR-6722-3p","hsa-miR-7151-5p","","","","",""
"MBD3","0.0866","0.592","0.248","2","hsa-miR-7703","hsa-miR-4741","","","","",""
"MBOAT2","0.0140","0.592","0.172","3","hsa-miR-4282","hsa-miR-5591-5p","hsa-miR-4722-3p","","","",""
"MC2R","0.132","0.592","0.318","2","hsa-miR-4722-3p","hsa-miR-5587-5p","","","","",""
"MCFD2","0.265","0.592","0.501","2","hsa-miR-7854-3p","hsa-miR-5591-5p","","","","",""
"MCL1","0.289","0.592","0.533","2","hsa-miR-6829-3p","hsa-miR-6722-3p","","","","",""
"MCM4","0.0932","0.592","0.259","2","hsa-miR-371b-5p","hsa-miR-6829-3p","","","","",""
"MCM8","0.212","0.592","0.431","2","hsa-miR-6829-3p","hsa-miR-4722-3p","","","","",""
"MCTS1","0.293","0.592","0.539","2","hsa-miR-4722-3p","hsa-miR-7703","","","","",""
"MDK","0.146","0.592","0.339","2","hsa-miR-1229-3p","hsa-miR-6769b-5p","","","","",""
"MECP2","0.220","0.592","0.442","2","hsa-miR-1253","hsa-miR-660-5p","","","","",""
"MED13","0.117","0.592","0.296","2","hsa-miR-5585-3p","hsa-miR-1253","","","","",""
"MED19","0.0108","0.592","0.0808","2","hsa-miR-1229-3p","hsa-miR-1253","","","","",""
"MED28","0.00459","0.592","0.312","7","hsa-miR-6829-3p","hsa-miR-4722-3p","hsa-miR-6847-3p","hsa-miR-660-5p","hsa-miR-4741","hsa-miR-7703","hsa-miR-6769b-5p"
"MED29","0.208","0.592","0.426","2","hsa-miR-4722-3p","hsa-miR-7703","","","","",""
"MELK","0.189","0.592","0.399","2","hsa-miR-7703","hsa-miR-371b-5p","","","","",""
"METTL14","0.224","0.592","0.447","2","hsa-miR-6769b-5p","hsa-miR-6829-3p","","","","",""
"METTL21A","0.143","0.592","0.334","2","hsa-miR-6829-3p","hsa-miR-6769b-5p","","","","",""
"METTL2B","0.193","0.592","0.404","2","hsa-miR-4722-3p","hsa-miR-6829-3p","","","","",""
"METTL8","0.314","0.592","0.566","2","hsa-miR-548h-5p","hsa-miR-7703","","","","",""
"MEX3A","0.0802","0.592","0.341","3","hsa-miR-6769b-5p","hsa-miR-6722-3p","hsa-miR-6829-3p","","","",""
"MFSD6","0.0834","0.592","0.242","2","hsa-miR-6802-3p","hsa-miR-4722-3p","","","","",""
"MGLL","0.0288","0.592","0.135","2","hsa-miR-7151-5p","hsa-miR-1253","","","","",""
"MIDN","0.204","0.592","0.587","4","hsa-miR-7854-3p","hsa-miR-3130-3p","hsa-miR-6722-3p","hsa-miR-6769b-5p","","",""
"MIGA1","0.103","0.592","0.275","2","hsa-miR-4722-3p","hsa-miR-7703","","","","",""
"MKI67","0.0597","0.592","0.302","3","hsa-miR-5587-5p","hsa-miR-4722-3p","hsa-miR-548h-5p","","","",""
"MMAB","0.0229","0.592","0.277","4","hsa-miR-3130-3p","hsa-miR-4524b-5p","hsa-miR-7854-3p","hsa-miR-371b-5p","","",""
"MOB3A","0.216","0.592","0.436","2","hsa-miR-6829-3p","hsa-miR-218-2-3p","","","","",""
"MOB4","0.0668","0.592","0.316","3","hsa-miR-4524b-5p","hsa-miR-4722-3p","hsa-miR-5587-5p","","","",""
"MOCS3","0.124","0.592","0.307","2","hsa-miR-218-2-3p","hsa-miR-7703","","","","",""
"MPLKIP","0.159","0.592","0.463","3","hsa-miR-1253","hsa-miR-4722-3p","hsa-miR-4282","","","",""
"MPP2","0.158","0.592","0.356","2","hsa-miR-1229-3p","hsa-miR-6769b-5p","","","","",""
"MRE11","0.220","0.592","0.442","2","hsa-miR-6829-3p","hsa-miR-4722-3p","","","","",""
"MRM3","0.253","0.592","0.485","2","hsa-miR-4722-3p","hsa-miR-7703","","","","",""
"MRO","0.338","0.592","0.598","2","hsa-miR-7703","hsa-miR-6774-3p","","","","",""
"MRPL17","0.0546","0.592","0.291","3","hsa-miR-4282","hsa-miR-6829-3p","hsa-miR-4722-3p","","","",""
"MRPL44","0.114","0.592","0.291","2","hsa-miR-4749-5p","hsa-miR-7854-3p","","","","",""
"MRPL51","0.0620","0.592","0.205","2","hsa-miR-6802-3p","hsa-miR-1229-3p","","","","",""
"MRPS16","0.309","0.592","0.560","2","hsa-miR-4282","hsa-miR-6769b-5p","","","","",""
"MTAP","0.0834","0.592","0.242","2","hsa-miR-5585-3p","hsa-miR-412-3p","","","","",""
"MTHFD1","0.103","0.592","0.381","3","hsa-miR-548h-5p","hsa-miR-371b-5p","hsa-miR-7703","","","",""
"MTRF1L","0.158","0.592","0.356","2","hsa-miR-6829-3p","hsa-miR-4722-3p","","","","",""
"MTRNR2L3","0.0771","0.592","0.232","2","hsa-miR-6802-3p","hsa-miR-4282","","","","",""
"MTRNR2L5","0.0429","0.592","0.167","2","hsa-miR-6722-3p","hsa-miR-4282","","","","",""
"MTRNR2L7","0.0679","0.592","0.215","2","hsa-miR-6802-3p","hsa-miR-4282","","","","",""
"MTX3","0.322","0.592","0.576","2","hsa-miR-371b-5p","hsa-miR-7703","","","","",""
"MYDGF","0.0154","0.592","0.0970","2","hsa-miR-1229-3p","hsa-miR-7703","","","","",""
"MYLK3","0.314","0.592","0.566","2","hsa-miR-7703","hsa-miR-6829-3p","","","","",""
"MYOZ3","0.0110","0.592","0.158","3","hsa-miR-6829-3p","hsa-miR-371b-5p","hsa-miR-4722-3p","","","",""
"MZT1","0.0246","0.592","0.124","2","hsa-miR-4282","hsa-miR-412-3p","","","","",""
"NAA50","0.167","0.592","0.474","3","hsa-miR-1229-3p","hsa-miR-5587-5p","hsa-miR-371b-5p","","","",""
"NCKIPSD","0.224","0.592","0.447","2","hsa-miR-5591-5p","hsa-miR-6847-3p","","","","",""
"NDUFB11","0.0965","0.592","0.264","2","hsa-miR-1253","hsa-miR-6722-3p","","","","",""
"NDUFB5","0.173","0.592","0.377","2","hsa-miR-7703","hsa-miR-371b-5p","","","","",""
"NDUFV3","0.257","0.592","0.490","2","hsa-miR-6829-3p","hsa-miR-371b-5p","","","","",""
"NECAB3","0.181","0.592","0.388","2","hsa-miR-6847-3p","hsa-miR-6829-3p","","","","",""
"NEK9","0.169","0.592","0.372","2","hsa-miR-4722-3p","hsa-miR-7703","","","","",""
"NF2","0.0990","0.592","0.373","3","hsa-miR-1229-3p","hsa-miR-7703","hsa-miR-1253","","","",""
"NFASC","0.0999","0.592","0.269","2","hsa-miR-5591-5p","hsa-miR-6722-3p","","","","",""
"NFATC2IP","0.0379","0.592","0.251","3","hsa-miR-371b-5p","hsa-miR-4722-3p","hsa-miR-5587-5p","","","",""
"NIF3L1","0.0246","0.592","0.124","2","hsa-miR-5591-5p","hsa-miR-6722-3p","","","","",""
"NKX2-2","0.0189","0.592","0.108","2","hsa-miR-1227-5p","hsa-miR-6829-3p","","","","",""
"NMNAT1","0.110","0.592","0.285","2","hsa-miR-6847-3p","hsa-miR-4722-3p","","","","",""
"NOVA2","0.0802","0.592","0.237","2","hsa-miR-4722-3p","hsa-miR-134-3p","","","","",""
"NQO2","0.146","0.592","0.339","2","hsa-miR-6829-3p","hsa-miR-4722-3p","","","","",""
"NR3C1","0.293","0.592","0.539","2","hsa-miR-4282","hsa-miR-3130-3p","","","","",""
"NRIP3","0.181","0.592","0.388","2","hsa-miR-1229-3p","hsa-miR-7854-3p","","","","",""
"NT5C2","0.143","0.592","0.334","2","hsa-miR-6829-3p","hsa-miR-4722-3p","","","","",""
"NUDT3","0.0124","0.592","0.334","6","hsa-miR-7703","hsa-miR-5587-5p","hsa-miR-4282","hsa-miR-371b-5p","hsa-miR-1253","hsa-miR-6769b-5p",""
"NUP155","0.261","0.592","0.496","2","hsa-miR-6847-3p","hsa-miR-7703","","","","",""
"NUP35","0.0429","0.592","0.167","2","hsa-miR-7703","hsa-miR-6722-3p","","","","",""
"NUP50","0.0436","0.592","0.266","3","hsa-miR-4282","hsa-miR-4524b-5p","hsa-miR-660-5p","","","",""
"NUP62","0.173","0.592","0.377","2","hsa-miR-6769b-5p","hsa-miR-7854-3p","","","","",""
"NUP93","0.128","0.592","0.312","2","hsa-miR-4722-3p","hsa-miR-7703","","","","",""
"NUP98","0.162","0.592","0.361","2","hsa-miR-5591-5p","hsa-miR-4722-3p","","","","",""
"NUPL2","0.115","0.592","0.399","3","hsa-miR-7703","hsa-miR-4722-3p","hsa-miR-6829-3p","","","",""
"OCIAD2","0.00989","0.592","0.271","5","hsa-miR-4722-3p","hsa-miR-3130-3p","hsa-miR-6829-3p","hsa-miR-371b-5p","hsa-miR-7703","",""
"OGFOD1","0.0508","0.592","0.183","2","hsa-miR-6829-3p","hsa-miR-4722-3p","","","","",""
"OLA1","0.103","0.592","0.275","2","hsa-miR-6802-3p","hsa-miR-218-2-3p","","","","",""
"OLFML2A","0.181","0.592","0.388","2","hsa-miR-6847-3p","hsa-miR-7703","","","","",""
"OPA3","0.269","0.592","0.506","2","hsa-miR-1229-3p","hsa-miR-6829-3p","","","","",""
"ORC1","0.110","0.592","0.285","2","hsa-miR-7703","hsa-miR-371b-5p","","","","",""
"ORC6","0.00439","0.592","0.172","4","hsa-miR-6829-3p","hsa-miR-7854-3p","hsa-miR-4741","hsa-miR-7703","","",""
"OSBPL10","0.189","0.592","0.399","2","hsa-miR-6769b-5p","hsa-miR-6829-3p","","","","",""
"OTUB1","0.0117","0.592","0.162","3","hsa-miR-4749-5p","hsa-miR-6722-3p","hsa-miR-7854-3p","","","",""
"OTUD4","0.285","0.592","0.528","2","hsa-miR-4282","hsa-miR-4749-5p","","","","",""
"OXA1L","0.0591","0.592","0.199","2","hsa-miR-1253","hsa-miR-6829-3p","","","","",""
"PAFAH1B2","0.183","0.592","0.496","3","hsa-miR-548h-5p","hsa-miR-5585-3p","hsa-miR-6847-3p","","","",""
"PAICS","0.00415","0.592","0.170","4","hsa-miR-134-3p","hsa-miR-3130-3p","hsa-miR-7703","hsa-miR-371b-5p","","",""
"PAK2","0.257","0.592","0.490","2","hsa-miR-1253","hsa-miR-7703","","","","",""
"PALD1","0.0481","0.592","0.178","2","hsa-miR-6829-3p","hsa-miR-1253","","","","",""
"PALM2","0.200","0.592","0.415","2","hsa-miR-4722-3p","hsa-miR-6829-3p","","","","",""
"PALM2-AKAP2","0.132","0.592","0.318","2","hsa-miR-4741","hsa-miR-6829-3p","","","","",""
"PANK3","0.314","0.592","0.566","2","hsa-miR-4282","hsa-miR-6829-3p","","","","",""
"PAQR5","0.165","0.592","0.366","2","hsa-miR-1253","hsa-miR-5591-5p","","","","",""
"PARD6B","0.0405","0.592","0.331","4","hsa-miR-4282","hsa-miR-5591-5p","hsa-miR-4524b-5p","hsa-miR-371b-5p","","",""
"PARP15","0.0236","0.592","0.280","4","hsa-miR-4282","hsa-miR-371b-5p","hsa-miR-548h-5p","hsa-miR-6847-3p","","",""
"PARP2","0.122","0.592","0.409","3","hsa-miR-6847-3p","hsa-miR-371b-5p","hsa-miR-7854-3p","","","",""
"PCBD2","0.0277","0.592","0.223","3","hsa-miR-4282","hsa-miR-6847-3p","hsa-miR-7703","","","",""
"PCCB","0.265","0.592","0.501","2","hsa-miR-6829-3p","hsa-miR-4722-3p","","","","",""
"PCLAF","0.0277","0.592","0.223","3","hsa-miR-371b-5p","hsa-miR-4722-3p","hsa-miR-7703","","","",""
"PCMTD1","0.181","0.592","0.388","2","hsa-miR-7703","hsa-miR-548h-5p","","","","",""
"PDE12","0.141","0.592","0.438","3","hsa-miR-548h-5p","hsa-miR-4722-3p","hsa-miR-6847-3p","","","",""
"PDE4C","0.322","0.592","0.576","2","hsa-miR-4749-5p","hsa-miR-4722-3p","","","","",""
"PDLIM5","0.0277","0.592","0.223","3","hsa-miR-6829-3p","hsa-miR-4722-3p","hsa-miR-6722-3p","","","",""
"PDP2","0.117","0.592","0.402","3","hsa-miR-6722-3p","hsa-miR-134-3p","hsa-miR-371b-5p","","","",""
"PER1","0.314","0.592","0.566","2","hsa-miR-1227-5p","hsa-miR-4749-5p","","","","",""
"PEX26","0.0386","0.592","0.384","5","hsa-miR-4741","hsa-miR-134-3p","hsa-miR-4722-3p","hsa-miR-6829-3p","hsa-miR-4749-5p","",""
"PHAX","0.217","0.592","0.539","3","hsa-miR-6847-3p","hsa-miR-6829-3p","hsa-miR-371b-5p","","","",""
"PHB2","0.167","0.592","0.474","3","hsa-miR-548h-5p","hsa-miR-412-3p","hsa-miR-6802-3p","","","",""
"PIAS2","0.0965","0.592","0.264","2","hsa-miR-4722-3p","hsa-miR-6829-3p","","","","",""
"PIP4P2","0.0563","0.592","0.194","2","hsa-miR-6802-3p","hsa-miR-412-3p","","","","",""
"PISD","0.185","0.592","0.393","2","hsa-miR-4524b-5p","hsa-miR-7854-3p","","","","",""
"PITPNM3","0.257","0.592","0.490","2","hsa-miR-6769b-5p","hsa-miR-6847-3p","","","","",""
"PIWIL1","0.0429","0.592","0.167","2","hsa-miR-6829-3p","hsa-miR-4722-3p","","","","",""
"PKD1","0.0146","0.592","0.242","4","hsa-miR-412-3p","hsa-miR-5591-5p","hsa-miR-6722-3p","hsa-miR-548h-5p","","",""
"PLA2G2C","0.124","0.592","0.307","2","hsa-miR-371b-5p","hsa-miR-4282","","","","",""
"PLAGL2","0.333","0.592","0.679","3","hsa-miR-548h-5p","hsa-miR-218-2-3p","hsa-miR-7854-3p","","","",""
"PLEKHA3","0.281","0.592","0.523","2","hsa-miR-6769b-5p","hsa-miR-7703","","","","",""
"PLEKHG3","0.132","0.592","0.318","2","hsa-miR-371b-5p","hsa-miR-6769b-5p","","","","",""
"PLEKHM3","0.173","0.592","0.377","2","hsa-miR-6829-3p","hsa-miR-4722-3p","","","","",""
"PLXND1","0.281","0.592","0.523","2","hsa-miR-4741","hsa-miR-3130-3p","","","","",""
"PNPLA3","0.208","0.592","0.426","2","hsa-miR-4722-3p","hsa-miR-7854-3p","","","","",""
"PNRC2","0.165","0.592","0.366","2","hsa-miR-4282","hsa-miR-4524b-5p","","","","",""
"POC1A","0.0365","0.592","0.248","3","hsa-miR-6722-3p","hsa-miR-4722-3p","hsa-miR-6829-3p","","","",""
"POC1B-GALNT4","0.0481","0.592","0.178","2","hsa-miR-6847-3p","hsa-miR-4282","","","","",""
"POFUT2","0.249","0.592","0.479","2","hsa-miR-1253","hsa-miR-7703","","","","",""
"POLQ","0.237","0.592","0.463","2","hsa-miR-7703","hsa-miR-4722-3p","","","","",""
"POLR2E","0.0529","0.592","0.287","3","hsa-miR-4722-3p","hsa-miR-6722-3p","hsa-miR-6769b-5p","","","",""
"POLR3K","0.237","0.592","0.463","2","hsa-miR-412-3p","hsa-miR-371b-5p","","","","",""
"POU2F3","0.0965","0.592","0.264","2","hsa-miR-7703","hsa-miR-4741","","","","",""
"POU5F1B","0.0380","0.592","0.156","2","hsa-miR-371b-5p","hsa-miR-4282","","","","",""
"PPIC","0.273","0.592","0.512","2","hsa-miR-6802-3p","hsa-miR-4722-3p","","","","",""
"PPIL4","0.224","0.592","0.447","2","hsa-miR-4282","hsa-miR-7703","","","","",""
"PPIL6","0.0771","0.592","0.232","2","hsa-miR-7703","hsa-miR-5591-5p","","","","",""
"PPL","0.0226","0.592","0.119","2","hsa-miR-412-3p","hsa-miR-1229-3p","","","","",""
"PPP2R5C","0.0429","0.592","0.167","2","hsa-miR-4524b-5p","hsa-miR-134-3p","","","","",""
"PPP6R1","0.273","0.592","0.512","2","hsa-miR-1229-3p","hsa-miR-6769b-5p","","","","",""
"PPTC7","0.216","0.592","0.436","2","hsa-miR-4749-5p","hsa-miR-6847-3p","","","","",""
"PRKCA","0.00631","0.592","0.129","3","hsa-miR-371b-5p","hsa-miR-4722-3p","hsa-miR-6847-3p","","","",""
"PRKX","0.162","0.592","0.361","2","hsa-miR-4722-3p","hsa-miR-412-3p","","","","",""
"PRRT2","0.177","0.592","0.382","2","hsa-miR-4741","hsa-miR-6829-3p","","","","",""
"PTBP3","0.124","0.592","0.307","2","hsa-miR-1229-3p","hsa-miR-371b-5p","","","","",""
"PTCHD3","0.0649","0.592","0.210","2","hsa-miR-7703","hsa-miR-4722-3p","","","","",""
"PTMA","0.154","0.592","0.456","3","hsa-miR-5585-3p","hsa-miR-5587-5p","hsa-miR-4282","","","",""
"PTPA","0.0762","0.592","0.334","3","hsa-miR-1253","hsa-miR-4741","hsa-miR-5591-5p","","","",""
"PXDC1","0.0267","0.592","0.129","2","hsa-miR-6722-3p","hsa-miR-134-3p","","","","",""
"PXMP4","0.0580","0.592","0.298","3","hsa-miR-7703","hsa-miR-134-3p","hsa-miR-371b-5p","","","",""
"PYCR1","0.0620","0.592","0.205","2","hsa-miR-1253","hsa-miR-5591-5p","","","","",""
"QKI","0.253","0.592","0.485","2","hsa-miR-4722-3p","hsa-miR-4282","","","","",""
"QPCT","0.0288","0.592","0.135","2","hsa-miR-7854-3p","hsa-miR-7703","","","","",""
"RAB3C","0.0620","0.592","0.205","2","hsa-miR-5587-5p","hsa-miR-6829-3p","","","","",""
"RAB5C","0.293","0.592","0.539","2","hsa-miR-4282","hsa-miR-5587-5p","","","","",""
"RABGAP1L","0.0650","0.592","0.312","3","hsa-miR-371b-5p","hsa-miR-4722-3p","hsa-miR-6829-3p","","","",""
"RAD51","0.00395","0.592","0.264","6","hsa-miR-7854-3p","hsa-miR-4722-3p","hsa-miR-371b-5p","hsa-miR-6847-3p","hsa-miR-7703","hsa-miR-6722-3p",""
"RALY","0.197","0.592","0.409","2","hsa-miR-412-3p","hsa-miR-6847-3p","","","","",""
"RAPGEF1","0.208","0.592","0.426","2","hsa-miR-6829-3p","hsa-miR-4722-3p","","","","",""
"RASSF9","0.257","0.592","0.490","2","hsa-miR-4282","hsa-miR-7703","","","","",""
"RBM41","0.241","0.592","0.469","2","hsa-miR-412-3p","hsa-miR-4282","","","","",""
"RBM43","0.257","0.592","0.490","2","hsa-miR-4722-3p","hsa-miR-7703","","","","",""
"RDH13","0.146","0.592","0.339","2","hsa-miR-5585-3p","hsa-miR-6829-3p","","","","",""
"RECK","0.158","0.592","0.356","2","hsa-miR-4524b-5p","hsa-miR-7854-3p","","","","",""
"REXO2","0.0740","0.592","0.226","2","hsa-miR-1229-3p","hsa-miR-4722-3p","","","","",""
"RFC2","0.232","0.592","0.458","2","hsa-miR-4722-3p","hsa-miR-6829-3p","","","","",""
"RGP1","0.216","0.592","0.436","2","hsa-miR-4722-3p","hsa-miR-6829-3p","","","","",""
"RGS17","0.128","0.592","0.312","2","hsa-miR-6829-3p","hsa-miR-4722-3p","","","","",""
"RHEBP1","0.0246","0.592","0.124","2","hsa-miR-5587-5p","hsa-miR-4282","","","","",""
"RHOA","0.0724","0.592","0.327","3","hsa-miR-4741","hsa-miR-1227-5p","hsa-miR-6769b-5p","","","",""
"RILPL1","0.0289","0.592","0.226","3","hsa-miR-7703","hsa-miR-6829-3p","hsa-miR-4722-3p","","","",""
"RNF103-CHMP3","0.0591","0.592","0.199","2","hsa-miR-5587-5p","hsa-miR-371b-5p","","","","",""
"RNF11","0.223","0.592","0.546","3","hsa-miR-1253","hsa-miR-218-2-3p","hsa-miR-4722-3p","","","",""
"RNF14","0.0481","0.592","0.178","2","hsa-miR-4722-3p","hsa-miR-1253","","","","",""
"RNF149","0.0529","0.592","0.287","3","hsa-miR-4524b-5p","hsa-miR-6829-3p","hsa-miR-4722-3p","","","",""
"RNF157","0.293","0.592","0.539","2","hsa-miR-6722-3p","hsa-miR-4722-3p","","","","",""
"RNF185","0.0679","0.592","0.215","2","hsa-miR-7854-3p","hsa-miR-6769b-5p","","","","",""
"RNF187","0.224","0.592","0.447","2","hsa-miR-6722-3p","hsa-miR-7854-3p","","","","",""
"RNF19B","0.0883","0.592","0.356","3","hsa-miR-6802-3p","hsa-miR-6829-3p","hsa-miR-4722-3p","","","",""
"RNF219","0.0246","0.592","0.124","2","hsa-miR-6802-3p","hsa-miR-412-3p","","","","",""
"RNF38","0.0899","0.592","0.253","2","hsa-miR-5585-3p","hsa-miR-371b-5p","","","","",""
"RNF4","0.0834","0.592","0.242","2","hsa-miR-7703","hsa-miR-4741","","","","",""
"RNF40","0.0175","0.592","0.256","4","hsa-miR-1229-3p","hsa-miR-1227-5p","hsa-miR-6769b-5p","hsa-miR-7854-3p","","",""
"RNF44","0.128","0.592","0.312","2","hsa-miR-7703","hsa-miR-371b-5p","","","","",""
"RPL12","0.0899","0.592","0.253","2","hsa-miR-134-3p","hsa-miR-7703","","","","",""
"RPL14","0.253","0.592","0.485","2","hsa-miR-6847-3p","hsa-miR-6769b-5p","","","","",""
"RPL37","0.0266","0.592","0.219","3","hsa-miR-4722-3p","hsa-miR-371b-5p","hsa-miR-6829-3p","","","",""
"RPL41","0.0802","0.592","0.341","3","hsa-miR-7854-3p","hsa-miR-218-2-3p","hsa-miR-6769b-5p","","","",""
"RPL7L1","0.300","0.592","0.639","3","hsa-miR-548h-5p","hsa-miR-6847-3p","hsa-miR-4722-3p","","","",""
"RPRM","0.0455","0.592","0.172","2","hsa-miR-5591-5p","hsa-miR-1253","","","","",""
"RRAGC","0.132","0.592","0.318","2","hsa-miR-371b-5p","hsa-miR-134-3p","","","","",""
"RRAGD","0.132","0.592","0.318","2","hsa-miR-1253","hsa-miR-1229-3p","","","","",""
"RRP36","0.110","0.592","0.391","3","hsa-miR-6829-3p","hsa-miR-6769b-5p","hsa-miR-4722-3p","","","",""
"RXRB","0.0899","0.592","0.253","2","hsa-miR-7854-3p","hsa-miR-412-3p","","","","",""
"S1PR2","0.269","0.592","0.506","2","hsa-miR-371b-5p","hsa-miR-7703","","","","",""
"SAMD8","0.0416","0.592","0.334","4","hsa-miR-548h-5p","hsa-miR-6829-3p","hsa-miR-6802-3p","hsa-miR-4722-3p","","",""
"SBF1","0.228","0.592","0.452","2","hsa-miR-4741","hsa-miR-4749-5p","","","","",""
"SBK1","0.185","0.592","0.393","2","hsa-miR-1227-5p","hsa-miR-4749-5p","","","","",""
"SCAMP4","0.167","0.592","0.474","3","hsa-miR-4524b-5p","hsa-miR-4749-5p","hsa-miR-6769b-5p","","","",""
"SCARF1","0.0932","0.592","0.259","2","hsa-miR-4282","hsa-miR-7703","","","","",""
"SCN2B","0.0866","0.592","0.248","2","hsa-miR-5585-3p","hsa-miR-4722-3p","","","","",""
"SDE2","0.257","0.592","0.490","2","hsa-miR-4282","hsa-miR-548h-5p","","","","",""
"SEC22C","0.0157","0.592","0.180","3","hsa-miR-6847-3p","hsa-miR-371b-5p","hsa-miR-660-5p","","","",""
"SEC23IP","0.0380","0.592","0.156","2","hsa-miR-6829-3p","hsa-miR-4722-3p","","","","",""
"SEC24A","0.193","0.592","0.404","2","hsa-miR-4524b-5p","hsa-miR-412-3p","","","","",""
"SEC61A1","0.128","0.592","0.312","2","hsa-miR-1253","hsa-miR-4524b-5p","","","","",""
"SELENON","0.0762","0.592","0.334","3","hsa-miR-6802-3p","hsa-miR-412-3p","hsa-miR-7854-3p","","","",""
"SEMA6B","0.0380","0.592","0.156","2","hsa-miR-1227-5p","hsa-miR-1229-3p","","","","",""
"SEMA7A","0.146","0.592","0.339","2","hsa-miR-6722-3p","hsa-miR-1253","","","","",""
"SERF1A","0.0866","0.592","0.248","2","hsa-miR-4741","hsa-miR-7703","","","","",""
"SERF1B","0.0932","0.592","0.259","2","hsa-miR-4741","hsa-miR-7703","","","","",""
"SETBP1","0.0104","0.592","0.154","3","hsa-miR-6769b-5p","hsa-miR-7151-5p","hsa-miR-4282","","","",""
"SETD1B","0.0156","0.592","0.304","5","hsa-miR-4524b-5p","hsa-miR-412-3p","hsa-miR-5591-5p","hsa-miR-1253","hsa-miR-6769b-5p","",""
"SETD7","0.261","0.592","0.496","2","hsa-miR-1229-3p","hsa-miR-548h-5p","","","","",""
"SFT2D2","0.177","0.592","0.555","4","hsa-miR-4524b-5p","hsa-miR-6722-3p","hsa-miR-1253","hsa-miR-6847-3p","","",""
"SH3D19","0.0866","0.592","0.248","2","hsa-miR-7151-5p","hsa-miR-371b-5p","","","","",""
"SHE","0.132","0.592","0.318","2","hsa-miR-371b-5p","hsa-miR-7703","","","","",""
"SHISA9","0.330","0.592","0.587","2","hsa-miR-548h-5p","hsa-miR-6847-3p","","","","",""
"SHMT1","0.0842","0.592","0.348","3","hsa-miR-4282","hsa-miR-134-3p","hsa-miR-371b-5p","","","",""
"SIGLEC9","0.253","0.592","0.485","2","hsa-miR-4722-3p","hsa-miR-7703","","","","",""
"SIK2","0.0834","0.592","0.242","2","hsa-miR-1229-3p","hsa-miR-4722-3p","","","","",""
"SIT1","0.121","0.592","0.302","2","hsa-miR-6847-3p","hsa-miR-6829-3p","","","","",""
"SKI","0.0216","0.592","0.377","6","hsa-miR-4524b-5p","hsa-miR-6722-3p","hsa-miR-4282","hsa-miR-371b-5p","hsa-miR-1227-5p","hsa-miR-4741",""
"SLAMF1","0.0189","0.592","0.108","2","hsa-miR-6802-3p","hsa-miR-412-3p","","","","",""
"SLC10A6","0.326","0.592","0.582","2","hsa-miR-6829-3p","hsa-miR-1253","","","","",""
"SLC10A7","0.158","0.592","0.356","2","hsa-miR-4749-5p","hsa-miR-4282","","","","",""
"SLC1A5","0.288","0.592","0.625","3","hsa-miR-3130-3p","hsa-miR-4722-3p","hsa-miR-6847-3p","","","",""
"SLC24A4","0.330","0.592","0.587","2","hsa-miR-371b-5p","hsa-miR-7703","","","","",""
"SLC25A22","0.0834","0.592","0.242","2","hsa-miR-1227-5p","hsa-miR-6722-3p","","","","",""
"SLC25A33","0.314","0.592","0.566","2","hsa-miR-134-3p","hsa-miR-4722-3p","","","","",""
"SLC25A45","0.241","0.592","0.469","2","hsa-miR-6829-3p","hsa-miR-4722-3p","","","","",""
"SLC26A2","0.146","0.592","0.339","2","hsa-miR-6829-3p","hsa-miR-4722-3p","","","","",""
"SLC28A1","0.241","0.592","0.469","2","hsa-miR-371b-5p","hsa-miR-3130-3p","","","","",""
"SLC2A3","0.0899","0.592","0.253","2","hsa-miR-6847-3p","hsa-miR-4524b-5p","","","","",""
"SLC35E1","0.128","0.592","0.312","2","hsa-miR-7703","hsa-miR-6829-3p","","","","",""
"SLC35E2","0.314","0.592","0.566","2","hsa-miR-371b-5p","hsa-miR-7703","","","","",""
"SLC38A9","0.189","0.592","0.399","2","hsa-miR-371b-5p","hsa-miR-4722-3p","","","","",""
"SLC43A2","0.173","0.592","0.377","2","hsa-miR-4722-3p","hsa-miR-1253","","","","",""
"SLC47A1","0.107","0.592","0.280","2","hsa-miR-5591-5p","hsa-miR-4749-5p","","","","",""
"SLC4A2","0.0999","0.592","0.269","2","hsa-miR-1253","hsa-miR-6722-3p","","","","",""
"SLC6A17","0.0899","0.592","0.253","2","hsa-miR-7151-5p","hsa-miR-7854-3p","","","","",""
"SLC7A11","0.0925","0.592","0.363","3","hsa-miR-4282","hsa-miR-6829-3p","hsa-miR-4722-3p","","","",""
"SLC7A14","0.0866","0.592","0.248","2","hsa-miR-5585-3p","hsa-miR-4722-3p","","","","",""
"SLCO3A1","0.146","0.592","0.339","2","hsa-miR-371b-5p","hsa-miR-4524b-5p","","","","",""
"SLIT1","0.0679","0.592","0.215","2","hsa-miR-6769b-5p","hsa-miR-4722-3p","","","","",""
"SMS","0.0932","0.592","0.259","2","hsa-miR-371b-5p","hsa-miR-4282","","","","",""
"SMU1","0.309","0.592","0.560","2","hsa-miR-7703","hsa-miR-4282","","","","",""
"SMYD1","0.00848","0.592","0.144","3","hsa-miR-5585-3p","hsa-miR-3130-3p","hsa-miR-7854-3p","","","",""
"SNRNP48","0.0333","0.592","0.145","2","hsa-miR-7703","hsa-miR-3130-3p","","","","",""
"SON","0.139","0.592","0.435","3","hsa-miR-412-3p","hsa-miR-4282","hsa-miR-218-2-3p","","","",""
"SORD","0.0202","0.592","0.198","3","hsa-miR-6829-3p","hsa-miR-4722-3p","hsa-miR-6847-3p","","","",""
"SP110","0.117","0.592","0.296","2","hsa-miR-4722-3p","hsa-miR-6769b-5p","","","","",""
"SP2","0.0529","0.592","0.287","3","hsa-miR-6722-3p","hsa-miR-7854-3p","hsa-miR-6802-3p","","","",""
"SP4","0.0740","0.592","0.226","2","hsa-miR-4282","hsa-miR-371b-5p","","","","",""
"SPIRE2","0.0404","0.592","0.162","2","hsa-miR-4722-3p","hsa-miR-371b-5p","","","","",""
"SPRYD4","0.0705","0.592","0.323","3","hsa-miR-548h-5p","hsa-miR-7703","hsa-miR-371b-5p","","","",""
"SPTY2D1","0.128","0.592","0.312","2","hsa-miR-4282","hsa-miR-4722-3p","","","","",""
"SRF","0.0743","0.592","0.330","3","hsa-miR-1229-3p","hsa-miR-6802-3p","hsa-miR-4722-3p","","","",""
"SRSF10","0.0899","0.592","0.253","2","hsa-miR-5587-5p","hsa-miR-1253","","","","",""
"SSBP2","0.149","0.592","0.449","3","hsa-miR-7854-3p","hsa-miR-6829-3p","hsa-miR-7703","","","",""
"STAT2","0.146","0.592","0.339","2","hsa-miR-371b-5p","hsa-miR-7703","","","","",""
"STMP1","0.162","0.592","0.361","2","hsa-miR-7854-3p","hsa-miR-371b-5p","","","","",""
"STOML1","0.0771","0.592","0.232","2","hsa-miR-412-3p","hsa-miR-371b-5p","","","","",""
"STPG1","0.0591","0.592","0.199","2","hsa-miR-6829-3p","hsa-miR-4722-3p","","","","",""
"STX4","0.253","0.592","0.485","2","hsa-miR-6847-3p","hsa-miR-3130-3p","","","","",""
"SULT1B1","0.165","0.592","0.470","3","hsa-miR-371b-5p","hsa-miR-6847-3p","hsa-miR-1253","","","",""
"SUSD5","0.0481","0.592","0.178","2","hsa-miR-7703","hsa-miR-412-3p","","","","",""
"SVOP","0.322","0.592","0.576","2","hsa-miR-548h-5p","hsa-miR-6829-3p","","","","",""
"SYAP1","0.0597","0.592","0.302","3","hsa-miR-5587-5p","hsa-miR-6829-3p","hsa-miR-4722-3p","","","",""
"TACO1","0.200","0.592","0.415","2","hsa-miR-7703","hsa-miR-1229-3p","","","","",""
"TACR2","0.0154","0.592","0.0970","2","hsa-miR-7703","hsa-miR-4722-3p","","","","",""
"TAF13","0.150","0.592","0.345","2","hsa-miR-4722-3p","hsa-miR-7703","","","","",""
"TAF8","0.0990","0.592","0.373","3","hsa-miR-7703","hsa-miR-4741","hsa-miR-6847-3p","","","",""
"TANGO2","0.220","0.592","0.442","2","hsa-miR-7703","hsa-miR-371b-5p","","","","",""
"TARDBP","0.0999","0.592","0.269","2","hsa-miR-1229-3p","hsa-miR-4282","","","","",""
"TBC1D15","0.121","0.592","0.302","2","hsa-miR-7703","hsa-miR-371b-5p","","","","",""
"TEF","0.0110","0.592","0.158","3","hsa-miR-4282","hsa-miR-7703","hsa-miR-4524b-5p","","","",""
"TERF2","0.245","0.592","0.474","2","hsa-miR-7854-3p","hsa-miR-7703","","","","",""
"TES","0.135","0.592","0.323","2","hsa-miR-7151-5p","hsa-miR-371b-5p","","","","",""
"TET3","0.318","0.592","0.571","2","hsa-miR-218-2-3p","hsa-miR-1253","","","","",""
"TFDP2","0.139","0.592","0.435","3","hsa-miR-7703","hsa-miR-371b-5p","hsa-miR-4282","","","",""
"TGIF1","0.154","0.592","0.350","2","hsa-miR-1253","hsa-miR-371b-5p","","","","",""
"TGOLN2","0.293","0.592","0.539","2","hsa-miR-4282","hsa-miR-4722-3p","","","","",""
"TIMM29","0.277","0.592","0.517","2","hsa-miR-7703","hsa-miR-4722-3p","","","","",""
"TIMM8A","0.0106","0.592","0.276","5","hsa-miR-7703","hsa-miR-4722-3p","hsa-miR-7151-5p","hsa-miR-1229-3p","hsa-miR-6829-3p","",""
"TIMM8B","0.0267","0.592","0.129","2","hsa-miR-4741","hsa-miR-5587-5p","","","","",""
"TIRAP","0.139","0.592","0.329","2","hsa-miR-7703","hsa-miR-6829-3p","","","","",""
"TLCD2","0.249","0.592","0.479","2","hsa-miR-6829-3p","hsa-miR-4722-3p","","","","",""
"TLN1","0.0802","0.592","0.341","3","hsa-miR-371b-5p","hsa-miR-4282","hsa-miR-5591-5p","","","",""
"TMED8","0.00580","0.592","0.0593","2","hsa-miR-7703","hsa-miR-134-3p","","","","",""
"TMEM145","0.0455","0.592","0.172","2","hsa-miR-6722-3p","hsa-miR-7703","","","","",""
"TMEM151A","0.0157","0.592","0.180","3","hsa-miR-6722-3p","hsa-miR-6829-3p","hsa-miR-4722-3p","","","",""
"TMEM154","0.0130","0.592","0.234","4","hsa-miR-371b-5p","hsa-miR-4722-3p","hsa-miR-5585-3p","hsa-miR-6829-3p","","",""
"TMEM170A","0.314","0.592","0.566","2","hsa-miR-6829-3p","hsa-miR-7703","","","","",""
"TMEM184C","0.197","0.592","0.409","2","hsa-miR-7703","hsa-miR-371b-5p","","","","",""
"TMEM192","0.110","0.592","0.285","2","hsa-miR-4282","hsa-miR-6847-3p","","","","",""
"TMEM233","0.0356","0.592","0.151","2","hsa-miR-4722-3p","hsa-miR-449c-3p","","","","",""
"TMEM239","0.265","0.592","0.501","2","hsa-miR-7703","hsa-miR-6769b-5p","","","","",""
"TMEM33","0.241","0.592","0.469","2","hsa-miR-3130-3p","hsa-miR-7703","","","","",""
"TMEM44","0.00790","0.592","0.140","3","hsa-miR-4524b-5p","hsa-miR-371b-5p","hsa-miR-7703","","","",""
"TMEM65","0.0620","0.592","0.205","2","hsa-miR-371b-5p","hsa-miR-7703","","","","",""
"TMEM81","0.0834","0.592","0.242","2","hsa-miR-4722-3p","hsa-miR-218-2-3p","","","","",""
"TMOD3","0.139","0.592","0.435","3","hsa-miR-4282","hsa-miR-6829-3p","hsa-miR-4722-3p","","","",""
"TNFAIP8L1","0.297","0.592","0.544","2","hsa-miR-371b-5p","hsa-miR-4722-3p","","","","",""
"TNPO2","0.149","0.592","0.449","3","hsa-miR-6722-3p","hsa-miR-1253","hsa-miR-4722-3p","","","",""
"TOP3A","0.0122","0.592","0.0862","2","hsa-miR-6829-3p","hsa-miR-4722-3p","","","","",""
"TOR1B","0.165","0.592","0.366","2","hsa-miR-218-2-3p","hsa-miR-371b-5p","","","","",""
"TOR4A","0.00670","0.592","0.194","4","hsa-miR-4749-5p","hsa-miR-7703","hsa-miR-6774-3p","hsa-miR-1253","","",""
"TPD52L2","0.0709","0.592","0.221","2","hsa-miR-5591-5p","hsa-miR-1253","","","","",""
"TPGS1","0.0591","0.592","0.199","2","hsa-miR-6829-3p","hsa-miR-7703","","","","",""
"TRA2B","0.189","0.592","0.399","2","hsa-miR-4282","hsa-miR-548h-5p","","","","",""
"TRAF3IP1","0.0289","0.592","0.226","3","hsa-miR-6847-3p","hsa-miR-371b-5p","hsa-miR-7703","","","",""
"TRAF3IP2","0.269","0.592","0.506","2","hsa-miR-6847-3p","hsa-miR-1253","","","","",""
"TRAF6","0.177","0.592","0.382","2","hsa-miR-1253","hsa-miR-6769b-5p","","","","",""
"TRAF7","0.0529","0.592","0.287","3","hsa-miR-1229-3p","hsa-miR-6802-3p","hsa-miR-6722-3p","","","",""
"TRAPPC2","0.124","0.592","0.413","3","hsa-miR-7703","hsa-miR-6769b-5p","hsa-miR-7854-3p","","","",""
"TRIM35","0.128","0.592","0.312","2","hsa-miR-4524b-5p","hsa-miR-6829-3p","","","","",""
"TRIR","0.0965","0.592","0.264","2","hsa-miR-7854-3p","hsa-miR-1253","","","","",""
"TRMT2B","0.124","0.592","0.307","2","hsa-miR-6722-3p","hsa-miR-7703","","","","",""
"TSPEAR-AS2","0.0333","0.592","0.145","2","hsa-miR-371b-5p","hsa-miR-7703","","","","",""
"TTC9C","0.169","0.592","0.372","2","hsa-miR-5591-5p","hsa-miR-4722-3p","","","","",""
"TTLL12","0.297","0.592","0.544","2","hsa-miR-6829-3p","hsa-miR-4722-3p","","","","",""
"TTPAL","0.128","0.592","0.312","2","hsa-miR-4282","hsa-miR-371b-5p","","","","",""
"TUBB","0.277","0.592","0.517","2","hsa-miR-1253","hsa-miR-7854-3p","","","","",""
"TWISTNB","0.0591","0.592","0.199","2","hsa-miR-4282","hsa-miR-371b-5p","","","","",""
"TXNL1","0.212","0.592","0.431","2","hsa-miR-6829-3p","hsa-miR-371b-5p","","","","",""
"TXNRD3NB","0.0508","0.592","0.183","2","hsa-miR-134-3p","hsa-miR-6829-3p","","","","",""
"UBBP4","0.0649","0.592","0.210","2","hsa-miR-1227-5p","hsa-miR-6722-3p","","","","",""
"UBL3","0.0740","0.592","0.226","2","hsa-miR-6847-3p","hsa-miR-5587-5p","","","","",""
"UGGT2","0.0189","0.592","0.108","2","hsa-miR-4722-3p","hsa-miR-6829-3p","","","","",""
"UGT2B4","0.143","0.592","0.334","2","hsa-miR-4524b-5p","hsa-miR-1229-3p","","","","",""
"UNKL","0.0333","0.592","0.145","2","hsa-miR-4282","hsa-miR-7703","","","","",""
"UQCR11","0.0649","0.592","0.210","2","hsa-miR-4722-3p","hsa-miR-7703","","","","",""
"USP53","0.107","0.592","0.280","2","hsa-miR-548h-5p","hsa-miR-4524b-5p","","","","",""
"UTP6","0.0148","0.592","0.176","3","hsa-miR-7703","hsa-miR-1253","hsa-miR-371b-5p","","","",""
"VEZT","0.0771","0.592","0.232","2","hsa-miR-6829-3p","hsa-miR-4722-3p","","","","",""
"VGLL4","0.139","0.592","0.329","2","hsa-miR-4749-5p","hsa-miR-1253","","","","",""
"VHL","0.0289","0.592","0.226","3","hsa-miR-4282","hsa-miR-6802-3p","hsa-miR-371b-5p","","","",""
"VHLL","0.177","0.592","0.382","2","hsa-miR-134-3p","hsa-miR-7703","","","","",""
"VLDLR","0.200","0.592","0.415","2","hsa-miR-548h-5p","hsa-miR-371b-5p","","","","",""
"VPS37A","0.0563","0.592","0.194","2","hsa-miR-4282","hsa-miR-371b-5p","","","","",""
"VPS8","0.150","0.592","0.345","2","hsa-miR-6769b-5p","hsa-miR-6847-3p","","","","",""
"VTA1","0.0649","0.592","0.210","2","hsa-miR-4722-3p","hsa-miR-6829-3p","","","","",""
"WDR12","0.0243","0.592","0.212","3","hsa-miR-4722-3p","hsa-miR-371b-5p","hsa-miR-7703","","","",""
"WDR26","0.165","0.592","0.366","2","hsa-miR-4282","hsa-miR-4722-3p","","","","",""
"WDR31","0.0709","0.592","0.221","2","hsa-miR-371b-5p","hsa-miR-4722-3p","","","","",""
"WDR81","0.0563","0.592","0.194","2","hsa-miR-6722-3p","hsa-miR-1253","","","","",""
"WIPF2","0.00726","0.592","0.252","5","hsa-miR-7854-3p","hsa-miR-449c-3p","hsa-miR-1253","hsa-miR-371b-5p","hsa-miR-4722-3p","",""
"WNK3","0.185","0.592","0.393","2","hsa-miR-660-5p","hsa-miR-4524b-5p","","","","",""
"WT1","0.189","0.592","0.399","2","hsa-miR-371b-5p","hsa-miR-7703","","","","",""
"XKR7","0.0999","0.592","0.269","2","hsa-miR-660-5p","hsa-miR-4524b-5p","","","","",""
"YOD1","0.166","0.592","0.541","4","hsa-miR-412-3p","hsa-miR-548h-5p","hsa-miR-449c-3p","hsa-miR-218-2-3p","","",""
"YTHDF1","0.0421","0.592","0.262","3","hsa-miR-4282","hsa-miR-660-5p","hsa-miR-7151-5p","","","",""
"YTHDF3","0.0333","0.592","0.145","2","hsa-miR-4282","hsa-miR-6802-3p","","","","",""
"ZBTB3","0.0482","0.592","0.277","3","hsa-miR-371b-5p","hsa-miR-6847-3p","hsa-miR-4722-3p","","","",""
"ZBTB43","0.181","0.592","0.388","2","hsa-miR-548h-5p","hsa-miR-5587-5p","","","","",""
"ZBTB46","0.322","0.592","0.576","2","hsa-miR-3130-3p","hsa-miR-6769b-5p","","","","",""
"ZBTB5","0.146","0.592","0.339","2","hsa-miR-7703","hsa-miR-4282","","","","",""
"ZBTB8A","0.212","0.592","0.431","2","hsa-miR-7854-3p","hsa-miR-7703","","","","",""
"ZC3HAV1L","0.338","0.592","0.598","2","hsa-miR-449c-3p","hsa-miR-6847-3p","","","","",""
"ZDHHC15","0.0999","0.592","0.269","2","hsa-miR-6829-3p","hsa-miR-4722-3p","","","","",""
"ZDHHC22","0.0481","0.592","0.178","2","hsa-miR-218-2-3p","hsa-miR-1229-3p","","","","",""
"ZFP14","0.314","0.592","0.566","2","hsa-miR-371b-5p","hsa-miR-4722-3p","","","","",""
"ZFP69B","0.0632","0.592","0.309","3","hsa-miR-1229-3p","hsa-miR-7703","hsa-miR-218-2-3p","","","",""
"ZMAT3","0.203","0.592","0.521","3","hsa-miR-4282","hsa-miR-4524b-5p","hsa-miR-371b-5p","","","",""
"ZNF106","0.197","0.592","0.409","2","hsa-miR-6829-3p","hsa-miR-4722-3p","","","","",""
"ZNF117","0.314","0.592","0.566","2","hsa-miR-412-3p","hsa-miR-218-2-3p","","","","",""
"ZNF157","0.0481","0.592","0.178","2","hsa-miR-371b-5p","hsa-miR-7703","","","","",""
"ZNF195","0.00492","0.592","0.119","3","hsa-miR-1229-3p","hsa-miR-218-2-3p","hsa-miR-412-3p","","","",""
"ZNF208","0.0866","0.592","0.248","2","hsa-miR-412-3p","hsa-miR-218-2-3p","","","","",""
"ZNF264","0.243","0.592","0.633","4","hsa-miR-1229-3p","hsa-miR-449c-3p","hsa-miR-4282","hsa-miR-7703","","",""
"ZNF268","0.197","0.592","0.409","2","hsa-miR-218-2-3p","hsa-miR-1229-3p","","","","",""
"ZNF292","0.0481","0.592","0.178","2","hsa-miR-7703","hsa-miR-7151-5p","","","","",""
"ZNF317","0.289","0.592","0.533","2","hsa-miR-7703","hsa-miR-371b-5p","","","","",""
"ZNF329","0.197","0.592","0.409","2","hsa-miR-4722-3p","hsa-miR-7854-3p","","","","",""
"ZNF347","0.159","0.592","0.463","3","hsa-miR-5587-5p","hsa-miR-4722-3p","hsa-miR-6829-3p","","","",""
"ZNF383","0.169","0.592","0.372","2","hsa-miR-1229-3p","hsa-miR-7703","","","","",""
"ZNF417","0.246","0.592","0.575","3","hsa-miR-7703","hsa-miR-3130-3p","hsa-miR-6829-3p","","","",""
"ZNF487","0.135","0.592","0.323","2","hsa-miR-4722-3p","hsa-miR-371b-5p","","","","",""
"ZNF551","0.197","0.592","0.409","2","hsa-miR-412-3p","hsa-miR-4722-3p","","","","",""
"ZNF554","0.232","0.592","0.458","2","hsa-miR-371b-5p","hsa-miR-4722-3p","","","","",""
"ZNF556","0.119","0.592","0.406","3","hsa-miR-4722-3p","hsa-miR-7703","hsa-miR-6829-3p","","","",""
"ZNF561","0.0802","0.592","0.237","2","hsa-miR-6769b-5p","hsa-miR-6829-3p","","","","",""
"ZNF562","0.338","0.592","0.598","2","hsa-miR-548h-5p","hsa-miR-4749-5p","","","","",""
"ZNF567","0.0122","0.592","0.0862","2","hsa-miR-7151-5p","hsa-miR-4282","","","","",""
"ZNF623","0.241","0.592","0.469","2","hsa-miR-4282","hsa-miR-4722-3p","","","","",""
"ZNF641","0.0597","0.592","0.302","3","hsa-miR-7854-3p","hsa-miR-6769b-5p","hsa-miR-7703","","","",""
"ZNF662","0.0288","0.592","0.135","2","hsa-miR-5591-5p","hsa-miR-5587-5p","","","","",""
"ZNF677","0.0356","0.592","0.151","2","hsa-miR-6829-3p","hsa-miR-4722-3p","","","","",""
"ZNF682","0.216","0.592","0.436","2","hsa-miR-4722-3p","hsa-miR-412-3p","","","","",""
"ZNF711","0.177","0.592","0.382","2","hsa-miR-548h-5p","hsa-miR-6847-3p","","","","",""
"ZNF716","0.143","0.592","0.334","2","hsa-miR-6829-3p","hsa-miR-4722-3p","","","","",""
"ZNF749","0.293","0.592","0.539","2","hsa-miR-7703","hsa-miR-4282","","","","",""
"ZNF764","0.0154","0.592","0.0970","2","hsa-miR-6769b-5p","hsa-miR-5587-5p","","","","",""
"ZNF785","0.139","0.592","0.329","2","hsa-miR-6802-3p","hsa-miR-412-3p","","","","",""
"ZNF786","0.216","0.592","0.436","2","hsa-miR-6829-3p","hsa-miR-4722-3p","","","","",""
"ZNF8","0.0407","0.592","0.259","3","hsa-miR-6769b-5p","hsa-miR-5587-5p","hsa-miR-6829-3p","","","",""
"ZNF844","0.193","0.592","0.404","2","hsa-miR-4722-3p","hsa-miR-7703","","","","",""
"ZNF860","0.0326","0.592","0.237","3","hsa-miR-371b-5p","hsa-miR-6829-3p","hsa-miR-4722-3p","","","",""
"ZNF91","0.0356","0.592","0.151","2","hsa-miR-5585-3p","hsa-miR-4722-3p","","","","",""
"ZNRF2","0.220","0.592","0.442","2","hsa-miR-4524b-5p","hsa-miR-548h-5p","","","","",""
"ZNRF3","0.0254","0.592","0.215","3","hsa-miR-4524b-5p","hsa-miR-7703","hsa-miR-7854-3p","","","",""
"ZSWIM1","0.173","0.592","0.377","2","hsa-miR-1253","hsa-miR-371b-5p","","","","",""
"ZSWIM4","0.00536","0.592","0.122","3","hsa-miR-1253","hsa-miR-4722-3p","hsa-miR-6829-3p","","","",""
"ZWINT","0.285","0.592","0.528","2","hsa-miR-548h-5p","hsa-miR-4722-3p","","","","",""
"FAHD1","0.346","0.593","0.609","2","hsa-miR-6802-3p","hsa-miR-7703","","","","",""
"FAXC","0.342","0.593","0.603","2","hsa-miR-371b-5p","hsa-miR-3130-3p","","","","",""
"FEM1C","0.342","0.593","0.603","2","hsa-miR-548h-5p","hsa-miR-1253","","","","",""
"GINM1","0.346","0.593","0.609","2","hsa-miR-6847-3p","hsa-miR-7703","","","","",""
"HIST1H2BD","0.342","0.593","0.603","2","hsa-miR-4282","hsa-miR-548h-5p","","","","",""
"TUBB2A","0.345","0.593","0.693","3","hsa-miR-7854-3p","hsa-miR-1253","hsa-miR-371b-5p","","","",""
"TXNDC16","0.342","0.593","0.603","2","hsa-miR-7703","hsa-miR-371b-5p","","","","",""
"ZNF460","0.343","0.593","0.774","5","hsa-miR-7151-5p","hsa-miR-1253","hsa-miR-3130-3p","hsa-miR-7703","hsa-miR-5585-3p","",""
"CEP104","0.350","0.595","0.614","2","hsa-miR-6829-3p","hsa-miR-7703","","","","",""
"DNAJC28","0.350","0.595","0.614","2","hsa-miR-4282","hsa-miR-7703","","","","",""
"EIF1AX","0.354","0.595","0.619","2","hsa-miR-371b-5p","hsa-miR-1253","","","","",""
"SPPL2A","0.350","0.595","0.614","2","hsa-miR-548h-5p","hsa-miR-4722-3p","","","","",""
"WASF2","0.350","0.595","0.614","2","hsa-miR-412-3p","hsa-miR-5591-5p","","","","",""
"ABHD2","0.358","0.595","0.625","2","hsa-miR-449c-3p","hsa-miR-7854-3p","","","","",""
"C5orf51","0.366","0.595","0.636","2","hsa-miR-7854-3p","hsa-miR-4282","","","","",""
"CNBP","0.358","0.595","0.707","3","hsa-miR-7703","hsa-miR-4282","hsa-miR-7854-3p","","","",""
"KPNA6","0.358","0.595","0.625","2","hsa-miR-1253","hsa-miR-4722-3p","","","","",""
"NPR1","0.366","0.595","0.636","2","hsa-miR-6829-3p","hsa-miR-4722-3p","","","","",""
"PABPN1","0.366","0.595","0.636","2","hsa-miR-1253","hsa-miR-6769b-5p","","","","",""
"PGM2L1","0.362","0.595","0.630","2","hsa-miR-4722-3p","hsa-miR-412-3p","","","","",""
"PHLDA3","0.366","0.595","0.636","2","hsa-miR-4722-3p","hsa-miR-371b-5p","","","","",""
"PLEKHA1","0.362","0.595","0.630","2","hsa-miR-371b-5p","hsa-miR-4524b-5p","","","","",""
"RAB32","0.362","0.595","0.630","2","hsa-miR-548h-5p","hsa-miR-6847-3p","","","","",""
"RNF115","0.366","0.595","0.636","2","hsa-miR-371b-5p","hsa-miR-7703","","","","",""
"SPRED1","0.362","0.595","0.630","2","hsa-miR-4524b-5p","hsa-miR-6722-3p","","","","",""
"TBC1D13","0.358","0.595","0.625","2","hsa-miR-548h-5p","hsa-miR-1253","","","","",""
"UGGT1","0.358","0.595","0.625","2","hsa-miR-7703","hsa-miR-6829-3p","","","","",""
"ARSK","0.377","0.595","0.652","2","hsa-miR-5585-3p","hsa-miR-6847-3p","","","","",""
"CDCP1","0.381","0.595","0.657","2","hsa-miR-7854-3p","hsa-miR-7703","","","","",""
"DAZAP2","0.377","0.595","0.652","2","hsa-miR-1253","hsa-miR-1227-5p","","","","",""
"DHODH","0.370","0.595","0.641","2","hsa-miR-371b-5p","hsa-miR-4722-3p","","","","",""
"FAM83F","0.381","0.595","0.657","2","hsa-miR-7703","hsa-miR-6769b-5p","","","","",""
"KLHL21","0.381","0.595","0.657","2","hsa-miR-6847-3p","hsa-miR-5587-5p","","","","",""
"RAB3IP","0.374","0.595","0.646","2","hsa-miR-4524b-5p","hsa-miR-218-2-3p","","","","",""
"TIAL1","0.377","0.595","0.652","2","hsa-miR-4741","hsa-miR-4282","","","","",""
"TMED4","0.377","0.595","0.652","2","hsa-miR-6769b-5p","hsa-miR-7703","","","","",""
"ZNF394","0.381","0.595","0.657","2","hsa-miR-6722-3p","hsa-miR-7703","","","","",""
"ZNF573","0.377","0.595","0.652","2","hsa-miR-4722-3p","hsa-miR-6829-3p","","","","",""
"MAP3K9","0.385","0.596","0.663","2","hsa-miR-3130-3p","hsa-miR-6829-3p","","","","",""
"MRNIP","0.389","0.597","0.668","2","hsa-miR-4282","hsa-miR-4722-3p","","","","",""
"SIX4","0.389","0.597","0.668","2","hsa-miR-7703","hsa-miR-548h-5p","","","","",""
"ZNF207","0.393","0.597","0.673","2","hsa-miR-548h-5p","hsa-miR-1229-3p","","","","",""
"FRK","0.401","0.599","0.684","2","hsa-miR-4282","hsa-miR-6847-3p","","","","",""
"HSD17B12","0.397","0.599","0.679","2","hsa-miR-7703","hsa-miR-371b-5p","","","","",""
"SESN3","0.397","0.599","0.679","2","hsa-miR-5587-5p","hsa-miR-218-2-3p","","","","",""
"VEGFA","0.397","0.599","0.679","2","hsa-miR-4524b-5p","hsa-miR-6769b-5p","","","","",""
"YWHAZ","0.403","0.601","0.761","3","hsa-miR-1229-3p","hsa-miR-6769b-5p","hsa-miR-134-3p","","","",""
"AKR7A2","0.405","0.603","0.689","2","hsa-miR-5585-3p","hsa-miR-6829-3p","","","","",""
"ZNF566","0.409","0.603","0.695","2","hsa-miR-4722-3p","hsa-miR-7703","","","","",""
"ORAI2","0.409","0.604","0.769","3","hsa-miR-6769b-5p","hsa-miR-6829-3p","hsa-miR-7703","","","",""
"SETD5","0.413","0.606","0.700","2","hsa-miR-1253","hsa-miR-218-2-3p","","","","",""
"AMD1","0.416","0.608","0.706","2","hsa-miR-4282","hsa-miR-7703","","","","",""
"NFIX","0.416","0.608","0.706","2","hsa-miR-6769b-5p","hsa-miR-4749-5p","","","","",""
"RBMS2","0.420","0.608","0.711","2","hsa-miR-548h-5p","hsa-miR-7703","","","","",""
"CCDC80","0.432","0.609","0.727","2","hsa-miR-548h-5p","hsa-miR-7703","","","","",""
"GAN","0.432","0.609","0.727","2","hsa-miR-6829-3p","hsa-miR-7703","","","","",""
"LZIC","0.432","0.609","0.727","2","hsa-miR-1253","hsa-miR-371b-5p","","","","",""
"MEF2D","0.432","0.609","0.727","2","hsa-miR-6769b-5p","hsa-miR-4722-3p","","","","",""
"PTP4A1","0.432","0.609","0.727","2","hsa-miR-218-2-3p","hsa-miR-548h-5p","","","","",""
"SMCR8","0.428","0.609","0.722","2","hsa-miR-6829-3p","hsa-miR-5591-5p","","","","",""
"SRCAP","0.432","0.609","0.727","2","hsa-miR-1229-3p","hsa-miR-371b-5p","","","","",""
"CYCS","0.439","0.611","0.738","2","hsa-miR-371b-5p","hsa-miR-4722-3p","","","","",""
"HAUS3","0.439","0.611","0.738","2","hsa-miR-7703","hsa-miR-6829-3p","","","","",""
"SPRY4","0.439","0.611","0.738","2","hsa-miR-5591-5p","hsa-miR-6769b-5p","","","","",""
"TNFRSF13C","0.435","0.611","0.733","2","hsa-miR-7703","hsa-miR-371b-5p","","","","",""
"NFAT5","0.443","0.612","0.743","2","hsa-miR-1253","hsa-miR-4749-5p","","","","",""
"SMG1","0.443","0.612","0.743","2","hsa-miR-548h-5p","hsa-miR-4282","","","","",""
"CNKSR3","0.447","0.612","0.749","2","hsa-miR-4524b-5p","hsa-miR-5587-5p","","","","",""
"XKR4","0.447","0.612","0.749","2","hsa-miR-4282","hsa-miR-7703","","","","",""
"TAOK1","0.448","0.612","0.815","3","hsa-miR-4524b-5p","hsa-miR-5585-3p","hsa-miR-6769b-5p","","","",""
"FAM126B","0.454","0.614","0.760","2","hsa-miR-7703","hsa-miR-6802-3p","","","","",""
"SNRPD1","0.458","0.614","0.765","2","hsa-miR-7703","hsa-miR-6829-3p","","","","",""
"GDE1","0.460","0.615","0.830","3","hsa-miR-371b-5p","hsa-miR-548h-5p","hsa-miR-4741","","","",""
"UBE2V1","0.465","0.617","0.776","2","hsa-miR-1253","hsa-miR-218-2-3p","","","","",""
"FAM71F2","0.469","0.619","0.781","2","hsa-miR-4282","hsa-miR-6829-3p","","","","",""
"SAR1A","0.469","0.619","0.781","2","hsa-miR-4722-3p","hsa-miR-6829-3p","","","","",""
"SUGT1","0.469","0.619","0.781","2","hsa-miR-3130-3p","hsa-miR-371b-5p","","","","",""
"TMEM189-UBE2V1","0.469","0.619","0.781","2","hsa-miR-1253","hsa-miR-218-2-3p","","","","",""
"CDKN1B","0.473","0.620","0.786","2","hsa-miR-4282","hsa-miR-7151-5p","","","","",""
"SBNO1","0.473","0.620","0.786","2","hsa-miR-4524b-5p","hsa-miR-6722-3p","","","","",""
"TMEM189","0.473","0.620","0.786","2","hsa-miR-1253","hsa-miR-218-2-3p","","","","",""
"MYPN","0.476","0.620","0.792","2","hsa-miR-6829-3p","hsa-miR-7703","","","","",""
"BZW1","0.484","0.622","0.803","2","hsa-miR-4524b-5p","hsa-miR-660-5p","","","","",""
"TSC22D2","0.487","0.622","0.808","2","hsa-miR-5585-3p","hsa-miR-4524b-5p","","","","",""
"DCTN5","0.491","0.623","0.813","2","hsa-miR-4524b-5p","hsa-miR-4722-3p","","","","",""
"IFNLR1","0.491","0.623","0.813","2","hsa-miR-5591-5p","hsa-miR-7703","","","","",""
"MSANTD4","0.491","0.623","0.813","2","hsa-miR-548h-5p","hsa-miR-6829-3p","","","","",""
"RBM23","0.505","0.625","0.835","2","hsa-miR-1227-5p","hsa-miR-371b-5p","","","","",""
"PRRG4","0.512","0.627","0.846","2","hsa-miR-7703","hsa-miR-7151-5p","","","","",""
"ZBTB37","0.512","0.627","0.846","2","hsa-miR-5587-5p","hsa-miR-548h-5p","","","","",""
"CCND1","0.517","0.630","0.901","3","hsa-miR-4524b-5p","hsa-miR-1253","hsa-miR-5587-5p","","","",""
"G3BP1","0.526","0.632","0.867","2","hsa-miR-548h-5p","hsa-miR-4722-3p","","","","",""
"GABPB1","0.529","0.634","0.873","2","hsa-miR-1229-3p","hsa-miR-371b-5p","","","","",""
"STK4","0.529","0.634","0.873","2","hsa-miR-6847-3p","hsa-miR-7703","","","","",""
"SYNJ2BP","0.533","0.636","0.878","2","hsa-miR-371b-5p","hsa-miR-7703","","","","",""
"CASTOR2","0.536","0.636","0.883","2","hsa-miR-7703","hsa-miR-371b-5p","","","","",""
"CACNG8","0.539","0.639","0.889","2","hsa-miR-371b-5p","hsa-miR-5585-3p","","","","",""
"MLLT1","0.546","0.639","0.900","2","hsa-miR-4741","hsa-miR-4749-5p","","","","",""
"HMGB1","0.559","0.645","0.921","2","hsa-miR-6829-3p","hsa-miR-4722-3p","","","","",""
"SLC7A5","0.563","0.647","0.962","3","hsa-miR-1227-5p","hsa-miR-4749-5p","hsa-miR-6829-3p","","","",""
"NACC1","0.574","0.651","0.977","3","hsa-miR-218-2-3p","hsa-miR-5591-5p","hsa-miR-6769b-5p","","","",""
"NACC2","0.579","0.653","0.953","2","hsa-miR-548h-5p","hsa-miR-7854-3p","","","","",""
"SCD","0.588","0.657","0.970","2","hsa-miR-1229-3p","hsa-miR-5591-5p","","","","",""
"AGO3","0.594","0.659","0.980","2","hsa-miR-6829-3p","hsa-miR-6847-3p","","","","",""
"ARPP19","0.597","0.659","0.986","2","hsa-miR-4524b-5p","hsa-miR-7854-3p","","","","",""
"HOOK3","0.597","0.659","0.986","2","hsa-miR-371b-5p","hsa-miR-134-3p","","","","",""
"MAPK1","0.597","0.659","0.986","2","hsa-miR-6829-3p","hsa-miR-4741","","","","",""
"RAB5B","0.594","0.659","0.980","2","hsa-miR-6722-3p","hsa-miR-6769b-5p","","","","",""
"WEE1","0.594","0.659","0.980","2","hsa-miR-4524b-5p","hsa-miR-1253","","","","",""
"YIPF4","0.597","0.659","0.986","2","hsa-miR-371b-5p","hsa-miR-6769b-5p","","","","",""
"KHSRP","0.610","0.667","1.01","2","hsa-miR-1253","hsa-miR-548h-5p","","","","",""
"ABI2","0.613","0.668","1.01","2","hsa-miR-6769b-5p","hsa-miR-134-3p","","","","",""
"CDK6","0.613","0.668","1.01","2","hsa-miR-371b-5p","hsa-miR-5587-5p","","","","",""
"KLHL15","0.615","0.670","1.03","3","hsa-miR-1229-3p","hsa-miR-4282","hsa-miR-6722-3p","","","",""
"ALDOA","0.618","0.672","1.02","2","hsa-miR-4722-3p","hsa-miR-6829-3p","","","","",""
"CRCP","0.630","0.679","1.05","2","hsa-miR-4722-3p","hsa-miR-7854-3p","","","","",""
"AGO2","0.644","0.689","1.08","3","hsa-miR-548h-5p","hsa-miR-6769b-5p","hsa-miR-412-3p","","","",""
"LRRC58","0.644","0.689","1.07","2","hsa-miR-6829-3p","hsa-miR-4722-3p","","","","",""
"MDM2","0.656","0.696","1.09","2","hsa-miR-7703","hsa-miR-4282","","","","",""
"CDKN1A","0.712","0.737","1.19","3","hsa-miR-1229-3p","hsa-miR-371b-5p","hsa-miR-6722-3p","","","",""
"XIAP","0.742","0.760","1.28","2","hsa-miR-412-3p","hsa-miR-548h-5p","","","","",""
"IGF1R","0.757","0.772","1.32","2","hsa-miR-7151-5p","hsa-miR-1253","","","","",""
"SOD2","0.781","0.792","1.38","2","hsa-miR-3130-3p","hsa-miR-4282","","","","",""
"NUFIP2","0.888","0.890","1.78","2","hsa-miR-6722-3p","hsa-miR-4524b-5p","","","","",""