"Gene Symbol","p-value","FDR","Odd ratio","Number of interactions","microRNA 1","microRNA 2","microRNA 3","microRNA 4","microRNA 5","microRNA 6"
"A1BG","0.0315","0.704","0.141","2","hsa-miR-7703","hsa-miR-5582-5p","","","",""
"AAED1","0.308","0.704","0.559","2","hsa-miR-371b-5p","hsa-miR-7703","","","",""
"ABCA12","0.0236","0.704","0.121","2","hsa-miR-6734-3p","hsa-miR-660-5p","","","",""
"ABCC12","0.178","0.704","0.384","2","hsa-miR-922","hsa-miR-6734-3p","","","",""
"ABCF3","0.238","0.704","0.465","2","hsa-miR-6895-3p","hsa-miR-7703","","","",""
"ABCG8","0.276","0.704","0.610","3","hsa-miR-520d-3p","hsa-miR-4722-3p","hsa-miR-922","","",""
"ABHD17B","0.135","0.704","0.323","2","hsa-miR-7703","hsa-miR-512-5p","","","",""
"ABHD2","0.203","0.704","0.521","3","hsa-miR-922","hsa-miR-7854-3p","hsa-miR-3155b","","",""
"ABL1","0.213","0.704","0.431","2","hsa-miR-7854-3p","hsa-miR-6815-5p","","","",""
"ACAD8","0.00643","0.704","0.130","3","hsa-miR-7703","hsa-miR-4722-3p","hsa-miR-6895-3p","","",""
"ACAP2","0.263","0.704","0.498","2","hsa-miR-7703","hsa-miR-3975","","","",""
"ACBD7","0.0347","0.704","0.242","3","hsa-miR-3130-3p","hsa-miR-7151-5p","hsa-miR-4722-3p","","",""
"ACOT9","0.228","0.704","0.552","3","hsa-miR-5587-5p","hsa-miR-3155b","hsa-miR-520d-3p","","",""
"ACOX1","0.454","0.704","0.761","2","hsa-miR-4474-3p","hsa-miR-520d-3p","","","",""
"ACSM2A","0.0570","0.704","0.195","2","hsa-miR-6895-3p","hsa-miR-218-2-3p","","","",""
"ACTG1","0.258","0.704","0.492","2","hsa-miR-7854-3p","hsa-miR-3975","","","",""
"ACVR2B","0.113","0.704","0.395","3","hsa-miR-29b-1-5p","hsa-miR-134-3p","hsa-miR-7854-3p","","",""
"ADGRF2","0.0916","0.704","0.256","2","hsa-miR-1225-3p","hsa-miR-7703","","","",""
"ADH5","0.0640","0.704","0.310","3","hsa-miR-371b-5p","hsa-miR-6715b-5p","hsa-miR-5582-5p","","",""
"ADM","0.0832","0.704","0.346","3","hsa-miR-3975","hsa-miR-4462","hsa-miR-660-5p","","",""
"AGMAT","0.258","0.704","0.492","2","hsa-miR-520d-3p","hsa-miR-7703","","","",""
"AGMO","0.0373","0.704","0.155","2","hsa-miR-4727-5p","hsa-miR-4722-3p","","","",""
"AGTRAP","0.143","0.704","0.440","3","hsa-miR-5582-5p","hsa-miR-6895-3p","hsa-miR-371b-5p","","",""
"AHCY","0.0242","0.704","0.211","3","hsa-miR-6715b-5p","hsa-miR-6895-3p","hsa-miR-29b-1-5p","","",""
"AHCYL2","0.323","0.704","0.579","2","hsa-miR-1225-3p","hsa-miR-6734-3p","","","",""
"AHSA2","0.140","0.704","0.330","2","hsa-miR-7703","hsa-miR-6895-3p","","","",""
"AK2","0.203","0.704","0.417","2","hsa-miR-3130-3p","hsa-miR-6734-3p","","","",""
"AKIRIN1","0.288","0.704","0.532","2","hsa-miR-7854-3p","hsa-miR-4722-3p","","","",""
"AKT3","0.0285","0.704","0.224","3","hsa-miR-7854-3p","hsa-miR-5582-5p","hsa-miR-29b-1-5p","","",""
"ALDH1L2","0.00741","0.704","0.0673","2","hsa-miR-4474-3p","hsa-miR-4722-3p","","","",""
"ALDOA","0.250","0.704","0.640","4","hsa-miR-4727-5p","hsa-miR-6734-3p","hsa-miR-4722-3p","hsa-miR-1225-3p","",""
"ALG14","0.125","0.704","0.413","3","hsa-miR-7703","hsa-miR-139-3p","hsa-miR-7854-3p","","",""
"ALG9","0.426","0.704","0.720","2","hsa-miR-548h-5p","hsa-miR-7703","","","",""
"ALX1","0.0261","0.704","0.128","2","hsa-miR-3975","hsa-miR-7854-3p","","","",""
"AMOTL1","0.0640","0.704","0.310","3","hsa-miR-5582-5p","hsa-miR-371b-5p","hsa-miR-7151-5p","","",""
"ANGEL1","0.0958","0.704","0.263","2","hsa-miR-1225-3p","hsa-miR-4722-3p","","","",""
"ANGPT4","0.0883","0.704","0.355","3","hsa-miR-7703","hsa-miR-371b-5p","hsa-miR-5587-5p","","",""
"ANKFY1","0.383","0.704","0.660","2","hsa-miR-7703","hsa-miR-6815-5p","","","",""
"ANKRD42","0.135","0.704","0.323","2","hsa-miR-7703","hsa-miR-3130-3p","","","",""
"ANKRD50","0.208","0.704","0.424","2","hsa-miR-7151-5p","hsa-miR-6734-3p","","","",""
"ANKS4B","0.263","0.704","0.498","2","hsa-miR-520d-3p","hsa-miR-6895-3p","","","",""
"ANP32E","0.140","0.704","0.435","3","hsa-miR-6895-3p","hsa-miR-4647","hsa-miR-512-5p","","",""
"AP2B1","0.0875","0.704","0.249","2","hsa-miR-7703","hsa-miR-6815-5p","","","",""
"AP3M1","0.0756","0.704","0.229","2","hsa-miR-4722-3p","hsa-miR-922","","","",""
"APH1A","0.131","0.704","0.316","2","hsa-miR-7854-3p","hsa-miR-520d-3p","","","",""
"APOC3","0.100","0.704","0.269","2","hsa-miR-7703","hsa-miR-6895-3p","","","",""
"APOH","0.109","0.704","0.283","2","hsa-miR-4727-5p","hsa-miR-520d-3p","","","",""
"ARFGEF1","0.0501","0.704","0.182","2","hsa-miR-4722-3p","hsa-miR-7703","","","",""
"ARHGEF12","0.00598","0.704","0.0606","2","hsa-miR-1225-3p","hsa-miR-660-5p","","","",""
"ARHGEF39","0.0575","0.704","0.296","3","hsa-miR-4722-3p","hsa-miR-371b-5p","hsa-miR-512-5p","","",""
"ARID5B","0.0857","0.704","0.350","3","hsa-miR-4647","hsa-miR-371b-5p","hsa-miR-218-2-3p","","",""
"ARIH1","0.343","0.704","0.606","2","hsa-miR-512-5p","hsa-miR-4803","","","",""
"ARL10","0.258","0.704","0.588","3","hsa-miR-520d-3p","hsa-miR-4722-3p","hsa-miR-7703","","",""
"ARL5A","0.135","0.704","0.323","2","hsa-miR-3975","hsa-miR-7703","","","",""
"ARPP19","0.452","0.704","0.821","3","hsa-miR-1225-3p","hsa-miR-6895-3p","hsa-miR-7854-3p","","",""
"AS3MT","0.298","0.704","0.545","2","hsa-miR-6734-3p","hsa-miR-4722-3p","","","",""
"ASPH","0.0795","0.704","0.236","2","hsa-miR-7854-3p","hsa-miR-4647","","","",""
"ATAT1","0.100","0.704","0.269","2","hsa-miR-7703","hsa-miR-5582-5p","","","",""
"ATG2A","0.228","0.704","0.451","2","hsa-miR-7703","hsa-miR-139-3p","","","",""
"ATIC","0.0137","0.704","0.171","3","hsa-miR-520d-3p","hsa-miR-371b-5p","hsa-miR-6895-3p","","",""
"ATP13A4","0.0216","0.704","0.202","3","hsa-miR-922","hsa-miR-7703","hsa-miR-660-5p","","",""
"ATP1B3","0.338","0.704","0.599","2","hsa-miR-520d-3p","hsa-miR-922","","","",""
"ATP5A1","0.00498","0.704","0.229","5","hsa-miR-139-3p","hsa-miR-6715b-5p","hsa-miR-5582-5p","hsa-miR-371b-5p","hsa-miR-134-3p",""
"ATP5G3","0.368","0.704","0.640","2","hsa-miR-4803","hsa-miR-548h-5p","","","",""
"AVL9","0.183","0.704","0.494","3","hsa-miR-7703","hsa-miR-922","hsa-miR-520d-3p","","",""
"B4GALNT4","0.0188","0.704","0.108","2","hsa-miR-6715b-5p","hsa-miR-5582-5p","","","",""
"BACE2","0.140","0.704","0.435","3","hsa-miR-6734-3p","hsa-miR-4722-3p","hsa-miR-371b-5p","","",""
"BAG4","0.293","0.704","0.539","2","hsa-miR-4803","hsa-miR-7151-5p","","","",""
"BAMBI","0.273","0.704","0.512","2","hsa-miR-6895-3p","hsa-miR-371b-5p","","","",""
"BAZ2A","0.426","0.704","0.720","2","hsa-miR-3975","hsa-miR-512-5p","","","",""
"BBS5","0.0533","0.704","0.287","3","hsa-miR-6734-3p","hsa-miR-7703","hsa-miR-6715b-5p","","",""
"BCAS4","0.0344","0.704","0.313","4","hsa-miR-1225-3p","hsa-miR-937-5p","hsa-miR-3155b","hsa-miR-520d-3p","",""
"BCL2L1","0.150","0.704","0.518","4","hsa-miR-7854-3p","hsa-miR-4722-3p","hsa-miR-371b-5p","hsa-miR-922","",""
"BCL2L2","0.188","0.704","0.397","2","hsa-miR-512-5p","hsa-miR-520d-3p","","","",""
"BCLAF3","0.0875","0.704","0.249","2","hsa-miR-371b-5p","hsa-miR-6734-3p","","","",""
"BHMT2","0.228","0.704","0.451","2","hsa-miR-6715b-5p","hsa-miR-520d-3p","","","",""
"BLCAP","0.233","0.704","0.458","2","hsa-miR-1225-3p","hsa-miR-520d-3p","","","",""
"BMPR1A","0.186","0.704","0.498","3","hsa-miR-139-3p","hsa-miR-4722-3p","hsa-miR-6802-3p","","",""
"BORCS5","0.0916","0.704","0.256","2","hsa-miR-4474-3p","hsa-miR-371b-5p","","","",""
"BRIP1","0.0570","0.704","0.195","2","hsa-miR-512-5p","hsa-miR-7854-3p","","","",""
"BRIX1","0.373","0.704","0.646","2","hsa-miR-548h-5p","hsa-miR-512-5p","","","",""
"C11orf1","0.0795","0.704","0.236","2","hsa-miR-520d-3p","hsa-miR-4722-3p","","","",""
"C11orf54","0.0234","0.704","0.334","5","hsa-miR-512-5p","hsa-miR-6734-3p","hsa-miR-520d-3p","hsa-miR-4722-3p","hsa-miR-371b-5p",""
"C12orf49","0.0751","0.704","0.404","4","hsa-miR-7854-3p","hsa-miR-5587-5p","hsa-miR-3155b","hsa-miR-520d-3p","",""
"C15orf40","0.137","0.704","0.431","3","hsa-miR-520d-3p","hsa-miR-4727-5p","hsa-miR-4722-3p","","",""
"C16orf58","0.207","0.704","0.525","3","hsa-miR-1205","hsa-miR-5582-5p","hsa-miR-6715b-5p","","",""
"C17orf105","0.00871","0.704","0.261","5","hsa-miR-937-5p","hsa-miR-371b-5p","hsa-miR-7703","hsa-miR-6895-3p","hsa-miR-4647",""
"C17orf51","0.00469","0.704","0.0539","2","hsa-miR-6715b-5p","hsa-miR-5582-5p","","","",""
"C18orf32","0.363","0.704","0.633","2","hsa-miR-4803","hsa-miR-520d-3p","","","",""
"C1orf56","0.00330","0.704","0.103","3","hsa-miR-4727-5p","hsa-miR-7151-5p","hsa-miR-660-5p","","",""
"C2orf48","0.0347","0.704","0.242","3","hsa-miR-6734-3p","hsa-miR-1225-3p","hsa-miR-512-5p","","",""
"C2orf68","0.0188","0.704","0.108","2","hsa-miR-5587-5p","hsa-miR-3155b","","","",""
"C3orf33","0.0501","0.704","0.182","2","hsa-miR-4803","hsa-miR-512-5p","","","",""
"C3orf62","0.113","0.704","0.290","2","hsa-miR-6715b-5p","hsa-miR-4722-3p","","","",""
"C5AR2","0.0242","0.704","0.211","3","hsa-miR-512-5p","hsa-miR-7703","hsa-miR-371b-5p","","",""
"C8orf44-SGK3","0.0373","0.704","0.155","2","hsa-miR-5587-5p","hsa-miR-3155b","","","",""
"C9orf170","0.0717","0.704","0.222","2","hsa-miR-4722-3p","hsa-miR-4647","","","",""
"CABP4","0.122","0.704","0.408","3","hsa-miR-3155b","hsa-miR-4722-3p","hsa-miR-4727-5p","","",""
"CACNG8","0.179","0.704","0.556","4","hsa-miR-371b-5p","hsa-miR-378c","hsa-miR-6895-3p","hsa-miR-512-5p","",""
"CAD","0.213","0.704","0.431","2","hsa-miR-4647","hsa-miR-7703","","","",""
"CAPZA2","0.00298","0.704","0.247","6","hsa-miR-7151-5p","hsa-miR-937-5p","hsa-miR-4722-3p","hsa-miR-6715b-5p","hsa-miR-5582-5p","hsa-miR-520d-3p"
"CASS4","0.0404","0.704","0.162","2","hsa-miR-4727-5p","hsa-miR-7703","","","",""
"CASTOR2","0.382","0.704","0.736","3","hsa-miR-6715b-5p","hsa-miR-7703","hsa-miR-371b-5p","","",""
"CCDC127","0.135","0.704","0.323","2","hsa-miR-6734-3p","hsa-miR-7151-5p","","","",""
"CCDC198","0.131","0.704","0.316","2","hsa-miR-520d-3p","hsa-miR-512-5p","","","",""
"CCDC59","0.0717","0.704","0.222","2","hsa-miR-6715b-5p","hsa-miR-5582-5p","","","",""
"CCDC6","0.378","0.704","0.653","2","hsa-miR-7854-3p","hsa-miR-520d-3p","","","",""
"CCDC80","0.272","0.704","0.606","3","hsa-miR-6715b-5p","hsa-miR-548h-5p","hsa-miR-7703","","",""
"CCL16","0.0512","0.704","0.283","3","hsa-miR-6895-3p","hsa-miR-6715b-5p","hsa-miR-7703","","",""
"CCNB1","0.313","0.704","0.566","2","hsa-miR-548h-5p","hsa-miR-7703","","","",""
"CCNQ","0.0236","0.704","0.121","2","hsa-miR-6802-3p","hsa-miR-1205","","","",""
"CCNY","0.0606","0.704","0.202","2","hsa-miR-1225-3p","hsa-miR-922","","","",""
"CCS","0.0883","0.704","0.355","3","hsa-miR-6802-3p","hsa-miR-371b-5p","hsa-miR-6715b-5p","","",""
"CD164","0.193","0.704","0.404","2","hsa-miR-3130-3p","hsa-miR-512-5p","","","",""
"CD180","0.278","0.704","0.518","2","hsa-miR-922","hsa-miR-7703","","","",""
"CD209","0.164","0.704","0.364","2","hsa-miR-7703","hsa-miR-3975","","","",""
"CD244","0.00741","0.704","0.0673","2","hsa-miR-937-5p","hsa-miR-6734-3p","","","",""
"CD3D","0.213","0.704","0.431","2","hsa-miR-371b-5p","hsa-miR-6895-3p","","","",""
"CDC14B","0.169","0.704","0.476","3","hsa-miR-7703","hsa-miR-4722-3p","hsa-miR-512-5p","","",""
"CDC25A","0.145","0.704","0.337","2","hsa-miR-512-5p","hsa-miR-4803","","","",""
"CDCP1","0.225","0.704","0.548","3","hsa-miR-7854-3p","hsa-miR-1225-3p","hsa-miR-7703","","",""
"CDK2","0.283","0.704","0.525","2","hsa-miR-5582-5p","hsa-miR-660-5p","","","",""
"CDK5R1","0.0436","0.704","0.168","2","hsa-miR-7703","hsa-miR-5587-5p","","","",""
"CDK6","0.104","0.704","0.506","5","hsa-miR-512-5p","hsa-miR-922","hsa-miR-371b-5p","hsa-miR-5587-5p","hsa-miR-4647",""
"CELF1","0.306","0.704","0.700","4","hsa-miR-4727-5p","hsa-miR-6734-3p","hsa-miR-5587-5p","hsa-miR-7854-3p","",""
"CENPM","0.208","0.704","0.424","2","hsa-miR-29b-1-5p","hsa-miR-4722-3p","","","",""
"CENPN","0.0782","0.704","0.337","3","hsa-miR-937-5p","hsa-miR-1225-3p","hsa-miR-512-5p","","",""
"CEP104","0.459","0.704","0.768","2","hsa-miR-520d-3p","hsa-miR-7703","","","",""
"CERS4","0.378","0.704","0.653","2","hsa-miR-4722-3p","hsa-miR-660-5p","","","",""
"CES2","0.213","0.704","0.431","2","hsa-miR-7854-3p","hsa-miR-4722-3p","","","",""
"CFAP73","0.00598","0.704","0.0606","2","hsa-miR-1205","hsa-miR-6715b-5p","","","",""
"CHAF1B","0.288","0.704","0.532","2","hsa-miR-371b-5p","hsa-miR-7703","","","",""
"CHCHD5","0.198","0.704","0.411","2","hsa-miR-520d-3p","hsa-miR-371b-5p","","","",""
"CHEK1","0.154","0.704","0.350","2","hsa-miR-7703","hsa-miR-139-3p","","","",""
"CHEK2","0.0832","0.704","0.346","3","hsa-miR-4803","hsa-miR-548h-5p","hsa-miR-5582-5p","","",""
"CHMP1B","0.348","0.704","0.613","2","hsa-miR-7854-3p","hsa-miR-6895-3p","","","",""
"CHMP3","0.0203","0.704","0.198","3","hsa-miR-5587-5p","hsa-miR-371b-5p","hsa-miR-1225-3p","","",""
"CHST6","0.0936","0.704","0.364","3","hsa-miR-371b-5p","hsa-miR-7703","hsa-miR-4647","","",""
"CKS1B","0.0835","0.704","0.242","2","hsa-miR-3975","hsa-miR-4722-3p","","","",""
"CLDN12","0.378","0.704","0.653","2","hsa-miR-548h-5p","hsa-miR-3975","","","",""
"CLDN16","0.131","0.704","0.316","2","hsa-miR-548h-5p","hsa-miR-4722-3p","","","",""
"CLEC2D","0.140","0.704","0.330","2","hsa-miR-4647","hsa-miR-922","","","",""
"CLIP4","0.228","0.704","0.451","2","hsa-miR-520d-3p","hsa-miR-922","","","",""
"CLOCK","0.228","0.704","0.451","2","hsa-miR-5582-5p","hsa-miR-7703","","","",""
"CLPB","0.254","0.704","0.584","3","hsa-miR-512-5p","hsa-miR-371b-5p","hsa-miR-4722-3p","","",""
"CLPX","0.0717","0.704","0.222","2","hsa-miR-4722-3p","hsa-miR-6715b-5p","","","",""
"CLUAP1","0.137","0.704","0.431","3","hsa-miR-3155b","hsa-miR-7151-5p","hsa-miR-4722-3p","","",""
"CMTM4","0.178","0.704","0.384","2","hsa-miR-922","hsa-miR-5587-5p","","","",""
"CNDP1","0.140","0.704","0.330","2","hsa-miR-4722-3p","hsa-miR-139-3p","","","",""
"COPS7B","0.131","0.704","0.316","2","hsa-miR-1205","hsa-miR-4462","","","",""
"CORO2A","0.0109","0.704","0.157","3","hsa-miR-4722-3p","hsa-miR-937-5p","hsa-miR-29b-1-5p","","",""
"COX19","0.278","0.704","0.518","2","hsa-miR-520d-3p","hsa-miR-6802-3p","","","",""
"COX6B1","0.233","0.704","0.619","4","hsa-miR-520d-3p","hsa-miR-937-5p","hsa-miR-4474-3p","hsa-miR-7703","",""
"COX8A","0.0436","0.704","0.168","2","hsa-miR-139-3p","hsa-miR-7854-3p","","","",""
"CPM","0.445","0.704","0.747","2","hsa-miR-4722-3p","hsa-miR-371b-5p","","","",""
"CRAMP1","0.193","0.704","0.404","2","hsa-miR-937-5p","hsa-miR-371b-5p","","","",""
"CREBZF","0.308","0.704","0.559","2","hsa-miR-5582-5p","hsa-miR-29b-1-5p","","","",""
"CRIPT","0.313","0.704","0.566","2","hsa-miR-660-5p","hsa-miR-6895-3p","","","",""
"CRISPLD2","0.389","0.704","0.745","3","hsa-miR-7854-3p","hsa-miR-520d-3p","hsa-miR-4722-3p","","",""
"CRTAP","0.0116","0.704","0.226","4","hsa-miR-7854-3p","hsa-miR-6815-5p","hsa-miR-134-3p","hsa-miR-3155b","",""
"CRY2","0.0141","0.704","0.294","5","hsa-miR-6734-3p","hsa-miR-3975","hsa-miR-4474-3p","hsa-miR-3130-3p","hsa-miR-5582-5p",""
"CSE1L","0.0663","0.704","0.314","3","hsa-miR-548h-5p","hsa-miR-371b-5p","hsa-miR-7703","","",""
"CSNK2A1","0.193","0.704","0.507","3","hsa-miR-3975","hsa-miR-1205","hsa-miR-6734-3p","","",""
"CTNNB1","0.135","0.704","0.323","2","hsa-miR-512-5p","hsa-miR-4474-3p","","","",""
"CUL3","0.0533","0.704","0.287","3","hsa-miR-1225-3p","hsa-miR-520d-3p","hsa-miR-6734-3p","","",""
"CXorf38","0.0533","0.704","0.287","3","hsa-miR-3130-3p","hsa-miR-512-5p","hsa-miR-520d-3p","","",""
"CYCS","0.280","0.704","0.615","3","hsa-miR-520d-3p","hsa-miR-371b-5p","hsa-miR-4722-3p","","",""
"CYP20A1","0.445","0.704","0.812","3","hsa-miR-548h-5p","hsa-miR-378c","hsa-miR-371b-5p","","",""
"DARS","0.183","0.704","0.391","2","hsa-miR-6715b-5p","hsa-miR-5582-5p","","","",""
"DCP2","0.198","0.704","0.411","2","hsa-miR-4727-5p","hsa-miR-512-5p","","","",""
"DCTN4","0.104","0.704","0.276","2","hsa-miR-218-2-3p","hsa-miR-6774-3p","","","",""
"DCTN5","0.333","0.704","0.678","3","hsa-miR-922","hsa-miR-4722-3p","hsa-miR-520d-3p","","",""
"DCTN6","0.0645","0.704","0.384","4","hsa-miR-937-5p","hsa-miR-520d-3p","hsa-miR-371b-5p","hsa-miR-512-5p","",""
"DDI2","0.388","0.704","0.667","2","hsa-miR-5582-5p","hsa-miR-520d-3p","","","",""
"DDN","0.0717","0.704","0.222","2","hsa-miR-7854-3p","hsa-miR-3975","","","",""
"DDR2","0.233","0.704","0.458","2","hsa-miR-520d-3p","hsa-miR-6895-3p","","","",""
"DDX19B","0.412","0.704","0.700","2","hsa-miR-3130-3p","hsa-miR-371b-5p","","","",""
"DEFB105A","0.113","0.704","0.290","2","hsa-miR-7703","hsa-miR-371b-5p","","","",""
"DEFB105B","0.113","0.704","0.290","2","hsa-miR-7703","hsa-miR-371b-5p","","","",""
"DFFA","0.373","0.704","0.646","2","hsa-miR-3975","hsa-miR-371b-5p","","","",""
"DGAT2","0.0344","0.704","0.148","2","hsa-miR-3975","hsa-miR-5582-5p","","","",""
"DHODH","0.214","0.704","0.534","3","hsa-miR-371b-5p","hsa-miR-4722-3p","hsa-miR-6734-3p","","",""
"DNAH10OS","0.208","0.704","0.424","2","hsa-miR-3975","hsa-miR-1225-3p","","","",""
"DNAH9","0.203","0.704","0.417","2","hsa-miR-6715b-5p","hsa-miR-5582-5p","","","",""
"DNAJB9","0.388","0.704","0.667","2","hsa-miR-29b-1-5p","hsa-miR-7151-5p","","","",""
"DNAJC28","0.459","0.704","0.768","2","hsa-miR-4803","hsa-miR-7703","","","",""
"DNAL1","0.190","0.704","0.569","4","hsa-miR-139-3p","hsa-miR-7703","hsa-miR-4722-3p","hsa-miR-520d-3p","",""
"DNTTIP2","0.445","0.704","0.747","2","hsa-miR-4803","hsa-miR-371b-5p","","","",""
"DPP9","0.0285","0.704","0.224","3","hsa-miR-4722-3p","hsa-miR-5582-5p","hsa-miR-520d-3p","","",""
"DSN1","0.302","0.704","0.642","3","hsa-miR-6715b-5p","hsa-miR-3975","hsa-miR-4722-3p","","",""
"DSTYK","0.287","0.704","0.624","3","hsa-miR-922","hsa-miR-4722-3p","hsa-miR-520d-3p","","",""
"DUSP10","0.0958","0.704","0.263","2","hsa-miR-6734-3p","hsa-miR-7151-5p","","","",""
"DUSP2","0.0686","0.704","0.319","3","hsa-miR-922","hsa-miR-520d-3p","hsa-miR-6802-3p","","",""
"DUXA","0.0188","0.704","0.108","2","hsa-miR-6715b-5p","hsa-miR-4722-3p","","","",""
"DYNLL2","0.333","0.704","0.593","2","hsa-miR-660-5p","hsa-miR-4803","","","",""
"E2F2","0.323","0.704","0.579","2","hsa-miR-4722-3p","hsa-miR-134-3p","","","",""
"EBF4","0.00469","0.704","0.0539","2","hsa-miR-3130-3p","hsa-miR-7151-5p","","","",""
"EBNA1BP2","0.383","0.704","0.660","2","hsa-miR-6895-3p","hsa-miR-548h-5p","","","",""
"ECHDC3","0.0468","0.704","0.175","2","hsa-miR-4474-3p","hsa-miR-4722-3p","","","",""
"EFCAB11","0.268","0.704","0.505","2","hsa-miR-520d-3p","hsa-miR-937-5p","","","",""
"EFHC1","0.0717","0.704","0.222","2","hsa-miR-6734-3p","hsa-miR-3155b","","","",""
"EGF","0.0373","0.704","0.155","2","hsa-miR-3975","hsa-miR-1225-3p","","","",""
"EHD4","0.100","0.704","0.269","2","hsa-miR-371b-5p","hsa-miR-7703","","","",""
"EIF1AX","0.200","0.704","0.516","3","hsa-miR-4647","hsa-miR-371b-5p","hsa-miR-1205","","",""
"EIF2S3","0.110","0.704","0.391","3","hsa-miR-371b-5p","hsa-miR-6815-5p","hsa-miR-4474-3p","","",""
"EIF4EBP1","0.0315","0.704","0.233","3","hsa-miR-5582-5p","hsa-miR-937-5p","hsa-miR-7703","","",""
"EIF4EBP2","0.283","0.704","0.525","2","hsa-miR-6815-5p","hsa-miR-7703","","","",""
"ELAVL2","0.223","0.704","0.444","2","hsa-miR-520d-3p","hsa-miR-371b-5p","","","",""
"ELFN2","0.140","0.704","0.435","3","hsa-miR-1225-3p","hsa-miR-512-5p","hsa-miR-922","","",""
"ELOC","0.159","0.704","0.357","2","hsa-miR-520d-3p","hsa-miR-4722-3p","","","",""
"ELOVL1","0.0344","0.704","0.148","2","hsa-miR-5587-5p","hsa-miR-6815-5p","","","",""
"ELOVL7","0.0344","0.704","0.148","2","hsa-miR-4803","hsa-miR-6895-3p","","","",""
"ELP2","0.293","0.704","0.539","2","hsa-miR-6734-3p","hsa-miR-3155b","","","",""
"EMC1","0.248","0.704","0.478","2","hsa-miR-520d-3p","hsa-miR-7703","","","",""
"EMC3","0.248","0.704","0.478","2","hsa-miR-6715b-5p","hsa-miR-5582-5p","","","",""
"ENPP5","0.196","0.704","0.512","3","hsa-miR-1205","hsa-miR-660-5p","hsa-miR-548h-5p","","",""
"ENTPD1","0.213","0.704","0.431","2","hsa-miR-922","hsa-miR-7703","","","",""
"EPB41","0.149","0.704","0.343","2","hsa-miR-7703","hsa-miR-4727-5p","","","",""
"ERCC1","0.278","0.704","0.518","2","hsa-miR-371b-5p","hsa-miR-6734-3p","","","",""
"ERVMER34-1","0.198","0.704","0.411","2","hsa-miR-5587-5p","hsa-miR-3155b","","","",""
"ESYT2","0.223","0.704","0.444","2","hsa-miR-378c","hsa-miR-4722-3p","","","",""
"ETNK1","0.338","0.704","0.599","2","hsa-miR-548h-5p","hsa-miR-520d-3p","","","",""
"EXOG","0.0166","0.704","0.101","2","hsa-miR-4722-3p","hsa-miR-3155b","","","",""
"EXTL3","0.188","0.704","0.397","2","hsa-miR-4474-3p","hsa-miR-134-3p","","","",""
"F2RL3","0.0663","0.704","0.314","3","hsa-miR-1205","hsa-miR-3130-3p","hsa-miR-520d-3p","","",""
"FAAP24","0.173","0.704","0.377","2","hsa-miR-6802-3p","hsa-miR-520d-3p","","","",""
"FAHD1","0.0629","0.704","0.380","4","hsa-miR-6802-3p","hsa-miR-4647","hsa-miR-7703","hsa-miR-520d-3p","",""
"FAM102B","0.0757","0.704","0.332","3","hsa-miR-520d-3p","hsa-miR-139-3p","hsa-miR-5582-5p","","",""
"FAM109A","0.0101","0.704","0.153","3","hsa-miR-5582-5p","hsa-miR-6715b-5p","hsa-miR-937-5p","","",""
"FAM118A","0.0757","0.704","0.332","3","hsa-miR-4722-3p","hsa-miR-1225-3p","hsa-miR-6895-3p","","",""
"FAM129B","0.353","0.704","0.619","2","hsa-miR-7854-3p","hsa-miR-922","","","",""
"FAM136A","0.100","0.704","0.269","2","hsa-miR-4647","hsa-miR-4722-3p","","","",""
"FAM20B","0.109","0.704","0.283","2","hsa-miR-6895-3p","hsa-miR-218-2-3p","","","",""
"FAM212B","0.0364","0.704","0.247","3","hsa-miR-5582-5p","hsa-miR-6715b-5p","hsa-miR-6734-3p","","",""
"FAM213A","0.198","0.704","0.411","2","hsa-miR-3130-3p","hsa-miR-520d-3p","","","",""
"FAM234B","0.117","0.704","0.296","2","hsa-miR-6734-3p","hsa-miR-7703","","","",""
"FAM241A","0.204","0.704","0.586","4","hsa-miR-4722-3p","hsa-miR-6715b-5p","hsa-miR-3130-3p","hsa-miR-520d-3p","",""
"FAM53C","0.238","0.704","0.465","2","hsa-miR-548h-5p","hsa-miR-1225-3p","","","",""
"FAM83C","0.0288","0.704","0.135","2","hsa-miR-512-5p","hsa-miR-1225-3p","","","",""
"FAM83H","0.135","0.704","0.323","2","hsa-miR-5582-5p","hsa-miR-139-3p","","","",""
"FAM9C","0.213","0.704","0.431","2","hsa-miR-520d-3p","hsa-miR-6734-3p","","","",""
"FANCM","0.0404","0.704","0.162","2","hsa-miR-4803","hsa-miR-4722-3p","","","",""
"FAR2","0.0236","0.704","0.121","2","hsa-miR-6895-3p","hsa-miR-371b-5p","","","",""
"FAXC","0.450","0.704","0.754","2","hsa-miR-371b-5p","hsa-miR-3130-3p","","","",""
"FBRS","0.388","0.704","0.667","2","hsa-miR-4727-5p","hsa-miR-6734-3p","","","",""
"FBXL2","0.168","0.704","0.370","2","hsa-miR-371b-5p","hsa-miR-520d-3p","","","",""
"FBXL20","0.253","0.704","0.485","2","hsa-miR-7703","hsa-miR-1205","","","",""
"FBXO28","0.173","0.704","0.377","2","hsa-miR-660-5p","hsa-miR-371b-5p","","","",""
"FBXO44","0.122","0.704","0.303","2","hsa-miR-6734-3p","hsa-miR-3130-3p","","","",""
"FBXO47","0.0757","0.704","0.332","3","hsa-miR-4722-3p","hsa-miR-371b-5p","hsa-miR-7703","","",""
"FDFT1","0.0606","0.704","0.202","2","hsa-miR-6715b-5p","hsa-miR-4722-3p","","","",""
"FEM1A","0.190","0.704","0.617","5","hsa-miR-7854-3p","hsa-miR-922","hsa-miR-520d-3p","hsa-miR-4722-3p","hsa-miR-1205",""
"FEM1C","0.450","0.704","0.754","2","hsa-miR-548h-5p","hsa-miR-520d-3p","","","",""
"FGB","0.0236","0.704","0.121","2","hsa-miR-5587-5p","hsa-miR-3155b","","","",""
"FGF5","0.0606","0.704","0.202","2","hsa-miR-6815-5p","hsa-miR-371b-5p","","","",""
"FGF7","0.0288","0.704","0.135","2","hsa-miR-4727-5p","hsa-miR-520d-3p","","","",""
"FGFR1OP","0.0242","0.704","0.337","5","hsa-miR-1205","hsa-miR-6715b-5p","hsa-miR-4722-3p","hsa-miR-6734-3p","hsa-miR-937-5p",""
"FHL2","0.328","0.704","0.586","2","hsa-miR-6895-3p","hsa-miR-7703","","","",""
"FKBP14","0.0549","0.704","0.364","4","hsa-miR-5587-5p","hsa-miR-3155b","hsa-miR-4722-3p","hsa-miR-520d-3p","",""
"FLCN","0.0832","0.704","0.346","3","hsa-miR-5582-5p","hsa-miR-6715b-5p","hsa-miR-7703","","",""
"FLVCR1","0.113","0.704","0.395","3","hsa-miR-4803","hsa-miR-937-5p","hsa-miR-6715b-5p","","",""
"FOLR1","0.238","0.704","0.465","2","hsa-miR-134-3p","hsa-miR-29b-1-5p","","","",""
"FOSL2","0.363","0.704","0.633","2","hsa-miR-7703","hsa-miR-7151-5p","","","",""
"FOXC1","0.422","0.704","0.714","2","hsa-miR-139-3p","hsa-miR-6715b-5p","","","",""
"FOXJ3","0.248","0.704","0.478","2","hsa-miR-6802-3p","hsa-miR-371b-5p","","","",""
"FOXK2","0.313","0.704","0.566","2","hsa-miR-520d-3p","hsa-miR-218-2-3p","","","",""
"FRMD8","0.0679","0.704","0.215","2","hsa-miR-7703","hsa-miR-4722-3p","","","",""
"FUT9","0.0315","0.704","0.141","2","hsa-miR-7703","hsa-miR-3130-3p","","","",""
"FZD9","0.238","0.704","0.465","2","hsa-miR-520d-3p","hsa-miR-922","","","",""
"G3BP1","0.370","0.704","0.723","3","hsa-miR-5582-5p","hsa-miR-548h-5p","hsa-miR-4722-3p","","",""
"G3BP2","0.308","0.704","0.559","2","hsa-miR-922","hsa-miR-6734-3p","","","",""
"GALNT17","0.000584","0.704","0.0584","3","hsa-miR-4722-3p","hsa-miR-6715b-5p","hsa-miR-5582-5p","","",""
"GAPVD1","0.422","0.704","0.714","2","hsa-miR-371b-5p","hsa-miR-6802-3p","","","",""
"GATAD1","0.363","0.704","0.633","2","hsa-miR-7151-5p","hsa-miR-520d-3p","","","",""
"GCC1","0.0436","0.704","0.168","2","hsa-miR-5582-5p","hsa-miR-1205","","","",""
"GCLM","0.00159","0.704","0.0808","3","hsa-miR-5587-5p","hsa-miR-371b-5p","hsa-miR-3155b","","",""
"GCNT3","0.154","0.704","0.350","2","hsa-miR-520d-3p","hsa-miR-7703","","","",""
"GDF5OS","0.198","0.704","0.411","2","hsa-miR-139-3p","hsa-miR-520d-3p","","","",""
"GDPD5","0.0642","0.704","0.209","2","hsa-miR-1205","hsa-miR-922","","","",""
"GEMIN4","0.0364","0.704","0.247","3","hsa-miR-937-5p","hsa-miR-7854-3p","hsa-miR-512-5p","","",""
"GGCX","0.284","0.704","0.619","3","hsa-miR-3975","hsa-miR-512-5p","hsa-miR-7703","","",""
"GIPC1","0.318","0.704","0.572","2","hsa-miR-6774-3p","hsa-miR-922","","","",""
"GJC1","0.140","0.704","0.330","2","hsa-miR-4722-3p","hsa-miR-7703","","","",""
"GJD3","0.258","0.704","0.588","3","hsa-miR-4474-3p","hsa-miR-371b-5p","hsa-miR-4722-3p","","",""
"GK5","0.306","0.704","0.646","3","hsa-miR-7703","hsa-miR-4722-3p","hsa-miR-6895-3p","","",""
"GLO1","0.101","0.704","0.448","4","hsa-miR-6734-3p","hsa-miR-6815-5p","hsa-miR-4803","hsa-miR-520d-3p","",""
"GLP2R","0.328","0.704","0.586","2","hsa-miR-6715b-5p","hsa-miR-5582-5p","","","",""
"GMDS","0.0535","0.704","0.189","2","hsa-miR-5582-5p","hsa-miR-4803","","","",""
"GMPR","0.113","0.704","0.290","2","hsa-miR-7703","hsa-miR-4722-3p","","","",""
"GNB5","0.145","0.704","0.337","2","hsa-miR-4722-3p","hsa-miR-520d-3p","","","",""
"GNG12","0.178","0.704","0.384","2","hsa-miR-218-2-3p","hsa-miR-4647","","","",""
"GOLGA2","0.0399","0.704","0.256","3","hsa-miR-4722-3p","hsa-miR-6715b-5p","hsa-miR-520d-3p","","",""
"GON7","0.140","0.704","0.330","2","hsa-miR-512-5p","hsa-miR-7703","","","",""
"GOSR1","0.358","0.704","0.626","2","hsa-miR-3130-3p","hsa-miR-7703","","","",""
"GPC4","0.348","0.704","0.613","2","hsa-miR-7703","hsa-miR-548h-5p","","","",""
"GPR155","0.131","0.704","0.422","3","hsa-miR-520d-3p","hsa-miR-29b-1-5p","hsa-miR-3155b","","",""
"GPR27","0.135","0.704","0.323","2","hsa-miR-922","hsa-miR-548h-5p","","","",""
"GPR37L1","0.0109","0.704","0.157","3","hsa-miR-1225-3p","hsa-miR-371b-5p","hsa-miR-512-5p","","",""
"GPR75","0.113","0.704","0.395","3","hsa-miR-7703","hsa-miR-1225-3p","hsa-miR-512-5p","","",""
"GPRC5B","0.0179","0.704","0.189","3","hsa-miR-512-5p","hsa-miR-1225-3p","hsa-miR-7854-3p","","",""
"GRID1","0.164","0.704","0.364","2","hsa-miR-6895-3p","hsa-miR-922","","","",""
"GSR","0.412","0.704","0.700","2","hsa-miR-4722-3p","hsa-miR-6802-3p","","","",""
"GSTO2","0.00926","0.704","0.148","3","hsa-miR-6734-3p","hsa-miR-1205","hsa-miR-218-2-3p","","",""
"GTF2H2C","0.164","0.704","0.364","2","hsa-miR-520d-3p","hsa-miR-4722-3p","","","",""
"GTF2H5","0.308","0.704","0.559","2","hsa-miR-548h-5p","hsa-miR-4722-3p","","","",""
"HAUS3","0.280","0.704","0.615","3","hsa-miR-922","hsa-miR-378c","hsa-miR-7703","","",""
"HEATR5A","0.0399","0.704","0.256","3","hsa-miR-5587-5p","hsa-miR-371b-5p","hsa-miR-3155b","","",""
"HIST1H2AG","0.218","0.704","0.438","2","hsa-miR-7703","hsa-miR-512-5p","","","",""
"HIST1H2AH","0.0709","0.704","0.323","3","hsa-miR-29b-1-5p","hsa-miR-7703","hsa-miR-139-3p","","",""
"HIST1H2BJ","0.258","0.704","0.492","2","hsa-miR-4722-3p","hsa-miR-520d-3p","","","",""
"HIST1H2BK","0.0331","0.704","0.238","3","hsa-miR-1205","hsa-miR-218-2-3p","hsa-miR-5587-5p","","",""
"HIST1H2BN","0.0261","0.704","0.128","2","hsa-miR-7703","hsa-miR-139-3p","","","",""
"HMBOX1","0.0936","0.704","0.364","3","hsa-miR-520d-3p","hsa-miR-548h-5p","hsa-miR-371b-5p","","",""
"HMGA1","0.367","0.704","0.718","3","hsa-miR-6802-3p","hsa-miR-4722-3p","hsa-miR-6815-5p","","",""
"HMGN2","0.0643","0.704","0.439","5","hsa-miR-548h-5p","hsa-miR-6715b-5p","hsa-miR-371b-5p","hsa-miR-6815-5p","hsa-miR-6895-3p",""
"HNRNPUL1","0.412","0.704","0.700","2","hsa-miR-134-3p","hsa-miR-520d-3p","","","",""
"HOOK3","0.230","0.704","0.616","4","hsa-miR-520d-3p","hsa-miR-371b-5p","hsa-miR-512-5p","hsa-miR-134-3p","",""
"HOXA13","0.445","0.704","0.747","2","hsa-miR-1205","hsa-miR-548h-5p","","","",""
"HOXB3","0.228","0.704","0.451","2","hsa-miR-520d-3p","hsa-miR-5582-5p","","","",""
"HSBP1","0.253","0.704","0.485","2","hsa-miR-937-5p","hsa-miR-7703","","","",""
"HSD17B12","0.0865","0.704","0.424","4","hsa-miR-1205","hsa-miR-7703","hsa-miR-371b-5p","hsa-miR-4474-3p","",""
"HSPA1B","0.454","0.704","0.761","2","hsa-miR-6815-5p","hsa-miR-937-5p","","","",""
"HSPA4","0.122","0.704","0.303","2","hsa-miR-6734-3p","hsa-miR-6715b-5p","","","",""
"HSPE1-MOB4","0.0268","0.704","0.290","4","hsa-miR-1225-3p","hsa-miR-4722-3p","hsa-miR-5587-5p","hsa-miR-3155b","",""
"ICA1L","0.102","0.704","0.377","3","hsa-miR-520d-3p","hsa-miR-4727-5p","hsa-miR-4722-3p","","",""
"IFNGR2","0.0344","0.704","0.148","2","hsa-miR-7151-5p","hsa-miR-6895-3p","","","",""
"IKZF3","0.103","0.704","0.451","4","hsa-miR-1225-3p","hsa-miR-371b-5p","hsa-miR-4722-3p","hsa-miR-7703","",""
"IL17RA","0.0344","0.704","0.148","2","hsa-miR-7854-3p","hsa-miR-4647","","","",""
"IMP4","0.338","0.704","0.599","2","hsa-miR-4722-3p","hsa-miR-7703","","","",""
"INAFM1","0.183","0.704","0.391","2","hsa-miR-134-3p","hsa-miR-7854-3p","","","",""
"INIP","0.149","0.704","0.343","2","hsa-miR-4647","hsa-miR-1225-3p","","","",""
"INO80D","0.208","0.704","0.424","2","hsa-miR-520d-3p","hsa-miR-5582-5p","","","",""
"INSIG1","0.104","0.704","0.382","3","hsa-miR-7703","hsa-miR-134-3p","hsa-miR-937-5p","","",""
"INTS7","0.258","0.704","0.492","2","hsa-miR-371b-5p","hsa-miR-4722-3p","","","",""
"IPO9","0.258","0.704","0.492","2","hsa-miR-520d-3p","hsa-miR-6895-3p","","","",""
"IPP","0.0121","0.704","0.283","5","hsa-miR-7703","hsa-miR-4722-3p","hsa-miR-922","hsa-miR-371b-5p","hsa-miR-520d-3p",""
"ISCA2","0.213","0.704","0.431","2","hsa-miR-4727-5p","hsa-miR-520d-3p","","","",""
"ITGA2","0.172","0.704","0.480","3","hsa-miR-520d-3p","hsa-miR-371b-5p","hsa-miR-4722-3p","","",""
"ITGA3","0.398","0.704","0.680","2","hsa-miR-1225-3p","hsa-miR-5582-5p","","","",""
"ITGB8","0.218","0.704","0.438","2","hsa-miR-548h-5p","hsa-miR-7703","","","",""
"ITPR2","0.0145","0.704","0.0943","2","hsa-miR-6734-3p","hsa-miR-4722-3p","","","",""
"ITPRIPL2","0.338","0.704","0.599","2","hsa-miR-6715b-5p","hsa-miR-7703","","","",""
"JAK3","0.0125","0.704","0.0875","2","hsa-miR-7703","hsa-miR-29b-1-5p","","","",""
"KANK2","0.0642","0.704","0.209","2","hsa-miR-7151-5p","hsa-miR-139-3p","","","",""
"KBTBD6","0.258","0.704","0.492","2","hsa-miR-4474-3p","hsa-miR-520d-3p","","","",""
"KCNH2","0.140","0.704","0.330","2","hsa-miR-1205","hsa-miR-4647","","","",""
"KCNJ12","0.0535","0.704","0.189","2","hsa-miR-6802-3p","hsa-miR-4722-3p","","","",""
"KCNJ6","0.119","0.704","0.404","3","hsa-miR-378c","hsa-miR-218-2-3p","hsa-miR-6734-3p","","",""
"KCNK5","0.368","0.704","0.640","2","hsa-miR-371b-5p","hsa-miR-29b-1-5p","","","",""
"KCNMB1","0.119","0.704","0.404","3","hsa-miR-3130-3p","hsa-miR-520d-3p","hsa-miR-4722-3p","","",""
"KDELR1","0.0234","0.704","0.334","5","hsa-miR-3130-3p","hsa-miR-1205","hsa-miR-922","hsa-miR-4722-3p","hsa-miR-6802-3p",""
"KIAA0408","0.248","0.704","0.478","2","hsa-miR-3975","hsa-miR-4722-3p","","","",""
"KIAA0513","0.436","0.704","0.734","2","hsa-miR-520d-3p","hsa-miR-1225-3p","","","",""
"KIAA1191","0.0640","0.704","0.310","3","hsa-miR-6815-5p","hsa-miR-3975","hsa-miR-134-3p","","",""
"KIAA1456","0.272","0.704","0.606","3","hsa-miR-922","hsa-miR-134-3p","hsa-miR-5587-5p","","",""
"KIF3A","0.258","0.704","0.588","3","hsa-miR-548h-5p","hsa-miR-4722-3p","hsa-miR-7703","","",""
"KIF5B","0.363","0.704","0.633","2","hsa-miR-7703","hsa-miR-922","","","",""
"KIF6","0.313","0.704","0.566","2","hsa-miR-1225-3p","hsa-miR-520d-3p","","","",""
"KLF2","0.0533","0.704","0.360","4","hsa-miR-6802-3p","hsa-miR-371b-5p","hsa-miR-6895-3p","hsa-miR-3155b","",""
"KLF3","0.104","0.704","0.276","2","hsa-miR-520d-3p","hsa-miR-218-2-3p","","","",""
"KLHDC8A","0.253","0.704","0.485","2","hsa-miR-7703","hsa-miR-371b-5p","","","",""
"KLHL11","0.338","0.704","0.599","2","hsa-miR-548h-5p","hsa-miR-7703","","","",""
"KLHL21","0.225","0.704","0.548","3","hsa-miR-139-3p","hsa-miR-520d-3p","hsa-miR-5587-5p","","",""
"KLHL36","0.00426","0.704","0.221","5","hsa-miR-218-2-3p","hsa-miR-5587-5p","hsa-miR-371b-5p","hsa-miR-7854-3p","hsa-miR-4722-3p",""
"KNSTRN","0.0110","0.704","0.222","4","hsa-miR-5587-5p","hsa-miR-4722-3p","hsa-miR-7703","hsa-miR-937-5p","",""
"KREMEN1","0.116","0.704","0.471","4","hsa-miR-520d-3p","hsa-miR-4722-3p","hsa-miR-922","hsa-miR-5582-5p","",""
"KRT80","0.218","0.704","0.438","2","hsa-miR-7854-3p","hsa-miR-139-3p","","","",""
"LAMC1","0.268","0.704","0.505","2","hsa-miR-922","hsa-miR-371b-5p","","","",""
"LANCL3","0.223","0.704","0.444","2","hsa-miR-7703","hsa-miR-660-5p","","","",""
"LARS","0.0109","0.704","0.157","3","hsa-miR-5587-5p","hsa-miR-371b-5p","hsa-miR-3155b","","",""
"LDLR","0.393","0.704","0.750","3","hsa-miR-4803","hsa-miR-3155b","hsa-miR-6895-3p","","",""
"LEAP2","0.126","0.704","0.310","2","hsa-miR-4722-3p","hsa-miR-6895-3p","","","",""
"LGSN","0.122","0.704","0.408","3","hsa-miR-378c","hsa-miR-4722-3p","hsa-miR-520d-3p","","",""
"LIMA1","0.0757","0.704","0.332","3","hsa-miR-371b-5p","hsa-miR-520d-3p","hsa-miR-6802-3p","","",""
"LIN7C","0.0381","0.704","0.251","3","hsa-miR-922","hsa-miR-7854-3p","hsa-miR-3155b","","",""
"LIN9","0.0679","0.704","0.215","2","hsa-miR-7703","hsa-miR-3975","","","",""
"LIPC","0.263","0.704","0.498","2","hsa-miR-6734-3p","hsa-miR-512-5p","","","",""
"LIPH","0.0501","0.704","0.182","2","hsa-miR-6734-3p","hsa-miR-7703","","","",""
"LIX1L","0.218","0.704","0.438","2","hsa-miR-7703","hsa-miR-6895-3p","","","",""
"LMNB2","0.379","0.704","0.778","4","hsa-miR-5582-5p","hsa-miR-1205","hsa-miR-378c","hsa-miR-3975","",""
"LMOD3","0.0795","0.704","0.236","2","hsa-miR-5587-5p","hsa-miR-3155b","","","",""
"LRIF1","0.323","0.704","0.579","2","hsa-miR-4722-3p","hsa-miR-520d-3p","","","",""
"LRPAP1","0.253","0.704","0.485","2","hsa-miR-371b-5p","hsa-miR-7703","","","",""
"LRRC1","0.0679","0.704","0.215","2","hsa-miR-5582-5p","hsa-miR-4647","","","",""
"LRRC3C","0.150","0.704","0.449","3","hsa-miR-134-3p","hsa-miR-7703","hsa-miR-4722-3p","","",""
"LRRC58","0.0467","0.704","0.447","6","hsa-miR-4722-3p","hsa-miR-1205","hsa-miR-3155b","hsa-miR-5582-5p","hsa-miR-6715b-5p","hsa-miR-520d-3p"
"LRTOMT","0.188","0.704","0.397","2","hsa-miR-7703","hsa-miR-139-3p","","","",""
"LSAMP","0.268","0.704","0.505","2","hsa-miR-6895-3p","hsa-miR-4722-3p","","","",""
"LSM14A","0.0104","0.704","0.219","4","hsa-miR-1205","hsa-miR-371b-5p","hsa-miR-4474-3p","hsa-miR-134-3p","",""
"LTBP2","0.0717","0.704","0.222","2","hsa-miR-5582-5p","hsa-miR-1225-3p","","","",""
"LYRM7","0.104","0.704","0.382","3","hsa-miR-5587-5p","hsa-miR-371b-5p","hsa-miR-3155b","","",""
"LYZ","0.0916","0.704","0.256","2","hsa-miR-7703","hsa-miR-371b-5p","","","",""
"MACC1","0.176","0.704","0.485","3","hsa-miR-4722-3p","hsa-miR-937-5p","hsa-miR-6895-3p","","",""
"MAFK","0.193","0.704","0.507","3","hsa-miR-6734-3p","hsa-miR-134-3p","hsa-miR-6815-5p","","",""
"MAP2K4","0.183","0.704","0.391","2","hsa-miR-7703","hsa-miR-548h-5p","","","",""
"MAP2K6","0.0468","0.704","0.175","2","hsa-miR-922","hsa-miR-5587-5p","","","",""
"MAP3K2","0.0381","0.704","0.323","4","hsa-miR-5587-5p","hsa-miR-5582-5p","hsa-miR-4727-5p","hsa-miR-6734-3p","",""
"MAPK8","0.183","0.704","0.391","2","hsa-miR-7703","hsa-miR-371b-5p","","","",""
"MAPKAPK5","0.437","0.704","0.804","3","hsa-miR-6895-3p","hsa-miR-7854-3p","hsa-miR-520d-3p","","",""
"MARK2","0.233","0.704","0.458","2","hsa-miR-520d-3p","hsa-miR-7151-5p","","","",""
"MAT2A","0.189","0.704","0.503","3","hsa-miR-29b-1-5p","hsa-miR-3155b","hsa-miR-512-5p","","",""
"MB21D1","0.109","0.704","0.283","2","hsa-miR-5587-5p","hsa-miR-3155b","","","",""
"MC2R","0.0435","0.704","0.265","3","hsa-miR-4722-3p","hsa-miR-5587-5p","hsa-miR-6895-3p","","",""
"MCF2L2","0.303","0.704","0.552","2","hsa-miR-6895-3p","hsa-miR-7703","","","",""
"MCFD2","0.128","0.704","0.417","3","hsa-miR-7854-3p","hsa-miR-6815-5p","hsa-miR-1225-3p","","",""
"MCM8","0.293","0.704","0.539","2","hsa-miR-1225-3p","hsa-miR-4722-3p","","","",""
"MCM9","0.145","0.704","0.337","2","hsa-miR-371b-5p","hsa-miR-512-5p","","","",""
"MCTS1","0.393","0.704","0.673","2","hsa-miR-4722-3p","hsa-miR-7703","","","",""
"MED28","0.290","0.704","0.683","4","hsa-miR-4722-3p","hsa-miR-660-5p","hsa-miR-4647","hsa-miR-7703","",""
"MED29","0.288","0.704","0.532","2","hsa-miR-4722-3p","hsa-miR-7703","","","",""
"MELK","0.0757","0.704","0.332","3","hsa-miR-7703","hsa-miR-520d-3p","hsa-miR-371b-5p","","",""
"METTL8","0.0503","0.704","0.354","4","hsa-miR-4803","hsa-miR-548h-5p","hsa-miR-7703","hsa-miR-520d-3p","",""
"MFSD2A","0.135","0.704","0.323","2","hsa-miR-7703","hsa-miR-520d-3p","","","",""
"MFSD6","0.122","0.704","0.303","2","hsa-miR-6802-3p","hsa-miR-4722-3p","","","",""
"MIEF2","0.0570","0.704","0.195","2","hsa-miR-6715b-5p","hsa-miR-922","","","",""
"MIGA1","0.149","0.704","0.343","2","hsa-miR-4722-3p","hsa-miR-7703","","","",""
"MINK1","0.388","0.704","0.667","2","hsa-miR-520d-3p","hsa-miR-922","","","",""
"MIXL1","0.131","0.704","0.316","2","hsa-miR-3130-3p","hsa-miR-520d-3p","","","",""
"MKI67","0.0248","0.704","0.283","4","hsa-miR-4474-3p","hsa-miR-5587-5p","hsa-miR-4722-3p","hsa-miR-548h-5p","",""
"MMAB","0.159","0.704","0.462","3","hsa-miR-3130-3p","hsa-miR-7854-3p","hsa-miR-371b-5p","","",""
"MNT","0.426","0.704","0.720","2","hsa-miR-922","hsa-miR-4647","","","",""
"MOB4","0.0288","0.704","0.296","4","hsa-miR-1225-3p","hsa-miR-4722-3p","hsa-miR-5587-5p","hsa-miR-3155b","",""
"MOCS3","0.178","0.704","0.384","2","hsa-miR-218-2-3p","hsa-miR-7703","","","",""
"MPLKIP","0.250","0.704","0.579","3","hsa-miR-6715b-5p","hsa-miR-5582-5p","hsa-miR-4722-3p","","",""
"MPP5","0.104","0.704","0.276","2","hsa-miR-520d-3p","hsa-miR-4722-3p","","","",""
"MPPE1","0.308","0.704","0.559","2","hsa-miR-4722-3p","hsa-miR-520d-3p","","","",""
"MPV17L","0.0535","0.704","0.189","2","hsa-miR-371b-5p","hsa-miR-512-5p","","","",""
"MRM3","0.343","0.704","0.606","2","hsa-miR-4722-3p","hsa-miR-7703","","","",""
"MRO","0.445","0.704","0.747","2","hsa-miR-7703","hsa-miR-6774-3p","","","",""
"MRPS10","0.125","0.704","0.485","4","hsa-miR-7703","hsa-miR-6895-3p","hsa-miR-520d-3p","hsa-miR-937-5p","",""
"MRPS15","0.0795","0.704","0.236","2","hsa-miR-6895-3p","hsa-miR-6734-3p","","","",""
"MRPS23","0.303","0.704","0.552","2","hsa-miR-4647","hsa-miR-6895-3p","","","",""
"MSANTD2","0.0795","0.704","0.236","2","hsa-miR-1225-3p","hsa-miR-6734-3p","","","",""
"MSRB2","0.164","0.704","0.364","2","hsa-miR-520d-3p","hsa-miR-4722-3p","","","",""
"MTDH","0.238","0.704","0.465","2","hsa-miR-139-3p","hsa-miR-937-5p","","","",""
"MTHFD1","0.0518","0.704","0.357","4","hsa-miR-548h-5p","hsa-miR-139-3p","hsa-miR-371b-5p","hsa-miR-7703","",""
"MTRF1L","0.0575","0.704","0.296","3","hsa-miR-1205","hsa-miR-6815-5p","hsa-miR-4722-3p","","",""
"MTX3","0.426","0.704","0.720","2","hsa-miR-371b-5p","hsa-miR-7703","","","",""
"MVB12B","0.0373","0.704","0.155","2","hsa-miR-6715b-5p","hsa-miR-5582-5p","","","",""
"MYLK3","0.417","0.704","0.707","2","hsa-miR-7703","hsa-miR-520d-3p","","","",""
"MYO1F","0.176","0.704","0.485","3","hsa-miR-6895-3p","hsa-miR-6734-3p","hsa-miR-520d-3p","","",""
"MYOZ3","0.0203","0.704","0.198","3","hsa-miR-6734-3p","hsa-miR-371b-5p","hsa-miR-4722-3p","","",""
"NAP1L1","0.149","0.704","0.343","2","hsa-miR-660-5p","hsa-miR-4803","","","",""
"NAP1L4","0.0315","0.704","0.141","2","hsa-miR-922","hsa-miR-512-5p","","","",""
"NAV1","0.431","0.704","0.727","2","hsa-miR-937-5p","hsa-miR-4474-3p","","","",""
"NCKAP1","0.383","0.704","0.660","2","hsa-miR-922","hsa-miR-6895-3p","","","",""
"NDUFAF3","0.135","0.704","0.323","2","hsa-miR-520d-3p","hsa-miR-922","","","",""
"NDUFAF6","0.0145","0.704","0.0943","2","hsa-miR-1225-3p","hsa-miR-6734-3p","","","",""
"NDUFB5","0.243","0.704","0.471","2","hsa-miR-7703","hsa-miR-371b-5p","","","",""
"NDUFV3","0.348","0.704","0.613","2","hsa-miR-371b-5p","hsa-miR-3155b","","","",""
"NEK7","0.0364","0.704","0.247","3","hsa-miR-4803","hsa-miR-5582-5p","hsa-miR-548h-5p","","",""
"NEK9","0.238","0.704","0.465","2","hsa-miR-4722-3p","hsa-miR-7703","","","",""
"NFATC2IP","0.0663","0.704","0.314","3","hsa-miR-371b-5p","hsa-miR-4722-3p","hsa-miR-5587-5p","","",""
"NFIB","0.388","0.704","0.667","2","hsa-miR-4803","hsa-miR-520d-3p","","","",""
"NFKBID","0.0242","0.704","0.211","3","hsa-miR-6895-3p","hsa-miR-371b-5p","hsa-miR-4727-5p","","",""
"NKX6-1","0.00898","0.704","0.0741","2","hsa-miR-4474-3p","hsa-miR-937-5p","","","",""
"NME6","0.0381","0.704","0.251","3","hsa-miR-520d-3p","hsa-miR-4722-3p","hsa-miR-3155b","","",""
"NNT","0.233","0.704","0.458","2","hsa-miR-6715b-5p","hsa-miR-5582-5p","","","",""
"NOL9","0.378","0.704","0.653","2","hsa-miR-7703","hsa-miR-520d-3p","","","",""
"NOVA2","0.0203","0.704","0.198","3","hsa-miR-4722-3p","hsa-miR-4474-3p","hsa-miR-134-3p","","",""
"NR2F2","0.168","0.704","0.370","2","hsa-miR-7703","hsa-miR-520d-3p","","","",""
"NR2F6","0.417","0.704","0.707","2","hsa-miR-520d-3p","hsa-miR-7703","","","",""
"NR3C1","0.393","0.704","0.673","2","hsa-miR-5582-5p","hsa-miR-3130-3p","","","",""
"NRXN3","0.198","0.704","0.411","2","hsa-miR-512-5p","hsa-miR-7703","","","",""
"NUBPL","0.0835","0.704","0.242","2","hsa-miR-5587-5p","hsa-miR-3155b","","","",""
"NUCKS1","0.417","0.704","0.707","2","hsa-miR-4803","hsa-miR-4647","","","",""
"NUDT3","0.0352","0.704","0.417","6","hsa-miR-7703","hsa-miR-5587-5p","hsa-miR-3155b","hsa-miR-371b-5p","hsa-miR-6734-3p","hsa-miR-520d-3p"
"NUMBL","0.0606","0.704","0.202","2","hsa-miR-6734-3p","hsa-miR-6715b-5p","","","",""
"NUP35","0.0642","0.704","0.209","2","hsa-miR-7703","hsa-miR-1205","","","",""
"NUP93","0.183","0.704","0.391","2","hsa-miR-4722-3p","hsa-miR-7703","","","",""
"NUP98","0.228","0.704","0.451","2","hsa-miR-1205","hsa-miR-4722-3p","","","",""
"NUPL2","0.445","0.704","0.747","2","hsa-miR-7703","hsa-miR-4722-3p","","","",""
"OCIAD2","0.0249","0.704","0.339","5","hsa-miR-4722-3p","hsa-miR-3130-3p","hsa-miR-371b-5p","hsa-miR-7703","hsa-miR-937-5p",""
"ODF2L","0.0875","0.704","0.249","2","hsa-miR-6895-3p","hsa-miR-29b-1-5p","","","",""
"OGFRL1","0.104","0.704","0.276","2","hsa-miR-937-5p","hsa-miR-512-5p","","","",""
"OGT","0.183","0.704","0.391","2","hsa-miR-937-5p","hsa-miR-512-5p","","","",""
"OLA1","0.149","0.704","0.343","2","hsa-miR-6802-3p","hsa-miR-218-2-3p","","","",""
"OR7D2","0.0709","0.704","0.323","3","hsa-miR-6715b-5p","hsa-miR-5582-5p","hsa-miR-7703","","",""
"ORAI2","0.325","0.704","0.720","4","hsa-miR-7703","hsa-miR-520d-3p","hsa-miR-139-3p","hsa-miR-1225-3p","",""
"ORC1","0.159","0.704","0.357","2","hsa-miR-7703","hsa-miR-371b-5p","","","",""
"ORC6","0.213","0.704","0.431","2","hsa-miR-7854-3p","hsa-miR-7703","","","",""
"OSTM1","0.343","0.704","0.606","2","hsa-miR-520d-3p","hsa-miR-6895-3p","","","",""
"OTUD7B","0.189","0.704","0.503","3","hsa-miR-371b-5p","hsa-miR-7703","hsa-miR-7854-3p","","",""
"P4HB","0.154","0.704","0.350","2","hsa-miR-378c","hsa-miR-7854-3p","","","",""
"PAFAH1B2","0.284","0.704","0.619","3","hsa-miR-548h-5p","hsa-miR-922","hsa-miR-6715b-5p","","",""
"PAG1","0.233","0.704","0.458","2","hsa-miR-371b-5p","hsa-miR-512-5p","","","",""
"PAICS","0.00935","0.704","0.212","4","hsa-miR-134-3p","hsa-miR-3130-3p","hsa-miR-7703","hsa-miR-371b-5p","",""
"PAK2","0.122","0.704","0.408","3","hsa-miR-922","hsa-miR-520d-3p","hsa-miR-7703","","",""
"PAK4","0.0417","0.704","0.260","3","hsa-miR-371b-5p","hsa-miR-6734-3p","hsa-miR-6815-5p","","",""
"PALM2","0.278","0.704","0.518","2","hsa-miR-6895-3p","hsa-miR-4722-3p","","","",""
"PAN2","0.0606","0.704","0.202","2","hsa-miR-5587-5p","hsa-miR-3155b","","","",""
"PANK1","0.198","0.704","0.411","2","hsa-miR-6895-3p","hsa-miR-3130-3p","","","",""
"PARP1","0.283","0.704","0.525","2","hsa-miR-1225-3p","hsa-miR-520d-3p","","","",""
"PARP15","0.412","0.704","0.700","2","hsa-miR-371b-5p","hsa-miR-548h-5p","","","",""
"PARP2","0.196","0.704","0.512","3","hsa-miR-6815-5p","hsa-miR-371b-5p","hsa-miR-7854-3p","","",""
"PARVB","0.198","0.704","0.411","2","hsa-miR-371b-5p","hsa-miR-3155b","","","",""
"PAX5","0.0875","0.704","0.249","2","hsa-miR-3130-3p","hsa-miR-139-3p","","","",""
"PCBD2","0.203","0.704","0.417","2","hsa-miR-922","hsa-miR-7703","","","",""
"PCCB","0.358","0.704","0.626","2","hsa-miR-5582-5p","hsa-miR-4722-3p","","","",""
"PCLAF","0.00884","0.704","0.209","4","hsa-miR-371b-5p","hsa-miR-4722-3p","hsa-miR-7703","hsa-miR-512-5p","",""
"PCMTD1","0.253","0.704","0.485","2","hsa-miR-7703","hsa-miR-548h-5p","","","",""
"PCNX2","0.243","0.704","0.471","2","hsa-miR-520d-3p","hsa-miR-4722-3p","","","",""
"PCYT1A","0.0835","0.704","0.242","2","hsa-miR-5587-5p","hsa-miR-3155b","","","",""
"PDE12","0.225","0.704","0.548","3","hsa-miR-548h-5p","hsa-miR-6734-3p","hsa-miR-4722-3p","","",""
"PDE4C","0.426","0.704","0.720","2","hsa-miR-4722-3p","hsa-miR-520d-3p","","","",""
"PDF","0.248","0.704","0.478","2","hsa-miR-29b-1-5p","hsa-miR-371b-5p","","","",""
"PDK3","0.183","0.704","0.391","2","hsa-miR-7703","hsa-miR-6895-3p","","","",""
"PDP2","0.450","0.704","0.754","2","hsa-miR-134-3p","hsa-miR-371b-5p","","","",""
"PER1","0.417","0.704","0.707","2","hsa-miR-6715b-5p","hsa-miR-520d-3p","","","",""
"PER2","0.303","0.704","0.552","2","hsa-miR-512-5p","hsa-miR-7703","","","",""
"PHAX","0.329","0.704","0.673","3","hsa-miR-512-5p","hsa-miR-371b-5p","hsa-miR-6895-3p","","",""
"PHB2","0.261","0.704","0.593","3","hsa-miR-548h-5p","hsa-miR-6734-3p","hsa-miR-6802-3p","","",""
"PHLPP2","0.0618","0.704","0.305","3","hsa-miR-922","hsa-miR-7151-5p","hsa-miR-1225-3p","","",""
"PIGO","0.0489","0.704","0.350","4","hsa-miR-371b-5p","hsa-miR-4722-3p","hsa-miR-520d-3p","hsa-miR-6802-3p","",""
"PISD","0.258","0.704","0.492","2","hsa-miR-1205","hsa-miR-7854-3p","","","",""
"PKD1","0.343","0.704","0.606","2","hsa-miR-4462","hsa-miR-548h-5p","","","",""
"PLA2G16","0.353","0.704","0.619","2","hsa-miR-512-5p","hsa-miR-6734-3p","","","",""
"PLA2G2C","0.178","0.704","0.384","2","hsa-miR-6895-3p","hsa-miR-371b-5p","","","",""
"PLA2G4D","0.0288","0.704","0.135","2","hsa-miR-4474-3p","hsa-miR-1225-3p","","","",""
"PLAGL2","0.247","0.704","0.636","4","hsa-miR-548h-5p","hsa-miR-3155b","hsa-miR-218-2-3p","hsa-miR-7854-3p","",""
"PLCE1","0.0686","0.704","0.319","3","hsa-miR-6715b-5p","hsa-miR-5582-5p","hsa-miR-3975","","",""
"PLEKHG2","0.363","0.704","0.633","2","hsa-miR-5582-5p","hsa-miR-7703","","","",""
"PLEKHM1","0.407","0.704","0.694","2","hsa-miR-29b-1-5p","hsa-miR-520d-3p","","","",""
"PNPLA3","0.0883","0.704","0.355","3","hsa-miR-4722-3p","hsa-miR-4727-5p","hsa-miR-7854-3p","","",""
"POFUT2","0.338","0.704","0.599","2","hsa-miR-7703","hsa-miR-512-5p","","","",""
"POLQ","0.107","0.704","0.386","3","hsa-miR-7703","hsa-miR-922","hsa-miR-4722-3p","","",""
"POLR1B","0.0883","0.704","0.355","3","hsa-miR-548h-5p","hsa-miR-6715b-5p","hsa-miR-5582-5p","","",""
"POLR2E","0.293","0.704","0.539","2","hsa-miR-4722-3p","hsa-miR-1205","","","",""
"PPARGC1B","0.0118","0.704","0.162","3","hsa-miR-6715b-5p","hsa-miR-5582-5p","hsa-miR-378c","","",""
"PPFIBP1","0.268","0.704","0.505","2","hsa-miR-6895-3p","hsa-miR-371b-5p","","","",""
"PPIC","0.134","0.704","0.426","3","hsa-miR-6802-3p","hsa-miR-4647","hsa-miR-4722-3p","","",""
"PPIL1","0.140","0.704","0.330","2","hsa-miR-218-2-3p","hsa-miR-29b-1-5p","","","",""
"PPM1F","0.198","0.704","0.411","2","hsa-miR-4727-5p","hsa-miR-6715b-5p","","","",""
"PPM1K","0.253","0.704","0.485","2","hsa-miR-6734-3p","hsa-miR-7703","","","",""
"PPP6R3","0.223","0.704","0.444","2","hsa-miR-7854-3p","hsa-miR-922","","","",""
"PRIM1","0.186","0.704","0.498","3","hsa-miR-520d-3p","hsa-miR-6715b-5p","hsa-miR-5582-5p","","",""
"PRKCA","0.0835","0.704","0.242","2","hsa-miR-371b-5p","hsa-miR-4722-3p","","","",""
"PRPS1L1","0.109","0.704","0.283","2","hsa-miR-548h-5p","hsa-miR-3155b","","","",""
"PRR14L","0.153","0.704","0.453","3","hsa-miR-3155b","hsa-miR-512-5p","hsa-miR-922","","",""
"PRRG4","0.0564","0.704","0.423","5","hsa-miR-7703","hsa-miR-520d-3p","hsa-miR-6715b-5p","hsa-miR-5582-5p","hsa-miR-7151-5p",""
"PSMG1","0.0958","0.704","0.263","2","hsa-miR-1225-3p","hsa-miR-371b-5p","","","",""
"PTAR1","0.188","0.704","0.397","2","hsa-miR-4803","hsa-miR-7703","","","",""
"PTBP1","0.0447","0.704","0.340","4","hsa-miR-548h-5p","hsa-miR-5582-5p","hsa-miR-1205","hsa-miR-6734-3p","",""
"PTBP3","0.178","0.704","0.384","2","hsa-miR-371b-5p","hsa-miR-5582-5p","","","",""
"PTCHD3","0.0958","0.704","0.263","2","hsa-miR-7703","hsa-miR-4722-3p","","","",""
"PTMA","0.243","0.704","0.570","3","hsa-miR-5587-5p","hsa-miR-512-5p","hsa-miR-29b-1-5p","","",""
"PTP4A1","0.272","0.704","0.606","3","hsa-miR-218-2-3p","hsa-miR-4803","hsa-miR-548h-5p","","",""
"PTPN3","0.00471","0.704","0.117","3","hsa-miR-6895-3p","hsa-miR-7854-3p","hsa-miR-6815-5p","","",""
"PVR","0.193","0.704","0.404","2","hsa-miR-4727-5p","hsa-miR-139-3p","","","",""
"PXDC1","0.0404","0.704","0.162","2","hsa-miR-1225-3p","hsa-miR-134-3p","","","",""
"PXMP4","0.0989","0.704","0.373","3","hsa-miR-7703","hsa-miR-134-3p","hsa-miR-371b-5p","","",""
"PYCARD","0.100","0.704","0.269","2","hsa-miR-3975","hsa-miR-1225-3p","","","",""
"PYGO1","0.188","0.704","0.397","2","hsa-miR-134-3p","hsa-miR-4647","","","",""
"QKI","0.343","0.704","0.606","2","hsa-miR-4722-3p","hsa-miR-5582-5p","","","",""
"QPCT","0.0436","0.704","0.168","2","hsa-miR-7854-3p","hsa-miR-7703","","","",""
"QPCTL","0.283","0.704","0.525","2","hsa-miR-1225-3p","hsa-miR-7703","","","",""
"QSOX1","0.436","0.704","0.734","2","hsa-miR-520d-3p","hsa-miR-3975","","","",""
"R3HDM2","0.0642","0.704","0.209","2","hsa-miR-6715b-5p","hsa-miR-5582-5p","","","",""
"R3HDM4","0.0454","0.704","0.269","3","hsa-miR-3155b","hsa-miR-4462","hsa-miR-6715b-5p","","",""
"RAB3IP","0.218","0.704","0.539","3","hsa-miR-922","hsa-miR-218-2-3p","hsa-miR-520d-3p","","",""
"RAB42","0.145","0.704","0.337","2","hsa-miR-520d-3p","hsa-miR-1225-3p","","","",""
"RABGAP1L","0.110","0.704","0.391","3","hsa-miR-371b-5p","hsa-miR-520d-3p","hsa-miR-4722-3p","","",""
"RAC3","0.0404","0.704","0.162","2","hsa-miR-6815-5p","hsa-miR-3155b","","","",""
"RAD51","0.132","0.704","0.495","4","hsa-miR-7854-3p","hsa-miR-4722-3p","hsa-miR-371b-5p","hsa-miR-7703","",""
"RAI1","0.140","0.704","0.330","2","hsa-miR-4462","hsa-miR-1225-3p","","","",""
"RANGAP1","0.436","0.704","0.734","2","hsa-miR-7854-3p","hsa-miR-520d-3p","","","",""
"RAP2A","0.0261","0.704","0.128","2","hsa-miR-1225-3p","hsa-miR-6802-3p","","","",""
"RASSF4","0.0875","0.704","0.249","2","hsa-miR-922","hsa-miR-4474-3p","","","",""
"RASSF9","0.348","0.704","0.613","2","hsa-miR-512-5p","hsa-miR-7703","","","",""
"RBM12B","0.200","0.704","0.516","3","hsa-miR-520d-3p","hsa-miR-7703","hsa-miR-922","","",""
"RBM23","0.348","0.704","0.696","3","hsa-miR-6734-3p","hsa-miR-5582-5p","hsa-miR-371b-5p","","",""
"RBM43","0.348","0.704","0.613","2","hsa-miR-4722-3p","hsa-miR-7703","","","",""
"RBMS2","0.261","0.704","0.593","3","hsa-miR-3975","hsa-miR-548h-5p","hsa-miR-7703","","",""
"RCAN1","0.131","0.704","0.316","2","hsa-miR-7151-5p","hsa-miR-6895-3p","","","",""
"RDH11","0.196","0.704","0.512","3","hsa-miR-29b-1-5p","hsa-miR-378c","hsa-miR-548h-5p","","",""
"REEP3","0.358","0.704","0.626","2","hsa-miR-7703","hsa-miR-139-3p","","","",""
"REST","0.393","0.704","0.673","2","hsa-miR-520d-3p","hsa-miR-378c","","","",""
"RFC2","0.0258","0.704","0.286","4","hsa-miR-3975","hsa-miR-1225-3p","hsa-miR-512-5p","hsa-miR-4722-3p","",""
"RFT1","0.253","0.704","0.485","2","hsa-miR-7854-3p","hsa-miR-3975","","","",""
"RHD","0.0875","0.704","0.249","2","hsa-miR-4647","hsa-miR-371b-5p","","","",""
"RILPL1","0.208","0.704","0.424","2","hsa-miR-7703","hsa-miR-4722-3p","","","",""
"RLIM","0.398","0.704","0.680","2","hsa-miR-4803","hsa-miR-922","","","",""
"RNASEH1","0.100","0.704","0.269","2","hsa-miR-4722-3p","hsa-miR-520d-3p","","","",""
"RND2","0.0570","0.704","0.195","2","hsa-miR-6802-3p","hsa-miR-139-3p","","","",""
"RNF103-CHMP3","0.0127","0.704","0.166","3","hsa-miR-5587-5p","hsa-miR-371b-5p","hsa-miR-1225-3p","","",""
"RNF11","0.145","0.704","0.512","4","hsa-miR-4803","hsa-miR-1205","hsa-miR-218-2-3p","hsa-miR-4722-3p","",""
"RNF115","0.0715","0.704","0.397","4","hsa-miR-371b-5p","hsa-miR-6734-3p","hsa-miR-7703","hsa-miR-520d-3p","",""
"RNF149","0.0909","0.704","0.359","3","hsa-miR-4722-3p","hsa-miR-6715b-5p","hsa-miR-5582-5p","","",""
"RNF165","0.178","0.704","0.384","2","hsa-miR-937-5p","hsa-miR-4722-3p","","","",""
"RNF19B","0.0420","0.704","0.333","4","hsa-miR-6802-3p","hsa-miR-4722-3p","hsa-miR-520d-3p","hsa-miR-3155b","",""
"RNF216","0.149","0.704","0.343","2","hsa-miR-4722-3p","hsa-miR-3155b","","","",""
"RNF38","0.131","0.704","0.316","2","hsa-miR-1205","hsa-miR-371b-5p","","","",""
"RNF44","0.183","0.704","0.391","2","hsa-miR-7703","hsa-miR-371b-5p","","","",""
"RPA1","0.0188","0.704","0.108","2","hsa-miR-139-3p","hsa-miR-29b-1-5p","","","",""
"RPL12","0.131","0.704","0.316","2","hsa-miR-134-3p","hsa-miR-7703","","","",""
"RPL17-C18orf32","0.0535","0.704","0.189","2","hsa-miR-4803","hsa-miR-520d-3p","","","",""
"RPL24","0.218","0.704","0.438","2","hsa-miR-4727-5p","hsa-miR-7703","","","",""
"RPL37","0.198","0.704","0.411","2","hsa-miR-4722-3p","hsa-miR-371b-5p","","","",""
"RPL41","0.368","0.704","0.640","2","hsa-miR-7854-3p","hsa-miR-218-2-3p","","","",""
"RPL7L1","0.434","0.704","0.799","3","hsa-miR-548h-5p","hsa-miR-6715b-5p","hsa-miR-4722-3p","","",""
"RPS16","0.159","0.704","0.357","2","hsa-miR-371b-5p","hsa-miR-937-5p","","","",""
"RRAGC","0.188","0.704","0.397","2","hsa-miR-371b-5p","hsa-miR-134-3p","","","",""
"RRP36","0.436","0.704","0.734","2","hsa-miR-6715b-5p","hsa-miR-4722-3p","","","",""
"RSL1D1","0.238","0.704","0.465","2","hsa-miR-6734-3p","hsa-miR-4722-3p","","","",""
"RTCB","0.0679","0.704","0.215","2","hsa-miR-29b-1-5p","hsa-miR-371b-5p","","","",""
"RUFY2","0.0331","0.704","0.238","3","hsa-miR-1205","hsa-miR-6715b-5p","hsa-miR-29b-1-5p","","",""
"S1PR2","0.131","0.704","0.422","3","hsa-miR-371b-5p","hsa-miR-6895-3p","hsa-miR-7703","","",""
"SAMD4B","0.228","0.704","0.451","2","hsa-miR-7854-3p","hsa-miR-6815-5p","","","",""
"SAMD8","0.0826","0.704","0.417","4","hsa-miR-548h-5p","hsa-miR-520d-3p","hsa-miR-6802-3p","hsa-miR-4722-3p","",""
"SAMHD1","0.0468","0.704","0.175","2","hsa-miR-6734-3p","hsa-miR-4722-3p","","","",""
"SAR1B","0.0962","0.704","0.368","3","hsa-miR-4803","hsa-miR-520d-3p","hsa-miR-6895-3p","","",""
"SBF1","0.102","0.704","0.377","3","hsa-miR-520d-3p","hsa-miR-5582-5p","hsa-miR-6715b-5p","","",""
"SBNO1","0.314","0.704","0.655","3","hsa-miR-922","hsa-miR-520d-3p","hsa-miR-1205","","",""
"SCAMP3","0.0916","0.704","0.256","2","hsa-miR-922","hsa-miR-6815-5p","","","",""
"SCIMP","0.145","0.704","0.337","2","hsa-miR-5587-5p","hsa-miR-3155b","","","",""
"SCN2B","0.126","0.704","0.310","2","hsa-miR-6895-3p","hsa-miR-4722-3p","","","",""
"SCOC","0.00440","0.704","0.172","4","hsa-miR-4647","hsa-miR-5582-5p","hsa-miR-134-3p","hsa-miR-371b-5p","",""
"SDE2","0.348","0.704","0.613","2","hsa-miR-5582-5p","hsa-miR-548h-5p","","","",""
"SEC14L5","0.0717","0.704","0.222","2","hsa-miR-371b-5p","hsa-miR-5582-5p","","","",""
"SEC22C","0.145","0.704","0.337","2","hsa-miR-371b-5p","hsa-miR-660-5p","","","",""
"SELENOI","0.203","0.704","0.417","2","hsa-miR-5582-5p","hsa-miR-6715b-5p","","","",""
"SELENON","0.00730","0.704","0.250","5","hsa-miR-6802-3p","hsa-miR-1205","hsa-miR-7854-3p","hsa-miR-5582-5p","hsa-miR-6715b-5p",""
"SEM1","0.0916","0.704","0.256","2","hsa-miR-1225-3p","hsa-miR-548h-5p","","","",""
"SEPHS1","0.258","0.704","0.492","2","hsa-miR-937-5p","hsa-miR-7703","","","",""
"SERF1A","0.126","0.704","0.310","2","hsa-miR-520d-3p","hsa-miR-7703","","","",""
"SERF1B","0.135","0.704","0.323","2","hsa-miR-520d-3p","hsa-miR-7703","","","",""
"SESN2","0.417","0.704","0.707","2","hsa-miR-4474-3p","hsa-miR-1205","","","",""
"SETD7","0.353","0.704","0.619","2","hsa-miR-548h-5p","hsa-miR-3975","","","",""
"SGK3","0.0642","0.704","0.209","2","hsa-miR-5587-5p","hsa-miR-3155b","","","",""
"SGPP2","0.131","0.704","0.316","2","hsa-miR-1225-3p","hsa-miR-6715b-5p","","","",""
"SGTA","0.0107","0.704","0.0808","2","hsa-miR-6895-3p","hsa-miR-7151-5p","","","",""
"SH3BP2","0.117","0.704","0.296","2","hsa-miR-6715b-5p","hsa-miR-5582-5p","","","",""
"SH3D19","0.126","0.704","0.310","2","hsa-miR-7151-5p","hsa-miR-371b-5p","","","",""
"SHE","0.188","0.704","0.397","2","hsa-miR-371b-5p","hsa-miR-7703","","","",""
"SHISA9","0.436","0.704","0.734","2","hsa-miR-548h-5p","hsa-miR-6734-3p","","","",""
"SHMT1","0.378","0.704","0.653","2","hsa-miR-134-3p","hsa-miR-371b-5p","","","",""
"SHMT2","0.0835","0.704","0.242","2","hsa-miR-937-5p","hsa-miR-134-3p","","","",""
"SHOC2","0.206","0.704","0.589","4","hsa-miR-922","hsa-miR-512-5p","hsa-miR-4803","hsa-miR-7703","",""
"SIGLEC10","0.131","0.704","0.316","2","hsa-miR-6715b-5p","hsa-miR-5582-5p","","","",""
"SIGLEC9","0.119","0.704","0.404","3","hsa-miR-3975","hsa-miR-4722-3p","hsa-miR-7703","","",""
"SIK1","0.358","0.704","0.626","2","hsa-miR-520d-3p","hsa-miR-548h-5p","","","",""
"SINHCAF","0.168","0.704","0.370","2","hsa-miR-371b-5p","hsa-miR-139-3p","","","",""
"SLAIN2","0.145","0.704","0.337","2","hsa-miR-520d-3p","hsa-miR-7703","","","",""
"SLC12A6","0.104","0.704","0.276","2","hsa-miR-520d-3p","hsa-miR-937-5p","","","",""
"SLC12A7","0.407","0.704","0.694","2","hsa-miR-6734-3p","hsa-miR-29b-1-5p","","","",""
"SLC13A4","0.00898","0.704","0.0741","2","hsa-miR-7854-3p","hsa-miR-6815-5p","","","",""
"SLC1A5","0.419","0.704","0.781","3","hsa-miR-3130-3p","hsa-miR-4722-3p","hsa-miR-520d-3p","","",""
"SLC24A4","0.0564","0.704","0.367","4","hsa-miR-3975","hsa-miR-371b-5p","hsa-miR-7703","hsa-miR-4647","",""
"SLC25A33","0.166","0.704","0.471","3","hsa-miR-134-3p","hsa-miR-4722-3p","hsa-miR-520d-3p","","",""
"SLC25A36","0.238","0.704","0.465","2","hsa-miR-4647","hsa-miR-4803","","","",""
"SLC25A43","0.0916","0.704","0.256","2","hsa-miR-1225-3p","hsa-miR-6895-3p","","","",""
"SLC27A1","0.393","0.704","0.673","2","hsa-miR-7854-3p","hsa-miR-512-5p","","","",""
"SLC28A1","0.110","0.704","0.391","3","hsa-miR-520d-3p","hsa-miR-371b-5p","hsa-miR-3130-3p","","",""
"SLC2A5","0.149","0.704","0.343","2","hsa-miR-512-5p","hsa-miR-6815-5p","","","",""
"SLC31A1","0.173","0.704","0.377","2","hsa-miR-5582-5p","hsa-miR-4722-3p","","","",""
"SLC35E2","0.417","0.704","0.707","2","hsa-miR-371b-5p","hsa-miR-7703","","","",""
"SLC35E3","0.263","0.704","0.498","2","hsa-miR-1225-3p","hsa-miR-7151-5p","","","",""
"SLC35F5","0.0936","0.704","0.364","3","hsa-miR-1205","hsa-miR-3155b","hsa-miR-520d-3p","","",""
"SLC38A9","0.263","0.704","0.498","2","hsa-miR-371b-5p","hsa-miR-4722-3p","","","",""
"SLC39A11","0.164","0.704","0.364","2","hsa-miR-6734-3p","hsa-miR-922","","","",""
"SLC39A13","0.0145","0.704","0.0943","2","hsa-miR-1225-3p","hsa-miR-6734-3p","","","",""
"SLC39A9","0.0618","0.704","0.305","3","hsa-miR-4474-3p","hsa-miR-3975","hsa-miR-371b-5p","","",""
"SLC43A2","0.243","0.704","0.471","2","hsa-miR-4722-3p","hsa-miR-139-3p","","","",""
"SLC5A2","0.00741","0.704","0.0673","2","hsa-miR-6802-3p","hsa-miR-3155b","","","",""
"SLC5A6","0.113","0.704","0.290","2","hsa-miR-139-3p","hsa-miR-7854-3p","","","",""
"SLC6A17","0.131","0.704","0.316","2","hsa-miR-7151-5p","hsa-miR-7854-3p","","","",""
"SLC6A4","0.0186","0.704","0.259","4","hsa-miR-1205","hsa-miR-937-5p","hsa-miR-3130-3p","hsa-miR-520d-3p","",""
"SLC7A11","0.398","0.704","0.680","2","hsa-miR-4722-3p","hsa-miR-520d-3p","","","",""
"SLC7A14","0.0229","0.704","0.206","3","hsa-miR-4727-5p","hsa-miR-4722-3p","hsa-miR-5582-5p","","",""
"SLIT1","0.100","0.704","0.269","2","hsa-miR-6734-3p","hsa-miR-4722-3p","","","",""
"SLIT3","0.0288","0.704","0.135","2","hsa-miR-218-2-3p","hsa-miR-922","","","",""
"SMU1","0.412","0.704","0.700","2","hsa-miR-7703","hsa-miR-3975","","","",""
"SMYD1","0.100","0.704","0.269","2","hsa-miR-3130-3p","hsa-miR-7854-3p","","","",""
"SNRNP48","0.0501","0.704","0.182","2","hsa-miR-7703","hsa-miR-3130-3p","","","",""
"SNRPD3","0.426","0.704","0.720","2","hsa-miR-1205","hsa-miR-3155b","","","",""
"SOCS5","0.398","0.704","0.680","2","hsa-miR-4474-3p","hsa-miR-520d-3p","","","",""
"SOGA3","0.126","0.704","0.310","2","hsa-miR-4722-3p","hsa-miR-4803","","","",""
"SORCS2","0.333","0.704","0.593","2","hsa-miR-520d-3p","hsa-miR-4722-3p","","","",""
"SP2","0.0909","0.704","0.359","3","hsa-miR-7854-3p","hsa-miR-520d-3p","hsa-miR-6802-3p","","",""
"SPIB","0.358","0.704","0.626","2","hsa-miR-520d-3p","hsa-miR-4722-3p","","","",""
"SPIRE2","0.0606","0.704","0.202","2","hsa-miR-4722-3p","hsa-miR-371b-5p","","","",""
"SPPL2A","0.196","0.704","0.512","3","hsa-miR-548h-5p","hsa-miR-937-5p","hsa-miR-4722-3p","","",""
"SPRTN","0.0835","0.704","0.242","2","hsa-miR-512-5p","hsa-miR-7151-5p","","","",""
"SPRYD4","0.119","0.704","0.404","3","hsa-miR-548h-5p","hsa-miR-7703","hsa-miR-371b-5p","","",""
"SRARP","0.113","0.704","0.290","2","hsa-miR-5587-5p","hsa-miR-6802-3p","","","",""
"SRF","0.125","0.704","0.413","3","hsa-miR-6802-3p","hsa-miR-4722-3p","hsa-miR-512-5p","","",""
"SRRD","0.203","0.704","0.417","2","hsa-miR-6715b-5p","hsa-miR-29b-1-5p","","","",""
"SRRM4","0.122","0.704","0.303","2","hsa-miR-922","hsa-miR-6734-3p","","","",""
"SRSF10","0.131","0.704","0.316","2","hsa-miR-5587-5p","hsa-miR-3155b","","","",""
"SRSF2","0.445","0.704","0.747","2","hsa-miR-6715b-5p","hsa-miR-3130-3p","","","",""
"SS18L1","0.0125","0.704","0.0875","2","hsa-miR-5587-5p","hsa-miR-3155b","","","",""
"SSBP2","0.236","0.704","0.561","3","hsa-miR-7854-3p","hsa-miR-139-3p","hsa-miR-7703","","",""
"SSH3","0.0717","0.704","0.222","2","hsa-miR-3975","hsa-miR-7703","","","",""
"SSU72","0.303","0.704","0.552","2","hsa-miR-5582-5p","hsa-miR-6715b-5p","","","",""
"STAT2","0.208","0.704","0.424","2","hsa-miR-371b-5p","hsa-miR-7703","","","",""
"STAT3","0.293","0.704","0.539","2","hsa-miR-922","hsa-miR-29b-1-5p","","","",""
"STK10","0.0315","0.704","0.141","2","hsa-miR-1225-3p","hsa-miR-922","","","",""
"STK25","0.0501","0.704","0.182","2","hsa-miR-7151-5p","hsa-miR-6734-3p","","","",""
"STMP1","0.0596","0.704","0.301","3","hsa-miR-922","hsa-miR-7854-3p","hsa-miR-371b-5p","","",""
"STRN","0.243","0.704","0.471","2","hsa-miR-218-2-3p","hsa-miR-6734-3p","","","",""
"STX4","0.343","0.704","0.606","2","hsa-miR-3130-3p","hsa-miR-520d-3p","","","",""
"SUGP1","0.113","0.704","0.290","2","hsa-miR-371b-5p","hsa-miR-520d-3p","","","",""
"SUZ12","0.0399","0.704","0.256","3","hsa-miR-520d-3p","hsa-miR-371b-5p","hsa-miR-4647","","",""
"SV2B","0.117","0.704","0.296","2","hsa-miR-3130-3p","hsa-miR-4803","","","",""
"SVOP","0.426","0.704","0.720","2","hsa-miR-548h-5p","hsa-miR-4727-5p","","","",""
"SYAP1","0.313","0.704","0.566","2","hsa-miR-5587-5p","hsa-miR-4722-3p","","","",""
"SYNJ2BP","0.0643","0.704","0.439","5","hsa-miR-6734-3p","hsa-miR-3155b","hsa-miR-520d-3p","hsa-miR-371b-5p","hsa-miR-7703",""
"SYT7","0.283","0.704","0.525","2","hsa-miR-139-3p","hsa-miR-3130-3p","","","",""
"SZT2","0.0501","0.704","0.182","2","hsa-miR-1225-3p","hsa-miR-6895-3p","","","",""
"TACO1","0.278","0.704","0.518","2","hsa-miR-7703","hsa-miR-4647","","","",""
"TACR2","0.0236","0.704","0.121","2","hsa-miR-7703","hsa-miR-4722-3p","","","",""
"TAF13","0.213","0.704","0.431","2","hsa-miR-4722-3p","hsa-miR-7703","","","",""
"TAF1D","0.125","0.704","0.413","3","hsa-miR-922","hsa-miR-3975","hsa-miR-1225-3p","","",""
"TAL1","0.0373","0.704","0.155","2","hsa-miR-1225-3p","hsa-miR-6895-3p","","","",""
"TANGO2","0.303","0.704","0.552","2","hsa-miR-7703","hsa-miR-371b-5p","","","",""
"TAX1BP3","0.0145","0.704","0.0943","2","hsa-miR-5587-5p","hsa-miR-922","","","",""
"TBC1D15","0.173","0.704","0.377","2","hsa-miR-7703","hsa-miR-371b-5p","","","",""
"TBL3","0.0875","0.704","0.249","2","hsa-miR-4722-3p","hsa-miR-4727-5p","","","",""
"TBRG1","0.218","0.704","0.438","2","hsa-miR-7854-3p","hsa-miR-3155b","","","",""
"TEDC1","0.00898","0.704","0.0741","2","hsa-miR-6715b-5p","hsa-miR-5582-5p","","","",""
"TERF2","0.0288","0.704","0.296","4","hsa-miR-7854-3p","hsa-miR-1225-3p","hsa-miR-139-3p","hsa-miR-7703","",""
"TES","0.193","0.704","0.404","2","hsa-miR-7151-5p","hsa-miR-371b-5p","","","",""
"TFRC","0.228","0.704","0.451","2","hsa-miR-6895-3p","hsa-miR-4722-3p","","","",""
"TGOLN2","0.393","0.704","0.673","2","hsa-miR-6895-3p","hsa-miR-4722-3p","","","",""
"THAP6","0.218","0.704","0.438","2","hsa-miR-3155b","hsa-miR-4722-3p","","","",""
"THY1","0.0679","0.704","0.215","2","hsa-miR-139-3p","hsa-miR-6715b-5p","","","",""
"TIMELESS","0.193","0.704","0.404","2","hsa-miR-7703","hsa-miR-512-5p","","","",""
"TIMM10","0.134","0.704","0.426","3","hsa-miR-5587-5p","hsa-miR-3155b","hsa-miR-520d-3p","","",""
"TIMM17A","0.0679","0.704","0.215","2","hsa-miR-520d-3p","hsa-miR-6895-3p","","","",""
"TIMM29","0.373","0.704","0.646","2","hsa-miR-7703","hsa-miR-4722-3p","","","",""
"TIMM8A","0.247","0.704","0.575","3","hsa-miR-7703","hsa-miR-4722-3p","hsa-miR-7151-5p","","",""
"TIPIN","0.0347","0.704","0.242","3","hsa-miR-1225-3p","hsa-miR-7703","hsa-miR-3975","","",""
"TIRAP","0.198","0.704","0.411","2","hsa-miR-7703","hsa-miR-3155b","","","",""
"TLCD2","0.338","0.704","0.599","2","hsa-miR-6734-3p","hsa-miR-4722-3p","","","",""
"TM4SF20","0.0570","0.704","0.195","2","hsa-miR-371b-5p","hsa-miR-6734-3p","","","",""
"TM4SF5","0.208","0.704","0.424","2","hsa-miR-4722-3p","hsa-miR-520d-3p","","","",""
"TM7SF3","0.0875","0.704","0.249","2","hsa-miR-4722-3p","hsa-miR-6715b-5p","","","",""
"TM9SF3","0.412","0.704","0.700","2","hsa-miR-548h-5p","hsa-miR-922","","","",""
"TMED10","0.166","0.704","0.471","3","hsa-miR-7854-3p","hsa-miR-4474-3p","hsa-miR-1205","","",""
"TMED4","0.221","0.704","0.543","3","hsa-miR-7703","hsa-miR-512-5p","hsa-miR-6895-3p","","",""
"TMED8","0.00898","0.704","0.0741","2","hsa-miR-7703","hsa-miR-134-3p","","","",""
"TMEM120B","0.0629","0.704","0.380","4","hsa-miR-7703","hsa-miR-6715b-5p","hsa-miR-5582-5p","hsa-miR-3155b","",""
"TMEM134","0.126","0.704","0.310","2","hsa-miR-520d-3p","hsa-miR-512-5p","","","",""
"TMEM136","0.104","0.704","0.276","2","hsa-miR-922","hsa-miR-371b-5p","","","",""
"TMEM151A","0.145","0.704","0.337","2","hsa-miR-6734-3p","hsa-miR-4722-3p","","","",""
"TMEM154","0.328","0.704","0.586","2","hsa-miR-371b-5p","hsa-miR-4722-3p","","","",""
"TMEM170A","0.0503","0.704","0.354","4","hsa-miR-6815-5p","hsa-miR-139-3p","hsa-miR-6895-3p","hsa-miR-7703","",""
"TMEM184A","0.0331","0.704","0.238","3","hsa-miR-134-3p","hsa-miR-5582-5p","hsa-miR-6715b-5p","","",""
"TMEM184C","0.273","0.704","0.512","2","hsa-miR-7703","hsa-miR-371b-5p","","","",""
"TMEM19","0.131","0.704","0.316","2","hsa-miR-3975","hsa-miR-520d-3p","","","",""
"TMEM199","0.109","0.704","0.283","2","hsa-miR-371b-5p","hsa-miR-6895-3p","","","",""
"TMEM2","0.412","0.704","0.700","2","hsa-miR-5587-5p","hsa-miR-3155b","","","",""
"TMEM214","0.135","0.704","0.323","2","hsa-miR-6715b-5p","hsa-miR-3975","","","",""
"TMEM239","0.358","0.704","0.626","2","hsa-miR-7703","hsa-miR-3975","","","",""
"TMEM241","0.0364","0.704","0.247","3","hsa-miR-548h-5p","hsa-miR-6715b-5p","hsa-miR-5582-5p","","",""
"TMEM246","0.208","0.704","0.424","2","hsa-miR-6734-3p","hsa-miR-4474-3p","","","",""
"TMEM248","0.0642","0.704","0.209","2","hsa-miR-922","hsa-miR-218-2-3p","","","",""
"TMEM33","0.328","0.704","0.586","2","hsa-miR-3130-3p","hsa-miR-7703","","","",""
"TMEM44","0.0958","0.704","0.263","2","hsa-miR-371b-5p","hsa-miR-7703","","","",""
"TMEM65","0.0916","0.704","0.256","2","hsa-miR-371b-5p","hsa-miR-7703","","","",""
"TMEM81","0.122","0.704","0.303","2","hsa-miR-4722-3p","hsa-miR-218-2-3p","","","",""
"TNFAIP8L1","0.153","0.704","0.453","3","hsa-miR-520d-3p","hsa-miR-371b-5p","hsa-miR-4722-3p","","",""
"TNFRSF10B","0.436","0.704","0.734","2","hsa-miR-520d-3p","hsa-miR-1225-3p","","","",""
"TNFRSF13C","0.276","0.704","0.610","3","hsa-miR-4727-5p","hsa-miR-7703","hsa-miR-371b-5p","","",""
"TNRC6B","0.284","0.704","0.677","4","hsa-miR-29b-1-5p","hsa-miR-6715b-5p","hsa-miR-520d-3p","hsa-miR-6734-3p","",""
"TOLLIP","0.0288","0.704","0.135","2","hsa-miR-1225-3p","hsa-miR-3975","","","",""
"TOR1B","0.233","0.704","0.458","2","hsa-miR-218-2-3p","hsa-miR-371b-5p","","","",""
"TOR2A","0.134","0.704","0.426","3","hsa-miR-1205","hsa-miR-3155b","hsa-miR-6815-5p","","",""
"TOR4A","0.0709","0.704","0.323","3","hsa-miR-7703","hsa-miR-6774-3p","hsa-miR-5582-5p","","",""
"TRA2B","0.263","0.704","0.498","2","hsa-miR-548h-5p","hsa-miR-6895-3p","","","",""
"TRAF3IP1","0.208","0.704","0.424","2","hsa-miR-371b-5p","hsa-miR-7703","","","",""
"TRAT1","0.0795","0.704","0.236","2","hsa-miR-5587-5p","hsa-miR-3155b","","","",""
"TRIB1","0.298","0.704","0.545","2","hsa-miR-371b-5p","hsa-miR-4647","","","",""
"TRIM37","0.248","0.704","0.478","2","hsa-miR-937-5p","hsa-miR-548h-5p","","","",""
"TRIM71","0.412","0.704","0.700","2","hsa-miR-6734-3p","hsa-miR-5587-5p","","","",""
"TRIOBP","0.253","0.704","0.485","2","hsa-miR-520d-3p","hsa-miR-5582-5p","","","",""
"TRMT2B","0.178","0.704","0.384","2","hsa-miR-512-5p","hsa-miR-7703","","","",""
"TRPS1","0.258","0.704","0.492","2","hsa-miR-6715b-5p","hsa-miR-371b-5p","","","",""
"TSPAN6","0.298","0.704","0.545","2","hsa-miR-371b-5p","hsa-miR-520d-3p","","","",""
"TSPEAR-AS2","0.0501","0.704","0.182","2","hsa-miR-371b-5p","hsa-miR-7703","","","",""
"TSR1","0.308","0.704","0.559","2","hsa-miR-520d-3p","hsa-miR-3975","","","",""
"TTC9C","0.238","0.704","0.465","2","hsa-miR-4647","hsa-miR-4722-3p","","","",""
"TTLL12","0.398","0.704","0.680","2","hsa-miR-4722-3p","hsa-miR-3155b","","","",""
"TUBD1","0.298","0.704","0.545","2","hsa-miR-6715b-5p","hsa-miR-139-3p","","","",""
"TXK","0.258","0.704","0.492","2","hsa-miR-520d-3p","hsa-miR-4722-3p","","","",""
"TXLNA","0.353","0.704","0.619","2","hsa-miR-937-5p","hsa-miR-6715b-5p","","","",""
"TXNDC16","0.450","0.704","0.754","2","hsa-miR-7703","hsa-miR-371b-5p","","","",""
"TXNIP","0.369","0.704","0.768","4","hsa-miR-520d-3p","hsa-miR-3975","hsa-miR-29b-1-5p","hsa-miR-4647","",""
"TXNL1","0.293","0.704","0.539","2","hsa-miR-378c","hsa-miR-371b-5p","","","",""
"UBA6","0.0717","0.704","0.222","2","hsa-miR-660-5p","hsa-miR-6734-3p","","","",""
"UBE2B","0.253","0.704","0.485","2","hsa-miR-4722-3p","hsa-miR-6715b-5p","","","",""
"UBE2G1","0.131","0.704","0.316","2","hsa-miR-1205","hsa-miR-139-3p","","","",""
"UBE2H","0.0288","0.704","0.296","4","hsa-miR-4803","hsa-miR-548h-5p","hsa-miR-922","hsa-miR-1205","",""
"UBN2","0.452","0.704","0.821","3","hsa-miR-937-5p","hsa-miR-520d-3p","hsa-miR-4803","","",""
"UBXN2A","0.448","0.704","0.817","3","hsa-miR-937-5p","hsa-miR-520d-3p","hsa-miR-7703","","",""
"UGGT2","0.0288","0.704","0.135","2","hsa-miR-3155b","hsa-miR-4722-3p","","","",""
"ULK1","0.198","0.704","0.411","2","hsa-miR-520d-3p","hsa-miR-6895-3p","","","",""
"UNC5B","0.0883","0.704","0.355","3","hsa-miR-6895-3p","hsa-miR-6715b-5p","hsa-miR-5582-5p","","",""
"UQCR11","0.0958","0.704","0.263","2","hsa-miR-4722-3p","hsa-miR-7703","","","",""
"USP6NL","0.353","0.704","0.619","2","hsa-miR-218-2-3p","hsa-miR-6895-3p","","","",""
"UTP4","0.208","0.704","0.424","2","hsa-miR-7703","hsa-miR-6734-3p","","","",""
"UTP6","0.140","0.704","0.330","2","hsa-miR-7703","hsa-miR-371b-5p","","","",""
"VEZT","0.113","0.704","0.290","2","hsa-miR-4722-3p","hsa-miR-5582-5p","","","",""
"VHL","0.0512","0.704","0.283","3","hsa-miR-512-5p","hsa-miR-6802-3p","hsa-miR-371b-5p","","",""
"VHLL","0.248","0.704","0.478","2","hsa-miR-134-3p","hsa-miR-7703","","","",""
"VLDLR","0.278","0.704","0.518","2","hsa-miR-548h-5p","hsa-miR-371b-5p","","","",""
"VPS53","0.440","0.704","0.741","2","hsa-miR-520d-3p","hsa-miR-7703","","","",""
"WASF2","0.196","0.704","0.512","3","hsa-miR-6734-3p","hsa-miR-5582-5p","hsa-miR-3155b","","",""
"WBP2","0.308","0.704","0.559","2","hsa-miR-922","hsa-miR-6815-5p","","","",""
"WDR12","0.0435","0.704","0.265","3","hsa-miR-4722-3p","hsa-miR-371b-5p","hsa-miR-7703","","",""
"WDR31","0.104","0.704","0.276","2","hsa-miR-371b-5p","hsa-miR-4722-3p","","","",""
"WDR33","0.109","0.704","0.283","2","hsa-miR-4722-3p","hsa-miR-378c","","","",""
"WDR92","0.328","0.704","0.586","2","hsa-miR-4722-3p","hsa-miR-520d-3p","","","",""
"WIPF2","0.0697","0.704","0.394","4","hsa-miR-7854-3p","hsa-miR-371b-5p","hsa-miR-6734-3p","hsa-miR-4722-3p","",""
"WNK1","0.440","0.704","0.741","2","hsa-miR-134-3p","hsa-miR-3975","","","",""
"WNT7B","0.288","0.704","0.532","2","hsa-miR-7854-3p","hsa-miR-6815-5p","","","",""
"WSB1","0.137","0.704","0.431","3","hsa-miR-520d-3p","hsa-miR-6815-5p","hsa-miR-512-5p","","",""
"WT1","0.263","0.704","0.498","2","hsa-miR-371b-5p","hsa-miR-7703","","","",""
"XKR7","0.145","0.704","0.337","2","hsa-miR-660-5p","hsa-miR-922","","","",""
"XRCC5","0.0373","0.704","0.155","2","hsa-miR-218-2-3p","hsa-miR-29b-1-5p","","","",""
"XRCC6","0.313","0.704","0.566","2","hsa-miR-548h-5p","hsa-miR-6715b-5p","","","",""
"YARS","0.258","0.704","0.492","2","hsa-miR-6774-3p","hsa-miR-922","","","",""
"YIPF4","0.230","0.704","0.616","4","hsa-miR-520d-3p","hsa-miR-6715b-5p","hsa-miR-371b-5p","hsa-miR-3975","",""
"YPEL2","0.0875","0.704","0.249","2","hsa-miR-4647","hsa-miR-937-5p","","","",""
"YTHDF1","0.258","0.704","0.492","2","hsa-miR-660-5p","hsa-miR-7151-5p","","","",""
"YWHAB","0.228","0.704","0.451","2","hsa-miR-5582-5p","hsa-miR-6715b-5p","","","",""
"YY1","0.168","0.704","0.542","4","hsa-miR-4722-3p","hsa-miR-3155b","hsa-miR-378c","hsa-miR-139-3p","",""
"ZBED1","0.149","0.704","0.343","2","hsa-miR-371b-5p","hsa-miR-520d-3p","","","",""
"ZBTB3","0.278","0.704","0.518","2","hsa-miR-371b-5p","hsa-miR-4722-3p","","","",""
"ZBTB33","0.0248","0.704","0.283","4","hsa-miR-520d-3p","hsa-miR-922","hsa-miR-4647","hsa-miR-5582-5p","",""
"ZBTB37","0.355","0.704","0.705","3","hsa-miR-5587-5p","hsa-miR-548h-5p","hsa-miR-5582-5p","","",""
"ZBTB40","0.0795","0.704","0.236","2","hsa-miR-6815-5p","hsa-miR-6734-3p","","","",""
"ZBTB43","0.253","0.704","0.485","2","hsa-miR-548h-5p","hsa-miR-5587-5p","","","",""
"ZBTB46","0.426","0.704","0.720","2","hsa-miR-3130-3p","hsa-miR-29b-1-5p","","","",""
"ZBTB7A","0.344","0.704","0.691","3","hsa-miR-139-3p","hsa-miR-6734-3p","hsa-miR-371b-5p","","",""
"ZBTB8A","0.0211","0.704","0.269","4","hsa-miR-7854-3p","hsa-miR-7703","hsa-miR-3975","hsa-miR-6895-3p","",""
"ZBTB8B","0.272","0.704","0.606","3","hsa-miR-7703","hsa-miR-512-5p","hsa-miR-922","","",""
"ZDHHC5","0.203","0.704","0.417","2","hsa-miR-6734-3p","hsa-miR-29b-1-5p","","","",""
"ZFP14","0.166","0.704","0.471","3","hsa-miR-6815-5p","hsa-miR-371b-5p","hsa-miR-4722-3p","","",""
"ZFP30","0.0709","0.704","0.323","3","hsa-miR-4722-3p","hsa-miR-6734-3p","hsa-miR-6895-3p","","",""
"ZFP69B","0.323","0.704","0.579","2","hsa-miR-7703","hsa-miR-218-2-3p","","","",""
"ZFYVE26","0.198","0.704","0.411","2","hsa-miR-660-5p","hsa-miR-520d-3p","","","",""
"ZMIZ2","0.168","0.704","0.370","2","hsa-miR-139-3p","hsa-miR-6815-5p","","","",""
"ZNF101","0.459","0.704","0.768","2","hsa-miR-7703","hsa-miR-512-5p","","","",""
"ZNF117","0.417","0.704","0.707","2","hsa-miR-218-2-3p","hsa-miR-4727-5p","","","",""
"ZNF12","0.278","0.704","0.518","2","hsa-miR-520d-3p","hsa-miR-4647","","","",""
"ZNF154","0.436","0.704","0.734","2","hsa-miR-548h-5p","hsa-miR-922","","","",""
"ZNF157","0.0717","0.704","0.222","2","hsa-miR-371b-5p","hsa-miR-7703","","","",""
"ZNF174","0.0795","0.704","0.236","2","hsa-miR-371b-5p","hsa-miR-520d-3p","","","",""
"ZNF292","0.0717","0.704","0.222","2","hsa-miR-7703","hsa-miR-7151-5p","","","",""
"ZNF317","0.0420","0.704","0.333","4","hsa-miR-1205","hsa-miR-520d-3p","hsa-miR-7703","hsa-miR-371b-5p","",""
"ZNF329","0.0806","0.704","0.341","3","hsa-miR-4722-3p","hsa-miR-6895-3p","hsa-miR-7854-3p","","",""
"ZNF347","0.0273","0.704","0.347","5","hsa-miR-5587-5p","hsa-miR-3155b","hsa-miR-4647","hsa-miR-4722-3p","hsa-miR-520d-3p",""
"ZNF394","0.0220","0.704","0.329","5","hsa-miR-7703","hsa-miR-6895-3p","hsa-miR-6715b-5p","hsa-miR-5582-5p","hsa-miR-512-5p",""
"ZNF417","0.367","0.704","0.718","3","hsa-miR-7703","hsa-miR-3130-3p","hsa-miR-922","","",""
"ZNF445","0.0179","0.704","0.189","3","hsa-miR-7703","hsa-miR-6802-3p","hsa-miR-371b-5p","","",""
"ZNF446","0.193","0.704","0.404","2","hsa-miR-520d-3p","hsa-miR-371b-5p","","","",""
"ZNF451","0.125","0.704","0.485","4","hsa-miR-6815-5p","hsa-miR-512-5p","hsa-miR-4474-3p","hsa-miR-371b-5p","",""
"ZNF460","0.352","0.704","0.806","6","hsa-miR-922","hsa-miR-7151-5p","hsa-miR-3130-3p","hsa-miR-7703","hsa-miR-1225-3p","hsa-miR-6715b-5p"
"ZNF487","0.193","0.704","0.404","2","hsa-miR-4722-3p","hsa-miR-371b-5p","","","",""
"ZNF543","0.104","0.704","0.276","2","hsa-miR-4474-3p","hsa-miR-7703","","","",""
"ZNF551","0.273","0.704","0.512","2","hsa-miR-3155b","hsa-miR-4722-3p","","","",""
"ZNF554","0.104","0.704","0.382","3","hsa-miR-371b-5p","hsa-miR-520d-3p","hsa-miR-4722-3p","","",""
"ZNF556","0.454","0.704","0.761","2","hsa-miR-4722-3p","hsa-miR-7703","","","",""
"ZNF585B","0.0278","0.704","0.293","4","hsa-miR-139-3p","hsa-miR-1225-3p","hsa-miR-4647","hsa-miR-512-5p","",""
"ZNF609","0.343","0.704","0.606","2","hsa-miR-378c","hsa-miR-7854-3p","","","",""
"ZNF621","0.278","0.704","0.518","2","hsa-miR-5587-5p","hsa-miR-3155b","","","",""
"ZNF623","0.328","0.704","0.586","2","hsa-miR-937-5p","hsa-miR-4722-3p","","","",""
"ZNF641","0.102","0.704","0.377","3","hsa-miR-7854-3p","hsa-miR-922","hsa-miR-7703","","",""
"ZNF662","0.0436","0.704","0.168","2","hsa-miR-5587-5p","hsa-miR-6895-3p","","","",""
"ZNF678","0.417","0.704","0.707","2","hsa-miR-5582-5p","hsa-miR-4474-3p","","","",""
"ZNF682","0.298","0.704","0.545","2","hsa-miR-520d-3p","hsa-miR-4722-3p","","","",""
"ZNF689","0.208","0.704","0.424","2","hsa-miR-4722-3p","hsa-miR-6734-3p","","","",""
"ZNF699","0.0709","0.704","0.323","3","hsa-miR-4462","hsa-miR-512-5p","hsa-miR-7703","","",""
"ZNF704","0.323","0.704","0.579","2","hsa-miR-3155b","hsa-miR-5582-5p","","","",""
"ZNF711","0.248","0.704","0.478","2","hsa-miR-548h-5p","hsa-miR-4803","","","",""
"ZNF724","0.248","0.704","0.478","2","hsa-miR-548h-5p","hsa-miR-512-5p","","","",""
"ZNF785","0.198","0.704","0.411","2","hsa-miR-6802-3p","hsa-miR-520d-3p","","","",""
"ZNF786","0.298","0.704","0.545","2","hsa-miR-4722-3p","hsa-miR-520d-3p","","","",""
"ZNF8","0.253","0.704","0.485","2","hsa-miR-5587-5p","hsa-miR-3155b","","","",""
"ZNF84","0.0535","0.704","0.189","2","hsa-miR-4803","hsa-miR-7703","","","",""
"ZNF844","0.268","0.704","0.505","2","hsa-miR-4722-3p","hsa-miR-7703","","","",""
"ZNF860","0.223","0.704","0.444","2","hsa-miR-371b-5p","hsa-miR-4722-3p","","","",""
"ZNF865","0.0535","0.704","0.189","2","hsa-miR-4722-3p","hsa-miR-6715b-5p","","","",""
"ZNRF3","0.193","0.704","0.404","2","hsa-miR-7703","hsa-miR-7854-3p","","","",""
"ZWINT","0.143","0.704","0.440","3","hsa-miR-548h-5p","hsa-miR-5582-5p","hsa-miR-4722-3p","","",""
"ZYG11A","0.412","0.704","0.700","2","hsa-miR-7703","hsa-miR-520d-3p","","","",""
"FOXK1","0.467","0.705","0.872","4","hsa-miR-548h-5p","hsa-miR-520d-3p","hsa-miR-134-3p","hsa-miR-6715b-5p","",""
"TRAPPC2","0.464","0.705","0.774","2","hsa-miR-7703","hsa-miR-7854-3p","","","",""
"TRIM65","0.464","0.705","0.774","2","hsa-miR-7854-3p","hsa-miR-520d-3p","","","",""
"KPNA6","0.468","0.706","0.781","2","hsa-miR-4722-3p","hsa-miR-520d-3p","","","",""
"PTPN14","0.468","0.706","0.781","2","hsa-miR-5582-5p","hsa-miR-6734-3p","","","",""
"UGGT1","0.468","0.706","0.781","2","hsa-miR-7703","hsa-miR-512-5p","","","",""
"PGM2L1","0.473","0.706","0.788","2","hsa-miR-4722-3p","hsa-miR-29b-1-5p","","","",""
"SGTB","0.473","0.706","0.788","2","hsa-miR-371b-5p","hsa-miR-520d-3p","","","",""
"UHMK1","0.473","0.706","0.788","2","hsa-miR-105-3p","hsa-miR-548h-5p","","","",""
"CAPZA1","0.495","0.706","0.821","2","hsa-miR-548h-5p","hsa-miR-4722-3p","","","",""
"CRCP","0.492","0.706","0.871","3","hsa-miR-520d-3p","hsa-miR-4722-3p","hsa-miR-7854-3p","","",""
"FAM83F","0.495","0.706","0.821","2","hsa-miR-7703","hsa-miR-6734-3p","","","",""
"GPRC5A","0.491","0.706","0.815","2","hsa-miR-6734-3p","hsa-miR-6815-5p","","","",""
"HS3ST1","0.491","0.706","0.815","2","hsa-miR-4722-3p","hsa-miR-520d-3p","","","",""
"ICOSLG","0.482","0.706","0.801","2","hsa-miR-937-5p","hsa-miR-6895-3p","","","",""
"LAX1","0.482","0.706","0.801","2","hsa-miR-4722-3p","hsa-miR-7703","","","",""
"MTHFD2","0.491","0.706","0.815","2","hsa-miR-548h-5p","hsa-miR-922","","","",""
"MYC","0.495","0.706","0.821","2","hsa-miR-4647","hsa-miR-512-5p","","","",""
"NFIC","0.488","0.706","0.896","4","hsa-miR-4727-5p","hsa-miR-1205","hsa-miR-3975","hsa-miR-6815-5p","",""
"PHLDA3","0.477","0.706","0.795","2","hsa-miR-4722-3p","hsa-miR-371b-5p","","","",""
"SON","0.491","0.706","0.815","2","hsa-miR-218-2-3p","hsa-miR-520d-3p","","","",""
"TFDP2","0.491","0.706","0.815","2","hsa-miR-7703","hsa-miR-371b-5p","","","",""
"TIAL1","0.491","0.706","0.815","2","hsa-miR-512-5p","hsa-miR-6895-3p","","","",""
"TMOD3","0.491","0.706","0.815","2","hsa-miR-4722-3p","hsa-miR-520d-3p","","","",""
"TNPO1","0.491","0.706","0.815","2","hsa-miR-4647","hsa-miR-7703","","","",""
"TRUB2","0.486","0.706","0.808","2","hsa-miR-922","hsa-miR-6895-3p","","","",""
"TUBB2A","0.488","0.706","0.866","3","hsa-miR-7854-3p","hsa-miR-371b-5p","hsa-miR-4803","","",""
"ZNF573","0.491","0.706","0.815","2","hsa-miR-4722-3p","hsa-miR-937-5p","","","",""
"PARD6B","0.499","0.709","0.828","2","hsa-miR-6715b-5p","hsa-miR-371b-5p","","","",""
"KLHDC10","0.504","0.710","0.835","2","hsa-miR-7703","hsa-miR-520d-3p","","","",""
"SIX4","0.504","0.710","0.835","2","hsa-miR-7703","hsa-miR-548h-5p","","","",""
"GRPEL2","0.508","0.711","0.842","2","hsa-miR-548h-5p","hsa-miR-4803","","","",""
"IRGQ","0.508","0.711","0.842","2","hsa-miR-7703","hsa-miR-6895-3p","","","",""
"LPP","0.508","0.711","0.842","2","hsa-miR-371b-5p","hsa-miR-4647","","","",""
"ZNF207","0.508","0.711","0.842","2","hsa-miR-548h-5p","hsa-miR-6734-3p","","","",""
"DR1","0.517","0.712","0.855","2","hsa-miR-548h-5p","hsa-miR-512-5p","","","",""
"SESN3","0.513","0.712","0.848","2","hsa-miR-5587-5p","hsa-miR-218-2-3p","","","",""
"YOD1","0.516","0.712","0.902","3","hsa-miR-548h-5p","hsa-miR-520d-3p","hsa-miR-218-2-3p","","",""
"ZNF385A","0.521","0.712","0.862","2","hsa-miR-520d-3p","hsa-miR-3975","","","",""
"MDM2","0.523","0.712","0.911","3","hsa-miR-6715b-5p","hsa-miR-7703","hsa-miR-1225-3p","","",""
"ARL5B","0.530","0.713","0.875","2","hsa-miR-7151-5p","hsa-miR-29b-1-5p","","","",""
"CRKL","0.525","0.713","0.869","2","hsa-miR-922","hsa-miR-1205","","","",""
"SETD5","0.530","0.713","0.875","2","hsa-miR-218-2-3p","hsa-miR-139-3p","","","",""
"TP53","0.530","0.713","0.875","2","hsa-miR-937-5p","hsa-miR-1225-3p","","","",""
"ZBTB34","0.525","0.713","0.869","2","hsa-miR-520d-3p","hsa-miR-134-3p","","","",""
"ZNF566","0.525","0.713","0.869","2","hsa-miR-4722-3p","hsa-miR-7703","","","",""
"AMD1","0.534","0.713","0.882","2","hsa-miR-6895-3p","hsa-miR-7703","","","",""
"NFIX","0.534","0.713","0.882","2","hsa-miR-5582-5p","hsa-miR-139-3p","","","",""
"ZNF426","0.534","0.713","0.882","2","hsa-miR-371b-5p","hsa-miR-520d-3p","","","",""
"E2F3","0.546","0.713","0.902","2","hsa-miR-660-5p","hsa-miR-139-3p","","","",""
"LZIC","0.551","0.713","0.909","2","hsa-miR-29b-1-5p","hsa-miR-371b-5p","","","",""
"NAA50","0.538","0.713","0.889","2","hsa-miR-5587-5p","hsa-miR-371b-5p","","","",""
"RBM28","0.538","0.713","0.889","2","hsa-miR-4462","hsa-miR-7703","","","",""
"RCC2","0.551","0.713","0.909","2","hsa-miR-548h-5p","hsa-miR-378c","","","",""
"SKI","0.547","0.713","0.943","3","hsa-miR-4462","hsa-miR-1205","hsa-miR-371b-5p","","",""
"SRCAP","0.551","0.713","0.909","2","hsa-miR-371b-5p","hsa-miR-520d-3p","","","",""
"ZNF708","0.538","0.713","0.889","2","hsa-miR-4647","hsa-miR-6895-3p","","","",""
"BACH1","0.579","0.714","0.956","2","hsa-miR-520d-3p","hsa-miR-548h-5p","","","",""
"CNKSR3","0.567","0.714","0.936","2","hsa-miR-520d-3p","hsa-miR-5587-5p","","","",""
"FAM126B","0.575","0.714","0.949","2","hsa-miR-7703","hsa-miR-6802-3p","","","",""
"HNRNPA1","0.571","0.714","0.943","2","hsa-miR-660-5p","hsa-miR-4722-3p","","","",""
"HSPA4L","0.575","0.714","0.949","2","hsa-miR-937-5p","hsa-miR-520d-3p","","","",""
"MIDN","0.573","0.714","0.979","3","hsa-miR-6715b-5p","hsa-miR-7854-3p","hsa-miR-3130-3p","","",""
"PRRC2B","0.579","0.714","0.956","2","hsa-miR-4474-3p","hsa-miR-3975","","","",""
"SMG1","0.563","0.714","0.929","2","hsa-miR-548h-5p","hsa-miR-4647","","","",""
"SP1","0.579","0.714","0.956","2","hsa-miR-922","hsa-miR-5582-5p","","","",""
"ZNF70","0.583","0.715","0.963","2","hsa-miR-4722-3p","hsa-miR-520d-3p","","","",""
"AGO2","0.588","0.716","1.01","4","hsa-miR-548h-5p","hsa-miR-937-5p","hsa-miR-5582-5p","hsa-miR-4803","",""
"SUGT1","0.590","0.716","0.976","2","hsa-miR-3130-3p","hsa-miR-371b-5p","","","",""
"TMEM189-UBE2V1","0.590","0.716","0.976","2","hsa-miR-922","hsa-miR-218-2-3p","","","",""
"UBE2V1","0.586","0.716","0.970","2","hsa-miR-922","hsa-miR-218-2-3p","","","",""
"ZMAT3","0.590","0.716","0.976","2","hsa-miR-371b-5p","hsa-miR-520d-3p","","","",""
"CDKN1B","0.594","0.718","0.983","2","hsa-miR-6734-3p","hsa-miR-7151-5p","","","",""
"HIC2","0.594","0.718","0.983","2","hsa-miR-6815-5p","hsa-miR-7854-3p","","","",""
"TMEM189","0.594","0.718","0.983","2","hsa-miR-922","hsa-miR-218-2-3p","","","",""
"MYPN","0.598","0.719","0.990","2","hsa-miR-520d-3p","hsa-miR-7703","","","",""
"CREBRF","0.609","0.720","1.01","2","hsa-miR-520d-3p","hsa-miR-5582-5p","","","",""
"TRIM72","0.609","0.720","1.01","2","hsa-miR-4647","hsa-miR-4722-3p","","","",""
"IFNLR1","0.613","0.721","1.02","2","hsa-miR-4647","hsa-miR-7703","","","",""
"SLC35F6","0.638","0.729","1.06","2","hsa-miR-1205","hsa-miR-520d-3p","","","",""
"XIAP","0.635","0.729","1.07","3","hsa-miR-4803","hsa-miR-548h-5p","hsa-miR-6895-3p","","",""
"GABPB1","0.652","0.738","1.09","2","hsa-miR-520d-3p","hsa-miR-371b-5p","","","",""
"RPRD2","0.652","0.738","1.09","2","hsa-miR-520d-3p","hsa-miR-6815-5p","","","",""
"STK4","0.652","0.738","1.09","2","hsa-miR-6815-5p","hsa-miR-7703","","","",""
"IGF1R","0.655","0.739","1.10","3","hsa-miR-7151-5p","hsa-miR-520d-3p","hsa-miR-4727-5p","","",""
"SF3B3","0.656","0.739","1.10","2","hsa-miR-6815-5p","hsa-miR-520d-3p","","","",""
"KIAA1551","0.659","0.740","1.10","2","hsa-miR-520d-3p","hsa-miR-4647","","","",""
"CRK","0.672","0.744","1.13","2","hsa-miR-520d-3p","hsa-miR-512-5p","","","",""
"GIGYF1","0.672","0.744","1.13","3","hsa-miR-6734-3p","hsa-miR-520d-3p","hsa-miR-6802-3p","","",""
"HMGB1","0.682","0.747","1.15","2","hsa-miR-520d-3p","hsa-miR-4722-3p","","","",""
"DCAF7","0.691","0.752","1.17","2","hsa-miR-6715b-5p","hsa-miR-3155b","","","",""
"NACC2","0.701","0.757","1.19","2","hsa-miR-548h-5p","hsa-miR-7854-3p","","","",""
"PEX26","0.704","0.758","1.20","2","hsa-miR-134-3p","hsa-miR-4722-3p","","","",""
"PURB","0.704","0.758","1.20","2","hsa-miR-4722-3p","hsa-miR-1225-3p","","","",""
"ASB16","0.710","0.762","1.21","2","hsa-miR-4722-3p","hsa-miR-520d-3p","","","",""
"AGO3","0.716","0.764","1.23","2","hsa-miR-520d-3p","hsa-miR-4727-5p","","","",""
"WEE1","0.716","0.764","1.23","2","hsa-miR-520d-3p","hsa-miR-4647","","","",""
"ABI2","0.733","0.776","1.27","2","hsa-miR-520d-3p","hsa-miR-134-3p","","","",""
"TNRC6A","0.733","0.776","1.27","2","hsa-miR-371b-5p","hsa-miR-922","","","",""
"MKNK2","0.752","0.787","1.31","2","hsa-miR-520d-3p","hsa-miR-1225-3p","","","",""
"CNBP","0.757","0.789","1.33","2","hsa-miR-7703","hsa-miR-7854-3p","","","",""
"DNAJC10","0.757","0.789","1.33","2","hsa-miR-520d-3p","hsa-miR-1225-3p","","","",""
"GATA6","0.781","0.808","1.39","2","hsa-miR-7703","hsa-miR-520d-3p","","","",""
"LINC00598","0.786","0.811","1.41","2","hsa-miR-4727-5p","hsa-miR-520d-3p","","","",""
"GDE1","0.832","0.845","1.56","2","hsa-miR-371b-5p","hsa-miR-548h-5p","","","",""
"ZNF264","0.839","0.852","1.58","2","hsa-miR-520d-3p","hsa-miR-7703","","","",""
"CDKN1A","0.842","0.854","1.49","3","hsa-miR-371b-5p","hsa-miR-6815-5p","hsa-miR-512-5p","","",""
"BTG2","0.860","0.869","1.66","2","hsa-miR-4803","hsa-miR-937-5p","","","",""
"CCND1","0.866","0.874","1.69","2","hsa-miR-5587-5p","hsa-miR-4803","","","",""
"SOD2","0.875","0.882","1.73","2","hsa-miR-4803","hsa-miR-3130-3p","","","",""
"NACC1","0.895","0.900","1.83","2","hsa-miR-218-2-3p","hsa-miR-6815-5p","","","",""